
=== superposition_width_sweep_long.py run started 2026-08-18T17:48:02.518499 ===
WIDTHS=[5, 10, 20, 40, 80] BASE_N_STEPS=16000 MAX_N_STEPS=300000 DENSITY=0.05 LR=0.02
--- hidden_width=5 n_features=20 n_steps=16000 decay=0.9000 baseline=0.0782 ---
  hw=  5 float_adam   step=      0/16000 current=0.2249 best=0.2249 elapsed=0.0s
  hw=  5 float_adam   step=    260/16000 current=0.0895 best=0.0895 elapsed=0.2s
  hw=  5 float_adam   step=    520/16000 current=0.0640 best=0.0628 elapsed=0.4s
  hw=  5 float_adam   step=    780/16000 current=0.0709 best=0.0626 elapsed=0.6s
  hw=  5 float_adam   step=   1040/16000 current=0.0651 best=0.0535 elapsed=0.8s
  hw=  5 float_adam   step=   1300/16000 current=0.0784 best=0.0535 elapsed=0.9s
  hw=  5 float_adam   step=   1560/16000 current=0.0636 best=0.0535 elapsed=1.1s
  hw=  5 float_adam   step=   1820/16000 current=0.0695 best=0.0535 elapsed=1.3s
  hw=  5 float_adam   step=   2080/16000 current=0.0672 best=0.0535 elapsed=1.5s
  hw=  5 float_adam   step=   2340/16000 current=0.0629 best=0.0535 elapsed=1.7s
  hw=  5 float_adam   step=   2600/16000 current=0.0730 best=0.0535 elapsed=1.8s
  hw=  5 float_adam   step=   2860/16000 current=0.0609 best=0.0535 elapsed=2.0s
  hw=  5 float_adam   step=   3120/16000 current=0.0916 best=0.0535 elapsed=2.2s
  hw=  5 float_adam   step=   3380/16000 current=0.0680 best=0.0535 elapsed=2.4s
  hw=  5 float_adam   step=   3640/16000 current=0.0828 best=0.0535 elapsed=2.5s
  hw=  5 float_adam   step=   3900/16000 current=0.0760 best=0.0535 elapsed=2.7s
  hw=  5 float_adam   step=   4160/16000 current=0.0786 best=0.0535 elapsed=2.9s
  hw=  5 float_adam   step=   4420/16000 current=0.0574 best=0.0535 elapsed=3.1s
  hw=  5 float_adam   step=   4680/16000 current=0.0635 best=0.0535 elapsed=3.3s
  hw=  5 float_adam   step=   4940/16000 current=0.0692 best=0.0520 elapsed=3.5s
  hw=  5 float_adam   step=   5200/16000 current=0.0557 best=0.0520 elapsed=3.7s
  hw=  5 float_adam   step=   5460/16000 current=0.0614 best=0.0520 elapsed=3.8s
  hw=  5 float_adam   step=   5720/16000 current=0.0674 best=0.0520 elapsed=4.0s
  hw=  5 float_adam   step=   5980/16000 current=0.0523 best=0.0520 elapsed=4.2s
  hw=  5 float_adam   step=   6240/16000 current=0.0546 best=0.0520 elapsed=4.4s
  hw=  5 float_adam   step=   6500/16000 current=0.0740 best=0.0520 elapsed=4.5s
  hw=  5 float_adam   step=   6760/16000 current=0.0926 best=0.0520 elapsed=4.7s
  hw=  5 float_adam   step=   7020/16000 current=0.0626 best=0.0520 elapsed=4.9s
  hw=  5 float_adam   step=   7280/16000 current=0.0639 best=0.0520 elapsed=5.1s
  hw=  5 float_adam   step=   7540/16000 current=0.0567 best=0.0512 elapsed=5.2s
  hw=  5 float_adam   step=   7800/16000 current=0.0562 best=0.0512 elapsed=5.4s
  hw=  5 float_adam   step=   8060/16000 current=0.0700 best=0.0512 elapsed=5.6s
  hw=  5 float_adam   step=   8320/16000 current=0.0537 best=0.0512 elapsed=5.8s
  hw=  5 float_adam   step=   8580/16000 current=0.0602 best=0.0512 elapsed=5.9s
  hw=  5 float_adam   step=   8840/16000 current=0.0652 best=0.0512 elapsed=6.1s
  hw=  5 float_adam   step=   9100/16000 current=0.0600 best=0.0512 elapsed=6.3s
  hw=  5 float_adam   step=   9360/16000 current=0.0666 best=0.0512 elapsed=6.4s
  hw=  5 float_adam   step=   9620/16000 current=0.0728 best=0.0512 elapsed=6.6s
  hw=  5 float_adam   step=   9880/16000 current=0.0687 best=0.0512 elapsed=6.8s
  hw=  5 float_adam   step=  10140/16000 current=0.0614 best=0.0512 elapsed=7.0s
  hw=  5 float_adam   step=  10400/16000 current=0.0580 best=0.0512 elapsed=7.2s
  hw=  5 float_adam   step=  10660/16000 current=0.0533 best=0.0512 elapsed=7.4s
  hw=  5 float_adam   step=  10920/16000 current=0.0704 best=0.0512 elapsed=7.5s
  hw=  5 float_adam   step=  11180/16000 current=0.0605 best=0.0512 elapsed=7.7s
  hw=  5 float_adam   step=  11440/16000 current=0.0636 best=0.0512 elapsed=7.9s
  hw=  5 float_adam   step=  11700/16000 current=0.0688 best=0.0512 elapsed=8.1s
  hw=  5 float_adam   step=  11960/16000 current=0.0594 best=0.0512 elapsed=8.3s
  hw=  5 float_adam   step=  12220/16000 current=0.0664 best=0.0512 elapsed=8.4s
  hw=  5 float_adam   step=  12480/16000 current=0.0680 best=0.0512 elapsed=8.6s
  hw=  5 float_adam   step=  12740/16000 current=0.0623 best=0.0512 elapsed=8.8s
  hw=  5 float_adam   step=  13000/16000 current=0.0579 best=0.0512 elapsed=9.0s
  hw=  5 float_adam   step=  13260/16000 current=0.0640 best=0.0512 elapsed=9.1s
  hw=  5 float_adam   step=  13520/16000 current=0.0640 best=0.0512 elapsed=9.3s
  hw=  5 float_adam   step=  13780/16000 current=0.0723 best=0.0512 elapsed=9.5s
  hw=  5 float_adam   step=  14040/16000 current=0.0516 best=0.0512 elapsed=9.7s
  hw=  5 float_adam   step=  14300/16000 current=0.0546 best=0.0508 elapsed=9.8s
  hw=  5 float_adam   step=  14560/16000 current=0.0585 best=0.0501 elapsed=10.0s
  hw=  5 float_adam   step=  14820/16000 current=0.0559 best=0.0501 elapsed=10.2s
  hw=  5 float_adam   step=  15080/16000 current=0.0525 best=0.0501 elapsed=10.4s
  hw=  5 float_adam   step=  15340/16000 current=0.0640 best=0.0495 elapsed=10.5s
  hw=  5 float_adam   step=  15600/16000 current=0.0626 best=0.0495 elapsed=10.7s
  hw=  5 float_adam   step=  15860/16000 current=0.0551 best=0.0495 elapsed=10.9s
  hw=  5 float_adam   step=  16000/16000 current=0.0577 best=0.0495 elapsed=11.0s
  hw=  5 fp4_det      step=      0/16000 current=0.2605 best=0.2605 elapsed=0.0s
  hw=  5 fp4_det      step=    260/16000 current=0.2106 best=0.2106 elapsed=0.2s
  hw=  5 fp4_det      step=    520/16000 current=0.1877 best=0.1877 elapsed=0.4s
  hw=  5 fp4_det      step=    780/16000 current=0.1746 best=0.1746 elapsed=0.6s
  hw=  5 fp4_det      step=   1040/16000 current=0.1677 best=0.1677 elapsed=0.8s
  hw=  5 fp4_det      step=   1300/16000 current=0.1636 best=0.1636 elapsed=0.9s
  hw=  5 fp4_det      step=   1560/16000 current=0.1604 best=0.1604 elapsed=1.1s
  hw=  5 fp4_det      step=   1820/16000 current=0.1587 best=0.1587 elapsed=1.3s
  hw=  5 fp4_det      step=   2080/16000 current=0.1572 best=0.1572 elapsed=1.5s
  hw=  5 fp4_det      step=   2340/16000 current=0.1566 best=0.1566 elapsed=1.6s
  hw=  5 fp4_det      step=   2600/16000 current=0.1560 best=0.1560 elapsed=1.8s
  hw=  5 fp4_det      step=   2860/16000 current=0.1555 best=0.1555 elapsed=2.0s
  hw=  5 fp4_det      step=   3120/16000 current=0.1552 best=0.1551 elapsed=2.2s
  hw=  5 fp4_det      step=   3380/16000 current=0.1547 best=0.1547 elapsed=2.3s
  hw=  5 fp4_det      step=   3640/16000 current=0.1543 best=0.1543 elapsed=2.5s
  hw=  5 fp4_det      step=   3900/16000 current=0.1539 best=0.1539 elapsed=2.7s
  hw=  5 fp4_det      step=   4160/16000 current=0.1537 best=0.1537 elapsed=2.9s
  hw=  5 fp4_det      step=   4420/16000 current=0.1535 best=0.1535 elapsed=3.0s
  hw=  5 fp4_det      step=   4680/16000 current=0.1531 best=0.1531 elapsed=3.2s
  hw=  5 fp4_det      step=   4940/16000 current=0.1530 best=0.1530 elapsed=3.4s
  hw=  5 fp4_det      step=   5200/16000 current=0.1530 best=0.1530 elapsed=3.6s
  hw=  5 fp4_det      step=   5460/16000 current=0.1527 best=0.1527 elapsed=3.8s
  hw=  5 fp4_det      step=   5720/16000 current=0.1526 best=0.1526 elapsed=3.9s
  hw=  5 fp4_det      step=   5980/16000 current=0.1524 best=0.1524 elapsed=4.1s
  hw=  5 fp4_det      step=   6240/16000 current=0.1524 best=0.1524 elapsed=4.3s
  hw=  5 fp4_det      step=   6500/16000 current=0.1523 best=0.1523 elapsed=4.5s
  hw=  5 fp4_det      step=   6760/16000 current=0.1521 best=0.1521 elapsed=4.6s
  hw=  5 fp4_det      step=   7020/16000 current=0.1521 best=0.1520 elapsed=4.8s
  hw=  5 fp4_det      step=   7280/16000 current=0.1519 best=0.1519 elapsed=5.0s
  hw=  5 fp4_det      step=   7540/16000 current=0.1519 best=0.1518 elapsed=5.2s
  hw=  5 fp4_det      step=   7800/16000 current=0.1519 best=0.1518 elapsed=5.4s
  hw=  5 fp4_det      step=   8060/16000 current=0.1516 best=0.1516 elapsed=5.5s
  hw=  5 fp4_det      step=   8320/16000 current=0.1515 best=0.1515 elapsed=5.7s
  hw=  5 fp4_det      step=   8580/16000 current=0.1514 best=0.1514 elapsed=5.9s
  hw=  5 fp4_det      step=   8840/16000 current=0.1513 best=0.1513 elapsed=6.1s
  hw=  5 fp4_det      step=   9100/16000 current=0.1514 best=0.1512 elapsed=6.2s
  hw=  5 fp4_det      step=   9360/16000 current=0.1511 best=0.1511 elapsed=6.4s
  hw=  5 fp4_det      step=   9620/16000 current=0.1514 best=0.1511 elapsed=6.6s
  hw=  5 fp4_det      step=   9880/16000 current=0.1515 best=0.1511 elapsed=6.8s
  hw=  5 fp4_det      step=  10140/16000 current=0.1515 best=0.1511 elapsed=6.9s
  hw=  5 fp4_det      step=  10400/16000 current=0.1516 best=0.1511 elapsed=7.1s
  hw=  5 fp4_det      step=  10660/16000 current=0.1516 best=0.1511 elapsed=7.3s
  hw=  5 fp4_det      step=  10920/16000 current=0.1513 best=0.1511 elapsed=7.5s
  hw=  5 fp4_det      step=  11180/16000 current=0.1511 best=0.1511 elapsed=7.7s
  hw=  5 fp4_det      step=  11440/16000 current=0.1512 best=0.1510 elapsed=7.8s
  hw=  5 fp4_det      step=  11700/16000 current=0.1510 best=0.1510 elapsed=8.0s
  hw=  5 fp4_det      step=  11960/16000 current=0.1507 best=0.1507 elapsed=8.2s
  hw=  5 fp4_det      step=  12220/16000 current=0.1507 best=0.1507 elapsed=8.4s
  hw=  5 fp4_det      step=  12480/16000 current=0.1507 best=0.1507 elapsed=8.5s
  hw=  5 fp4_det      step=  12740/16000 current=0.1507 best=0.1506 elapsed=8.7s
  hw=  5 fp4_det      step=  13000/16000 current=0.1506 best=0.1506 elapsed=8.9s
  hw=  5 fp4_det      step=  13260/16000 current=0.1504 best=0.1504 elapsed=9.1s
  hw=  5 fp4_det      step=  13520/16000 current=0.1504 best=0.1504 elapsed=9.3s
  hw=  5 fp4_det      step=  13780/16000 current=0.1502 best=0.1502 elapsed=9.5s
  hw=  5 fp4_det      step=  14040/16000 current=0.1504 best=0.1502 elapsed=9.6s
  hw=  5 fp4_det      step=  14300/16000 current=0.1501 best=0.1501 elapsed=9.8s
  hw=  5 fp4_det      step=  14560/16000 current=0.1503 best=0.1501 elapsed=10.0s
  hw=  5 fp4_det      step=  14820/16000 current=0.1499 best=0.1499 elapsed=10.2s
  hw=  5 fp4_det      step=  15080/16000 current=0.1498 best=0.1498 elapsed=10.3s
  hw=  5 fp4_det      step=  15340/16000 current=0.1495 best=0.1495 elapsed=10.5s
  hw=  5 fp4_det      step=  15600/16000 current=0.1494 best=0.1494 elapsed=10.7s
  hw=  5 fp4_det      step=  15860/16000 current=0.1493 best=0.1493 elapsed=10.8s
  hw=  5 fp4_det      step=  16000/16000 current=0.1495 best=0.1493 elapsed=10.9s
  hw=  5 fp4_stoch    step=      0/16000 current=0.1555 best=0.1555 elapsed=0.0s
  hw=  5 fp4_stoch    step=    260/16000 current=0.1352 best=0.1352 elapsed=0.2s
  hw=  5 fp4_stoch    step=    520/16000 current=0.1280 best=0.1280 elapsed=0.4s
  hw=  5 fp4_stoch    step=    780/16000 current=0.1236 best=0.1236 elapsed=0.5s
  hw=  5 fp4_stoch    step=   1040/16000 current=0.1189 best=0.1189 elapsed=0.7s
  hw=  5 fp4_stoch    step=   1300/16000 current=0.1159 best=0.1159 elapsed=0.9s
  hw=  5 fp4_stoch    step=   1560/16000 current=0.1156 best=0.1156 elapsed=1.1s
  hw=  5 fp4_stoch    step=   1820/16000 current=0.1106 best=0.1106 elapsed=1.3s
  hw=  5 fp4_stoch    step=   2080/16000 current=0.1101 best=0.1099 elapsed=1.4s
  hw=  5 fp4_stoch    step=   2340/16000 current=0.1085 best=0.1085 elapsed=1.6s
  hw=  5 fp4_stoch    step=   2600/16000 current=0.1075 best=0.1074 elapsed=1.8s
  hw=  5 fp4_stoch    step=   2860/16000 current=0.1074 best=0.1072 elapsed=2.0s
  hw=  5 fp4_stoch    step=   3120/16000 current=0.1070 best=0.1070 elapsed=2.2s
  hw=  5 fp4_stoch    step=   3380/16000 current=0.1057 best=0.1057 elapsed=2.3s
  hw=  5 fp4_stoch    step=   3640/16000 current=0.1068 best=0.1057 elapsed=2.5s
  hw=  5 fp4_stoch    step=   3900/16000 current=0.1070 best=0.1057 elapsed=2.7s
  hw=  5 fp4_stoch    step=   4160/16000 current=0.1061 best=0.1057 elapsed=2.9s
  hw=  5 fp4_stoch    step=   4420/16000 current=0.1055 best=0.1055 elapsed=3.1s
  hw=  5 fp4_stoch    step=   4680/16000 current=0.1052 best=0.1052 elapsed=3.2s
  hw=  5 fp4_stoch    step=   4940/16000 current=0.1039 best=0.1039 elapsed=3.4s
  hw=  5 fp4_stoch    step=   5200/16000 current=0.1040 best=0.1039 elapsed=3.6s
  hw=  5 fp4_stoch    step=   5460/16000 current=0.1041 best=0.1036 elapsed=3.8s
  hw=  5 fp4_stoch    step=   5720/16000 current=0.1030 best=0.1029 elapsed=4.0s
  hw=  5 fp4_stoch    step=   5980/16000 current=0.1014 best=0.1014 elapsed=4.1s
  hw=  5 fp4_stoch    step=   6240/16000 current=0.1009 best=0.1008 elapsed=4.3s
  hw=  5 fp4_stoch    step=   6500/16000 current=0.1002 best=0.1002 elapsed=4.5s
  hw=  5 fp4_stoch    step=   6760/16000 current=0.0998 best=0.0997 elapsed=4.7s
  hw=  5 fp4_stoch    step=   7020/16000 current=0.1010 best=0.0997 elapsed=5.0s
  hw=  5 fp4_stoch    step=   7280/16000 current=0.1002 best=0.0997 elapsed=5.1s
  hw=  5 fp4_stoch    step=   7540/16000 current=0.1004 best=0.0997 elapsed=5.3s
  hw=  5 fp4_stoch    step=   7800/16000 current=0.0999 best=0.0997 elapsed=5.5s
  hw=  5 fp4_stoch    step=   8060/16000 current=0.0997 best=0.0997 elapsed=5.7s
  hw=  5 fp4_stoch    step=   8320/16000 current=0.1011 best=0.0997 elapsed=5.8s
  hw=  5 fp4_stoch    step=   8580/16000 current=0.1003 best=0.0997 elapsed=6.0s
  hw=  5 fp4_stoch    step=   8840/16000 current=0.0988 best=0.0988 elapsed=6.2s
  hw=  5 fp4_stoch    step=   9100/16000 current=0.0983 best=0.0981 elapsed=6.4s
  hw=  5 fp4_stoch    step=   9360/16000 current=0.0977 best=0.0977 elapsed=6.5s
  hw=  5 fp4_stoch    step=   9620/16000 current=0.0974 best=0.0974 elapsed=6.7s
  hw=  5 fp4_stoch    step=   9880/16000 current=0.0967 best=0.0967 elapsed=6.9s
  hw=  5 fp4_stoch    step=  10140/16000 current=0.0960 best=0.0960 elapsed=7.1s
  hw=  5 fp4_stoch    step=  10400/16000 current=0.0951 best=0.0951 elapsed=7.3s
  hw=  5 fp4_stoch    step=  10660/16000 current=0.0948 best=0.0946 elapsed=7.5s
  hw=  5 fp4_stoch    step=  10920/16000 current=0.0945 best=0.0942 elapsed=7.6s
  hw=  5 fp4_stoch    step=  11180/16000 current=0.0951 best=0.0942 elapsed=7.8s
  hw=  5 fp4_stoch    step=  11440/16000 current=0.0950 best=0.0942 elapsed=8.0s
  hw=  5 fp4_stoch    step=  11700/16000 current=0.0936 best=0.0936 elapsed=8.2s
  hw=  5 fp4_stoch    step=  11960/16000 current=0.0929 best=0.0929 elapsed=8.4s
  hw=  5 fp4_stoch    step=  12220/16000 current=0.0919 best=0.0919 elapsed=8.5s
  hw=  5 fp4_stoch    step=  12480/16000 current=0.0927 best=0.0919 elapsed=8.7s
  hw=  5 fp4_stoch    step=  12740/16000 current=0.0916 best=0.0916 elapsed=8.9s
  hw=  5 fp4_stoch    step=  13000/16000 current=0.0905 best=0.0904 elapsed=9.1s
  hw=  5 fp4_stoch    step=  13260/16000 current=0.0900 best=0.0899 elapsed=9.2s
  hw=  5 fp4_stoch    step=  13520/16000 current=0.0896 best=0.0896 elapsed=9.4s
  hw=  5 fp4_stoch    step=  13780/16000 current=0.0903 best=0.0890 elapsed=9.6s
  hw=  5 fp4_stoch    step=  14040/16000 current=0.0902 best=0.0890 elapsed=9.8s
  hw=  5 fp4_stoch    step=  14300/16000 current=0.0887 best=0.0887 elapsed=10.0s
  hw=  5 fp4_stoch    step=  14560/16000 current=0.0877 best=0.0877 elapsed=10.2s
  hw=  5 fp4_stoch    step=  14820/16000 current=0.0881 best=0.0873 elapsed=10.4s
  hw=  5 fp4_stoch    step=  15080/16000 current=0.0877 best=0.0873 elapsed=10.5s
  hw=  5 fp4_stoch    step=  15340/16000 current=0.0868 best=0.0868 elapsed=10.7s
  hw=  5 fp4_stoch    step=  15600/16000 current=0.0866 best=0.0865 elapsed=10.9s
  hw=  5 fp4_stoch    step=  15860/16000 current=0.0861 best=0.0861 elapsed=11.1s
  hw=  5 fp4_stoch    step=  16000/16000 current=0.0862 best=0.0861 elapsed=11.2s
  hw=  5 fp32         step=      0/16000 current=0.1367 best=0.1367 elapsed=0.0s
  hw=  5 fp32         step=    260/16000 current=0.0955 best=0.0955 elapsed=0.2s
  hw=  5 fp32         step=    520/16000 current=0.0848 best=0.0848 elapsed=0.3s
  hw=  5 fp32         step=    780/16000 current=0.0762 best=0.0762 elapsed=0.5s
  hw=  5 fp32         step=   1040/16000 current=0.0705 best=0.0705 elapsed=0.7s
  hw=  5 fp32         step=   1300/16000 current=0.0678 best=0.0678 elapsed=0.9s
  hw=  5 fp32         step=   1560/16000 current=0.0655 best=0.0655 elapsed=1.1s
  hw=  5 fp32         step=   1820/16000 current=0.0635 best=0.0635 elapsed=1.2s
  hw=  5 fp32         step=   2080/16000 current=0.0625 best=0.0625 elapsed=1.4s
  hw=  5 fp32         step=   2340/16000 current=0.0619 best=0.0617 elapsed=1.6s
  hw=  5 fp32         step=   2600/16000 current=0.0608 best=0.0608 elapsed=1.7s
  hw=  5 fp32         step=   2860/16000 current=0.0593 best=0.0592 elapsed=1.9s
  hw=  5 fp32         step=   3120/16000 current=0.0583 best=0.0583 elapsed=2.1s
  hw=  5 fp32         step=   3380/16000 current=0.0580 best=0.0580 elapsed=2.2s
  hw=  5 fp32         step=   3640/16000 current=0.0571 best=0.0570 elapsed=2.4s
  hw=  5 fp32         step=   3900/16000 current=0.0569 best=0.0566 elapsed=2.6s
  hw=  5 fp32         step=   4160/16000 current=0.0565 best=0.0562 elapsed=2.8s
  hw=  5 fp32         step=   4420/16000 current=0.0553 best=0.0553 elapsed=2.9s
  hw=  5 fp32         step=   4680/16000 current=0.0547 best=0.0547 elapsed=3.1s
  hw=  5 fp32         step=   4940/16000 current=0.0544 best=0.0543 elapsed=3.3s
  hw=  5 fp32         step=   5200/16000 current=0.0541 best=0.0541 elapsed=3.4s
  hw=  5 fp32         step=   5460/16000 current=0.0543 best=0.0541 elapsed=3.6s
  hw=  5 fp32         step=   5720/16000 current=0.0540 best=0.0540 elapsed=3.8s
  hw=  5 fp32         step=   5980/16000 current=0.0539 best=0.0539 elapsed=4.0s
  hw=  5 fp32         step=   6240/16000 current=0.0538 best=0.0538 elapsed=4.1s
  hw=  5 fp32         step=   6500/16000 current=0.0541 best=0.0538 elapsed=4.3s
  hw=  5 fp32         step=   6760/16000 current=0.0540 best=0.0538 elapsed=4.5s
  hw=  5 fp32         step=   7020/16000 current=0.0542 best=0.0538 elapsed=4.6s
  hw=  5 fp32         step=   7280/16000 current=0.0542 best=0.0538 elapsed=4.8s
  hw=  5 fp32         step=   7540/16000 current=0.0538 best=0.0537 elapsed=5.0s
  hw=  5 fp32         step=   7800/16000 current=0.0541 best=0.0537 elapsed=5.2s
  hw=  5 fp32         step=   8060/16000 current=0.0541 best=0.0537 elapsed=5.3s
  hw=  5 fp32         step=   8320/16000 current=0.0537 best=0.0534 elapsed=5.5s
  hw=  5 fp32         step=   8580/16000 current=0.0535 best=0.0534 elapsed=5.7s
  hw=  5 fp32         step=   8840/16000 current=0.0532 best=0.0532 elapsed=5.8s
  hw=  5 fp32         step=   9100/16000 current=0.0530 best=0.0530 elapsed=6.0s
  hw=  5 fp32         step=   9360/16000 current=0.0531 best=0.0529 elapsed=6.2s
  hw=  5 fp32         step=   9620/16000 current=0.0533 best=0.0529 elapsed=6.4s
  hw=  5 fp32         step=   9880/16000 current=0.0530 best=0.0528 elapsed=6.5s
  hw=  5 fp32         step=  10140/16000 current=0.0527 best=0.0527 elapsed=6.7s
  hw=  5 fp32         step=  10400/16000 current=0.0526 best=0.0526 elapsed=6.8s
  hw=  5 fp32         step=  10660/16000 current=0.0522 best=0.0521 elapsed=7.0s
  hw=  5 fp32         step=  10920/16000 current=0.0524 best=0.0521 elapsed=7.2s
  hw=  5 fp32         step=  11180/16000 current=0.0541 best=0.0521 elapsed=7.4s
  hw=  5 fp32         step=  11440/16000 current=0.0523 best=0.0521 elapsed=7.5s
  hw=  5 fp32         step=  11700/16000 current=0.0520 best=0.0519 elapsed=7.7s
  hw=  5 fp32         step=  11960/16000 current=0.0520 best=0.0519 elapsed=7.9s
  hw=  5 fp32         step=  12220/16000 current=0.0519 best=0.0518 elapsed=8.0s
  hw=  5 fp32         step=  12480/16000 current=0.0519 best=0.0518 elapsed=8.2s
  hw=  5 fp32         step=  12740/16000 current=0.0541 best=0.0518 elapsed=8.4s
  hw=  5 fp32         step=  13000/16000 current=0.0525 best=0.0518 elapsed=8.6s
  hw=  5 fp32         step=  13260/16000 current=0.0521 best=0.0518 elapsed=8.8s
  hw=  5 fp32         step=  13520/16000 current=0.0524 best=0.0518 elapsed=8.9s
  hw=  5 fp32         step=  13780/16000 current=0.0520 best=0.0518 elapsed=9.1s
  hw=  5 fp32         step=  14040/16000 current=0.0657 best=0.0514 elapsed=9.3s
  hw=  5 fp32         step=  14300/16000 current=0.0517 best=0.0514 elapsed=9.5s
  hw=  5 fp32         step=  14560/16000 current=0.0518 best=0.0514 elapsed=9.7s
  hw=  5 fp32         step=  14820/16000 current=0.0523 best=0.0514 elapsed=9.8s
  hw=  5 fp32         step=  15080/16000 current=0.0528 best=0.0514 elapsed=10.0s
  hw=  5 fp32         step=  15340/16000 current=0.0529 best=0.0514 elapsed=10.2s
  hw=  5 fp32         step=  15600/16000 current=0.0531 best=0.0514 elapsed=10.3s
  hw=  5 fp32         step=  15860/16000 current=0.0531 best=0.0514 elapsed=10.5s
  hw=  5 fp32         step=  16000/16000 current=0.0526 best=0.0514 elapsed=10.6s
--- hidden_width=5 DONE in 43.7s: baseline=0.0782 float_adam=0.0495 fp4_det=0.1493 fp4_stoch=0.0861 fp32=0.0514 ---
--- hidden_width=10 n_features=40 n_steps=32000 decay=0.9487 baseline=0.1523 ---
  hw= 10 float_adam   step=      0/32000 current=0.3716 best=0.3716 elapsed=0.0s
  hw= 10 float_adam   step=    520/32000 current=0.2182 best=0.1860 elapsed=0.4s
  hw= 10 float_adam   step=   1040/32000 current=0.2400 best=0.1702 elapsed=0.8s
  hw= 10 float_adam   step=   1560/32000 current=0.2049 best=0.1702 elapsed=1.2s
  hw= 10 float_adam   step=   2080/32000 current=0.2030 best=0.1702 elapsed=1.5s
  hw= 10 float_adam   step=   2600/32000 current=0.2198 best=0.1702 elapsed=2.0s
  hw= 10 float_adam   step=   3120/32000 current=0.2129 best=0.1702 elapsed=2.3s
  hw= 10 float_adam   step=   3640/32000 current=0.2403 best=0.1702 elapsed=2.7s
  hw= 10 float_adam   step=   4160/32000 current=0.2241 best=0.1702 elapsed=3.1s
  hw= 10 float_adam   step=   4680/32000 current=0.2346 best=0.1702 elapsed=3.5s
  hw= 10 float_adam   step=   5200/32000 current=0.2410 best=0.1702 elapsed=3.8s
  hw= 10 float_adam   step=   5720/32000 current=0.2315 best=0.1702 elapsed=4.2s
  hw= 10 float_adam   step=   6240/32000 current=0.2208 best=0.1702 elapsed=4.6s
  hw= 10 float_adam   step=   6760/32000 current=0.2287 best=0.1702 elapsed=5.0s
  hw= 10 float_adam   step=   7280/32000 current=0.2526 best=0.1702 elapsed=5.3s
  hw= 10 float_adam   step=   7800/32000 current=0.2430 best=0.1702 elapsed=5.7s
  hw= 10 float_adam   step=   8320/32000 current=0.2448 best=0.1702 elapsed=6.1s
  hw= 10 float_adam   step=   8840/32000 current=0.2388 best=0.1702 elapsed=6.4s
  hw= 10 float_adam   step=   9360/32000 current=0.3163 best=0.1702 elapsed=6.8s
  hw= 10 float_adam   step=   9880/32000 current=0.2451 best=0.1702 elapsed=7.2s
  hw= 10 float_adam   step=  10400/32000 current=0.2796 best=0.1702 elapsed=7.5s
  hw= 10 float_adam   step=  10920/32000 current=0.2611 best=0.1702 elapsed=7.9s
  hw= 10 float_adam   step=  11440/32000 current=0.2622 best=0.1702 elapsed=8.3s
  hw= 10 float_adam   step=  11960/32000 current=0.2608 best=0.1702 elapsed=8.7s
  hw= 10 float_adam   step=  12480/32000 current=0.2970 best=0.1702 elapsed=9.0s
  hw= 10 float_adam   step=  13000/32000 current=0.2808 best=0.1702 elapsed=9.4s
  hw= 10 float_adam   step=  13520/32000 current=0.2924 best=0.1702 elapsed=9.7s
  hw= 10 float_adam   step=  14040/32000 current=0.2670 best=0.1702 elapsed=10.1s
  hw= 10 float_adam   step=  14560/32000 current=0.2673 best=0.1702 elapsed=10.4s
  hw= 10 float_adam   step=  15080/32000 current=0.2742 best=0.1702 elapsed=10.8s
  hw= 10 float_adam   step=  15600/32000 current=0.2659 best=0.1702 elapsed=11.2s
  hw= 10 float_adam   step=  16120/32000 current=0.2611 best=0.1702 elapsed=11.6s
  hw= 10 float_adam   step=  16640/32000 current=0.2634 best=0.1702 elapsed=12.0s
  hw= 10 float_adam   step=  17160/32000 current=0.2781 best=0.1702 elapsed=12.4s
  hw= 10 float_adam   step=  17680/32000 current=0.2801 best=0.1702 elapsed=12.8s
  hw= 10 float_adam   step=  18200/32000 current=0.2898 best=0.1702 elapsed=13.2s
  hw= 10 float_adam   step=  18720/32000 current=0.2912 best=0.1702 elapsed=13.6s
  hw= 10 float_adam   step=  19240/32000 current=0.2734 best=0.1702 elapsed=14.0s
  hw= 10 float_adam   step=  19760/32000 current=0.4616 best=0.1702 elapsed=14.4s
  hw= 10 float_adam   step=  20280/32000 current=0.2793 best=0.1702 elapsed=14.7s
  hw= 10 float_adam   step=  20800/32000 current=0.2824 best=0.1702 elapsed=15.1s
  hw= 10 float_adam   step=  21320/32000 current=0.2622 best=0.1702 elapsed=15.4s
  hw= 10 float_adam   step=  21840/32000 current=0.2963 best=0.1702 elapsed=15.8s
  hw= 10 float_adam   step=  22360/32000 current=0.2872 best=0.1702 elapsed=16.2s
  hw= 10 float_adam   step=  22880/32000 current=0.2833 best=0.1702 elapsed=16.5s
  hw= 10 float_adam   step=  23400/32000 current=0.2868 best=0.1702 elapsed=16.9s
  hw= 10 float_adam   step=  23920/32000 current=0.2923 best=0.1702 elapsed=17.2s
  hw= 10 float_adam   step=  24440/32000 current=0.2737 best=0.1702 elapsed=17.6s
  hw= 10 float_adam   step=  24960/32000 current=0.2747 best=0.1702 elapsed=18.0s
  hw= 10 float_adam   step=  25480/32000 current=0.2814 best=0.1702 elapsed=18.4s
  hw= 10 float_adam   step=  26000/32000 current=0.2821 best=0.1702 elapsed=18.7s
  hw= 10 float_adam   step=  26520/32000 current=0.2666 best=0.1702 elapsed=19.1s
  hw= 10 float_adam   step=  27040/32000 current=0.2793 best=0.1702 elapsed=19.5s
  hw= 10 float_adam   step=  27560/32000 current=0.2777 best=0.1702 elapsed=19.8s
  hw= 10 float_adam   step=  28080/32000 current=0.2993 best=0.1702 elapsed=20.2s
  hw= 10 float_adam   step=  28600/32000 current=0.2838 best=0.1702 elapsed=20.5s
  hw= 10 float_adam   step=  29120/32000 current=0.2905 best=0.1702 elapsed=20.9s
  hw= 10 float_adam   step=  29640/32000 current=0.2828 best=0.1702 elapsed=21.2s
  hw= 10 float_adam   step=  30160/32000 current=0.2874 best=0.1702 elapsed=21.6s
  hw= 10 float_adam   step=  30680/32000 current=0.3121 best=0.1702 elapsed=22.0s
  hw= 10 float_adam   step=  31200/32000 current=0.2807 best=0.1702 elapsed=22.3s
  hw= 10 float_adam   step=  31720/32000 current=0.2704 best=0.1702 elapsed=22.7s
  hw= 10 float_adam   step=  32000/32000 current=0.2700 best=0.1702 elapsed=22.9s
  hw= 10 fp4_det      step=      0/32000 current=0.4805 best=0.4805 elapsed=0.0s
  hw= 10 fp4_det      step=    520/32000 current=0.3606 best=0.3606 elapsed=0.4s
  hw= 10 fp4_det      step=   1040/32000 current=0.3249 best=0.3249 elapsed=0.8s
  hw= 10 fp4_det      step=   1560/32000 current=0.3056 best=0.3056 elapsed=1.2s
  hw= 10 fp4_det      step=   2080/32000 current=0.2973 best=0.2973 elapsed=1.5s
  hw= 10 fp4_det      step=   2600/32000 current=0.2916 best=0.2916 elapsed=2.0s
  hw= 10 fp4_det      step=   3120/32000 current=0.2883 best=0.2883 elapsed=2.4s
  hw= 10 fp4_det      step=   3640/32000 current=0.2858 best=0.2858 elapsed=2.8s
  hw= 10 fp4_det      step=   4160/32000 current=0.2839 best=0.2839 elapsed=3.1s
  hw= 10 fp4_det      step=   4680/32000 current=0.2824 best=0.2824 elapsed=3.5s
  hw= 10 fp4_det      step=   5200/32000 current=0.2813 best=0.2813 elapsed=3.9s
  hw= 10 fp4_det      step=   5720/32000 current=0.2806 best=0.2806 elapsed=4.3s
  hw= 10 fp4_det      step=   6240/32000 current=0.2798 best=0.2798 elapsed=4.7s
  hw= 10 fp4_det      step=   6760/32000 current=0.2792 best=0.2792 elapsed=5.1s
  hw= 10 fp4_det      step=   7280/32000 current=0.2787 best=0.2787 elapsed=5.5s
  hw= 10 fp4_det      step=   7800/32000 current=0.2782 best=0.2782 elapsed=5.9s
  hw= 10 fp4_det      step=   8320/32000 current=0.2777 best=0.2777 elapsed=6.3s
  hw= 10 fp4_det      step=   8840/32000 current=0.2772 best=0.2772 elapsed=6.6s
  hw= 10 fp4_det      step=   9360/32000 current=0.2768 best=0.2768 elapsed=7.0s
  hw= 10 fp4_det      step=   9880/32000 current=0.2765 best=0.2765 elapsed=7.4s
  hw= 10 fp4_det      step=  10400/32000 current=0.2760 best=0.2760 elapsed=7.8s
  hw= 10 fp4_det      step=  10920/32000 current=0.2756 best=0.2756 elapsed=8.2s
  hw= 10 fp4_det      step=  11440/32000 current=0.2750 best=0.2750 elapsed=8.6s
  hw= 10 fp4_det      step=  11960/32000 current=0.2743 best=0.2743 elapsed=9.0s
  hw= 10 fp4_det      step=  12480/32000 current=0.2737 best=0.2737 elapsed=9.4s
  hw= 10 fp4_det      step=  13000/32000 current=0.2733 best=0.2733 elapsed=9.8s
  hw= 10 fp4_det      step=  13520/32000 current=0.2723 best=0.2723 elapsed=10.2s
  hw= 10 fp4_det      step=  14040/32000 current=0.2713 best=0.2713 elapsed=10.6s
  hw= 10 fp4_det      step=  14560/32000 current=0.2705 best=0.2705 elapsed=11.0s
  hw= 10 fp4_det      step=  15080/32000 current=0.2698 best=0.2698 elapsed=11.4s
  hw= 10 fp4_det      step=  15600/32000 current=0.2693 best=0.2693 elapsed=11.8s
  hw= 10 fp4_det      step=  16120/32000 current=0.2688 best=0.2688 elapsed=12.2s
  hw= 10 fp4_det      step=  16640/32000 current=0.2680 best=0.2680 elapsed=12.5s
  hw= 10 fp4_det      step=  17160/32000 current=0.2675 best=0.2674 elapsed=12.9s
  hw= 10 fp4_det      step=  17680/32000 current=0.2670 best=0.2670 elapsed=13.3s
  hw= 10 fp4_det      step=  18200/32000 current=0.2668 best=0.2668 elapsed=13.7s
  hw= 10 fp4_det      step=  18720/32000 current=0.2665 best=0.2665 elapsed=14.2s
  hw= 10 fp4_det      step=  19240/32000 current=0.2662 best=0.2662 elapsed=14.6s
  hw= 10 fp4_det      step=  19760/32000 current=0.2657 best=0.2657 elapsed=15.0s
  hw= 10 fp4_det      step=  20280/32000 current=0.2654 best=0.2654 elapsed=15.5s
  hw= 10 fp4_det      step=  20800/32000 current=0.2651 best=0.2651 elapsed=16.0s
  hw= 10 fp4_det      step=  21320/32000 current=0.2647 best=0.2647 elapsed=16.4s
  hw= 10 fp4_det      step=  21840/32000 current=0.2642 best=0.2642 elapsed=16.8s
  hw= 10 fp4_det      step=  22360/32000 current=0.2639 best=0.2639 elapsed=17.1s
  hw= 10 fp4_det      step=  22880/32000 current=0.2637 best=0.2637 elapsed=17.5s
  hw= 10 fp4_det      step=  23400/32000 current=0.2633 best=0.2633 elapsed=17.9s
  hw= 10 fp4_det      step=  23920/32000 current=0.2632 best=0.2632 elapsed=18.3s
  hw= 10 fp4_det      step=  24440/32000 current=0.2630 best=0.2630 elapsed=18.7s
  hw= 10 fp4_det      step=  24960/32000 current=0.2628 best=0.2628 elapsed=19.1s
  hw= 10 fp4_det      step=  25480/32000 current=0.2627 best=0.2626 elapsed=19.5s
  hw= 10 fp4_det      step=  26000/32000 current=0.2623 best=0.2623 elapsed=19.9s
  hw= 10 fp4_det      step=  26520/32000 current=0.2621 best=0.2621 elapsed=20.3s
  hw= 10 fp4_det      step=  27040/32000 current=0.2622 best=0.2620 elapsed=20.7s
  hw= 10 fp4_det      step=  27560/32000 current=0.2623 best=0.2620 elapsed=21.1s
  hw= 10 fp4_det      step=  28080/32000 current=0.2625 best=0.2620 elapsed=21.5s
  hw= 10 fp4_det      step=  28600/32000 current=0.2626 best=0.2620 elapsed=21.9s
  hw= 10 fp4_det      step=  29120/32000 current=0.2625 best=0.2620 elapsed=22.3s
  hw= 10 fp4_det      step=  29640/32000 current=0.2622 best=0.2620 elapsed=22.7s
  hw= 10 fp4_det      step=  30160/32000 current=0.2618 best=0.2618 elapsed=23.1s
  hw= 10 fp4_det      step=  30680/32000 current=0.2619 best=0.2618 elapsed=23.5s
  hw= 10 fp4_det      step=  31200/32000 current=0.2615 best=0.2615 elapsed=23.9s
  hw= 10 fp4_det      step=  31720/32000 current=0.2612 best=0.2612 elapsed=24.3s
  hw= 10 fp4_det      step=  32000/32000 current=0.2611 best=0.2611 elapsed=24.6s
  hw= 10 fp4_stoch    step=      0/32000 current=0.4303 best=0.4303 elapsed=0.0s
  hw= 10 fp4_stoch    step=    520/32000 current=0.3594 best=0.3594 elapsed=0.4s
  hw= 10 fp4_stoch    step=   1040/32000 current=0.3276 best=0.3276 elapsed=0.8s
  hw= 10 fp4_stoch    step=   1560/32000 current=0.3147 best=0.3147 elapsed=1.2s
  hw= 10 fp4_stoch    step=   2080/32000 current=0.3054 best=0.3054 elapsed=1.6s
  hw= 10 fp4_stoch    step=   2600/32000 current=0.2998 best=0.2998 elapsed=2.0s
  hw= 10 fp4_stoch    step=   3120/32000 current=0.2959 best=0.2959 elapsed=2.4s
  hw= 10 fp4_stoch    step=   3640/32000 current=0.2928 best=0.2928 elapsed=2.7s
  hw= 10 fp4_stoch    step=   4160/32000 current=0.2906 best=0.2906 elapsed=3.1s
  hw= 10 fp4_stoch    step=   4680/32000 current=0.2906 best=0.2902 elapsed=3.5s
  hw= 10 fp4_stoch    step=   5200/32000 current=0.2888 best=0.2888 elapsed=3.9s
  hw= 10 fp4_stoch    step=   5720/32000 current=0.2886 best=0.2884 elapsed=4.3s
  hw= 10 fp4_stoch    step=   6240/32000 current=0.2908 best=0.2881 elapsed=4.7s
  hw= 10 fp4_stoch    step=   6760/32000 current=0.2889 best=0.2881 elapsed=5.1s
  hw= 10 fp4_stoch    step=   7280/32000 current=0.2871 best=0.2869 elapsed=5.5s
  hw= 10 fp4_stoch    step=   7800/32000 current=0.2857 best=0.2854 elapsed=5.9s
  hw= 10 fp4_stoch    step=   8320/32000 current=0.2844 best=0.2844 elapsed=6.3s
  hw= 10 fp4_stoch    step=   8840/32000 current=0.2819 best=0.2819 elapsed=6.7s
  hw= 10 fp4_stoch    step=   9360/32000 current=0.2792 best=0.2791 elapsed=7.1s
  hw= 10 fp4_stoch    step=   9880/32000 current=0.2766 best=0.2766 elapsed=7.5s
  hw= 10 fp4_stoch    step=  10400/32000 current=0.2767 best=0.2765 elapsed=7.9s
  hw= 10 fp4_stoch    step=  10920/32000 current=0.2750 best=0.2750 elapsed=8.3s
  hw= 10 fp4_stoch    step=  11440/32000 current=0.2742 best=0.2737 elapsed=8.7s
  hw= 10 fp4_stoch    step=  11960/32000 current=0.2731 best=0.2719 elapsed=9.1s
  hw= 10 fp4_stoch    step=  12480/32000 current=0.2705 best=0.2704 elapsed=9.5s
  hw= 10 fp4_stoch    step=  13000/32000 current=0.2702 best=0.2696 elapsed=9.9s
  hw= 10 fp4_stoch    step=  13520/32000 current=0.2676 best=0.2675 elapsed=10.3s
  hw= 10 fp4_stoch    step=  14040/32000 current=0.2662 best=0.2654 elapsed=10.7s
  hw= 10 fp4_stoch    step=  14560/32000 current=0.2661 best=0.2654 elapsed=11.1s
  hw= 10 fp4_stoch    step=  15080/32000 current=0.2639 best=0.2638 elapsed=11.5s
  hw= 10 fp4_stoch    step=  15600/32000 current=0.2605 best=0.2604 elapsed=11.9s
  hw= 10 fp4_stoch    step=  16120/32000 current=0.2573 best=0.2573 elapsed=12.3s
  hw= 10 fp4_stoch    step=  16640/32000 current=0.2545 best=0.2545 elapsed=12.7s
  hw= 10 fp4_stoch    step=  17160/32000 current=0.2528 best=0.2528 elapsed=13.1s
  hw= 10 fp4_stoch    step=  17680/32000 current=0.2490 best=0.2490 elapsed=13.5s
  hw= 10 fp4_stoch    step=  18200/32000 current=0.2462 best=0.2460 elapsed=13.9s
  hw= 10 fp4_stoch    step=  18720/32000 current=0.2448 best=0.2445 elapsed=14.3s
  hw= 10 fp4_stoch    step=  19240/32000 current=0.2442 best=0.2440 elapsed=14.7s
  hw= 10 fp4_stoch    step=  19760/32000 current=0.2451 best=0.2433 elapsed=15.1s
  hw= 10 fp4_stoch    step=  20280/32000 current=0.2463 best=0.2433 elapsed=15.5s
  hw= 10 fp4_stoch    step=  20800/32000 current=0.2433 best=0.2433 elapsed=15.9s
  hw= 10 fp4_stoch    step=  21320/32000 current=0.2409 best=0.2408 elapsed=16.3s
  hw= 10 fp4_stoch    step=  21840/32000 current=0.2384 best=0.2383 elapsed=16.6s
  hw= 10 fp4_stoch    step=  22360/32000 current=0.2380 best=0.2377 elapsed=17.0s
  hw= 10 fp4_stoch    step=  22880/32000 current=0.2406 best=0.2377 elapsed=17.4s
  hw= 10 fp4_stoch    step=  23400/32000 current=0.2431 best=0.2377 elapsed=17.8s
  hw= 10 fp4_stoch    step=  23920/32000 current=0.2421 best=0.2377 elapsed=18.2s
  hw= 10 fp4_stoch    step=  24440/32000 current=0.2418 best=0.2377 elapsed=18.6s
  hw= 10 fp4_stoch    step=  24960/32000 current=0.2406 best=0.2377 elapsed=18.9s
  hw= 10 fp4_stoch    step=  25480/32000 current=0.2388 best=0.2377 elapsed=19.3s
  hw= 10 fp4_stoch    step=  26000/32000 current=0.2357 best=0.2356 elapsed=19.7s
  hw= 10 fp4_stoch    step=  26520/32000 current=0.2319 best=0.2319 elapsed=20.1s
  hw= 10 fp4_stoch    step=  27040/32000 current=0.2299 best=0.2298 elapsed=20.5s
  hw= 10 fp4_stoch    step=  27560/32000 current=0.2291 best=0.2285 elapsed=20.8s
  hw= 10 fp4_stoch    step=  28080/32000 current=0.2288 best=0.2285 elapsed=21.2s
  hw= 10 fp4_stoch    step=  28600/32000 current=0.2276 best=0.2264 elapsed=21.6s
  hw= 10 fp4_stoch    step=  29120/32000 current=0.2250 best=0.2250 elapsed=22.0s
  hw= 10 fp4_stoch    step=  29640/32000 current=0.2274 best=0.2245 elapsed=22.4s
  hw= 10 fp4_stoch    step=  30160/32000 current=0.2243 best=0.2243 elapsed=22.8s
  hw= 10 fp4_stoch    step=  30680/32000 current=0.2228 best=0.2218 elapsed=23.2s
  hw= 10 fp4_stoch    step=  31200/32000 current=0.2222 best=0.2216 elapsed=23.5s
  hw= 10 fp4_stoch    step=  31720/32000 current=0.2224 best=0.2216 elapsed=23.9s
  hw= 10 fp4_stoch    step=  32000/32000 current=0.2203 best=0.2203 elapsed=24.1s
  hw= 10 fp32         step=      0/32000 current=0.3499 best=0.3499 elapsed=0.0s
  hw= 10 fp32         step=    520/32000 current=0.2610 best=0.2610 elapsed=0.4s
  hw= 10 fp32         step=   1040/32000 current=0.2321 best=0.2321 elapsed=0.7s
  hw= 10 fp32         step=   1560/32000 current=0.2169 best=0.2169 elapsed=1.0s
  hw= 10 fp32         step=   2080/32000 current=0.2056 best=0.2056 elapsed=1.4s
  hw= 10 fp32         step=   2600/32000 current=0.1966 best=0.1966 elapsed=1.7s
  hw= 10 fp32         step=   3120/32000 current=0.1875 best=0.1875 elapsed=2.1s
  hw= 10 fp32         step=   3640/32000 current=0.1811 best=0.1811 elapsed=2.4s
  hw= 10 fp32         step=   4160/32000 current=0.1738 best=0.1738 elapsed=2.8s
  hw= 10 fp32         step=   4680/32000 current=0.1615 best=0.1615 elapsed=3.1s
  hw= 10 fp32         step=   5200/32000 current=0.1563 best=0.1563 elapsed=3.5s
  hw= 10 fp32         step=   5720/32000 current=0.1522 best=0.1522 elapsed=3.8s
  hw= 10 fp32         step=   6240/32000 current=0.1471 best=0.1471 elapsed=4.2s
  hw= 10 fp32         step=   6760/32000 current=0.1448 best=0.1446 elapsed=4.5s
  hw= 10 fp32         step=   7280/32000 current=0.1418 best=0.1418 elapsed=4.8s
  hw= 10 fp32         step=   7800/32000 current=0.1391 best=0.1391 elapsed=5.2s
  hw= 10 fp32         step=   8320/32000 current=0.1371 best=0.1371 elapsed=5.5s
  hw= 10 fp32         step=   8840/32000 current=0.1347 best=0.1344 elapsed=5.9s
  hw= 10 fp32         step=   9360/32000 current=0.1324 best=0.1324 elapsed=6.3s
  hw= 10 fp32         step=   9880/32000 current=0.1299 best=0.1299 elapsed=6.6s
  hw= 10 fp32         step=  10400/32000 current=0.1280 best=0.1280 elapsed=7.0s
  hw= 10 fp32         step=  10920/32000 current=0.1261 best=0.1261 elapsed=7.3s
  hw= 10 fp32         step=  11440/32000 current=0.1260 best=0.1252 elapsed=7.6s
  hw= 10 fp32         step=  11960/32000 current=0.1253 best=0.1248 elapsed=8.0s
  hw= 10 fp32         step=  12480/32000 current=0.1238 best=0.1237 elapsed=8.3s
  hw= 10 fp32         step=  13000/32000 current=0.1222 best=0.1219 elapsed=8.7s
  hw= 10 fp32         step=  13520/32000 current=0.1205 best=0.1205 elapsed=9.0s
  hw= 10 fp32         step=  14040/32000 current=0.1196 best=0.1194 elapsed=9.4s
  hw= 10 fp32         step=  14560/32000 current=0.1192 best=0.1190 elapsed=9.7s
  hw= 10 fp32         step=  15080/32000 current=0.1185 best=0.1182 elapsed=10.1s
  hw= 10 fp32         step=  15600/32000 current=0.1174 best=0.1173 elapsed=10.4s
  hw= 10 fp32         step=  16120/32000 current=0.1167 best=0.1166 elapsed=10.8s
  hw= 10 fp32         step=  16640/32000 current=0.1163 best=0.1160 elapsed=11.1s
  hw= 10 fp32         step=  17160/32000 current=0.1153 best=0.1151 elapsed=11.4s
  hw= 10 fp32         step=  17680/32000 current=0.1144 best=0.1144 elapsed=11.8s
  hw= 10 fp32         step=  18200/32000 current=0.1141 best=0.1141 elapsed=12.1s
  hw= 10 fp32         step=  18720/32000 current=0.1134 best=0.1132 elapsed=12.5s
  hw= 10 fp32         step=  19240/32000 current=0.1130 best=0.1130 elapsed=12.8s
  hw= 10 fp32         step=  19760/32000 current=0.1123 best=0.1120 elapsed=13.2s
  hw= 10 fp32         step=  20280/32000 current=0.1121 best=0.1119 elapsed=13.5s
  hw= 10 fp32         step=  20800/32000 current=0.1113 best=0.1112 elapsed=13.9s
  hw= 10 fp32         step=  21320/32000 current=0.1113 best=0.1110 elapsed=14.2s
  hw= 10 fp32         step=  21840/32000 current=0.1112 best=0.1109 elapsed=14.6s
  hw= 10 fp32         step=  22360/32000 current=0.1107 best=0.1105 elapsed=14.9s
  hw= 10 fp32         step=  22880/32000 current=0.1095 best=0.1095 elapsed=15.3s
  hw= 10 fp32         step=  23400/32000 current=0.1100 best=0.1095 elapsed=15.6s
  hw= 10 fp32         step=  23920/32000 current=0.1092 best=0.1090 elapsed=16.0s
  hw= 10 fp32         step=  24440/32000 current=0.1086 best=0.1086 elapsed=16.3s
  hw= 10 fp32         step=  24960/32000 current=0.1078 best=0.1074 elapsed=16.7s
  hw= 10 fp32         step=  25480/32000 current=0.1090 best=0.1074 elapsed=17.0s
  hw= 10 fp32         step=  26000/32000 current=0.1072 best=0.1072 elapsed=17.4s
  hw= 10 fp32         step=  26520/32000 current=0.1084 best=0.1069 elapsed=17.7s
  hw= 10 fp32         step=  27040/32000 current=0.1071 best=0.1069 elapsed=18.1s
  hw= 10 fp32         step=  27560/32000 current=0.1065 best=0.1059 elapsed=18.4s
  hw= 10 fp32         step=  28080/32000 current=0.1059 best=0.1054 elapsed=18.8s
  hw= 10 fp32         step=  28600/32000 current=0.1060 best=0.1052 elapsed=19.1s
  hw= 10 fp32         step=  29120/32000 current=0.1063 best=0.1052 elapsed=19.4s
  hw= 10 fp32         step=  29640/32000 current=0.1062 best=0.1052 elapsed=19.8s
  hw= 10 fp32         step=  30160/32000 current=0.1081 best=0.1046 elapsed=20.1s
  hw= 10 fp32         step=  30680/32000 current=0.1046 best=0.1046 elapsed=20.5s
  hw= 10 fp32         step=  31200/32000 current=0.1046 best=0.1044 elapsed=20.8s
  hw= 10 fp32         step=  31720/32000 current=0.1053 best=0.1036 elapsed=21.2s
  hw= 10 fp32         step=  32000/32000 current=0.1041 best=0.1036 elapsed=21.4s
--- hidden_width=10 DONE in 93.0s: baseline=0.1523 float_adam=0.1702 fp4_det=0.2611 fp4_stoch=0.2203 fp32=0.1036 ---
--- hidden_width=20 n_features=80 n_steps=64000 decay=0.9740 baseline=0.3006 ---
  hw= 20 float_adam   step=      0/64000 current=0.7473 best=0.7473 elapsed=0.0s
  hw= 20 float_adam   step=   1060/64000 current=0.5581 best=0.5209 elapsed=0.8s
  hw= 20 float_adam   step=   2120/64000 current=0.6944 best=0.5209 elapsed=1.6s
  hw= 20 float_adam   step=   3180/64000 current=0.5646 best=0.5209 elapsed=2.3s
  hw= 20 float_adam   step=   4240/64000 current=0.5912 best=0.5209 elapsed=3.1s
  hw= 20 float_adam   step=   5300/64000 current=0.5676 best=0.5209 elapsed=3.9s
  hw= 20 float_adam   step=   6360/64000 current=0.5676 best=0.5209 elapsed=4.7s
  hw= 20 float_adam   step=   7420/64000 current=0.5676 best=0.5209 elapsed=5.5s
  hw= 20 float_adam   step=   8480/64000 current=0.5676 best=0.5209 elapsed=6.4s
  hw= 20 float_adam   step=   9540/64000 current=0.5676 best=0.5209 elapsed=7.2s
  hw= 20 float_adam   step=  10600/64000 current=0.5676 best=0.5209 elapsed=8.0s
  hw= 20 float_adam   step=  11660/64000 current=0.5676 best=0.5209 elapsed=8.8s
  hw= 20 float_adam   step=  12720/64000 current=0.5676 best=0.5209 elapsed=9.6s
  hw= 20 float_adam   step=  13780/64000 current=0.5676 best=0.5209 elapsed=10.4s
  hw= 20 float_adam   step=  14840/64000 current=0.5676 best=0.5209 elapsed=11.1s
  hw= 20 float_adam   step=  15900/64000 current=0.5676 best=0.5209 elapsed=11.9s
  hw= 20 float_adam   step=  16960/64000 current=0.5676 best=0.5209 elapsed=12.6s
  hw= 20 float_adam   step=  18020/64000 current=0.5676 best=0.5209 elapsed=13.4s
  hw= 20 float_adam   step=  19080/64000 current=0.5676 best=0.5209 elapsed=14.2s
  hw= 20 float_adam   step=  20140/64000 current=0.5676 best=0.5209 elapsed=14.9s
  hw= 20 float_adam   step=  21200/64000 current=0.5676 best=0.5209 elapsed=15.7s
  hw= 20 float_adam   step=  22260/64000 current=0.5676 best=0.5209 elapsed=16.4s
  hw= 20 float_adam   step=  23320/64000 current=0.5676 best=0.5209 elapsed=17.2s
  hw= 20 float_adam   step=  24380/64000 current=0.5676 best=0.5209 elapsed=17.9s
  hw= 20 float_adam   step=  25440/64000 current=0.5676 best=0.5209 elapsed=18.7s
  hw= 20 float_adam   step=  26500/64000 current=0.5676 best=0.5209 elapsed=19.4s
  hw= 20 float_adam   step=  27560/64000 current=0.5676 best=0.5209 elapsed=20.2s
  hw= 20 float_adam   step=  28620/64000 current=0.5676 best=0.5209 elapsed=21.0s
  hw= 20 float_adam   step=  29680/64000 current=0.5676 best=0.5209 elapsed=21.7s
  hw= 20 float_adam   step=  30740/64000 current=0.5676 best=0.5209 elapsed=22.5s
  hw= 20 float_adam   step=  31800/64000 current=0.5676 best=0.5209 elapsed=23.2s
  hw= 20 float_adam   step=  32860/64000 current=0.5676 best=0.5209 elapsed=24.0s
  hw= 20 float_adam   step=  33920/64000 current=0.5676 best=0.5209 elapsed=24.7s
  hw= 20 float_adam   step=  34980/64000 current=0.5676 best=0.5209 elapsed=25.5s
  hw= 20 float_adam   step=  36040/64000 current=0.5676 best=0.5209 elapsed=26.3s
  hw= 20 float_adam   step=  37100/64000 current=0.5676 best=0.5209 elapsed=27.0s
  hw= 20 float_adam   step=  38160/64000 current=0.5676 best=0.5209 elapsed=27.7s
  hw= 20 float_adam   step=  39220/64000 current=0.5676 best=0.5209 elapsed=28.5s
  hw= 20 float_adam   step=  40280/64000 current=0.5676 best=0.5209 elapsed=29.2s
  hw= 20 float_adam   step=  41340/64000 current=0.5676 best=0.5209 elapsed=30.0s
  hw= 20 float_adam   step=  42400/64000 current=0.5676 best=0.5209 elapsed=30.7s
  hw= 20 float_adam   step=  43460/64000 current=0.5676 best=0.5209 elapsed=31.4s
  hw= 20 float_adam   step=  44520/64000 current=0.5676 best=0.5209 elapsed=32.2s
  hw= 20 float_adam   step=  45580/64000 current=0.5676 best=0.5209 elapsed=32.9s
  hw= 20 float_adam   step=  46640/64000 current=0.5676 best=0.5209 elapsed=33.7s
  hw= 20 float_adam   step=  47700/64000 current=0.5676 best=0.5209 elapsed=34.4s
  hw= 20 float_adam   step=  48760/64000 current=0.5676 best=0.5209 elapsed=35.2s
  hw= 20 float_adam   step=  49820/64000 current=0.5676 best=0.5209 elapsed=35.9s
  hw= 20 float_adam   step=  50880/64000 current=0.5676 best=0.5209 elapsed=36.6s
  hw= 20 float_adam   step=  51940/64000 current=0.5676 best=0.5209 elapsed=37.4s
  hw= 20 float_adam   step=  53000/64000 current=0.5676 best=0.5209 elapsed=38.1s
  hw= 20 float_adam   step=  54060/64000 current=0.5676 best=0.5209 elapsed=38.9s
  hw= 20 float_adam   step=  55120/64000 current=0.5676 best=0.5209 elapsed=39.6s
  hw= 20 float_adam   step=  56180/64000 current=0.5676 best=0.5209 elapsed=40.4s
  hw= 20 float_adam   step=  57240/64000 current=0.5676 best=0.5209 elapsed=41.1s
  hw= 20 float_adam   step=  58300/64000 current=0.5676 best=0.5209 elapsed=41.9s
  hw= 20 float_adam   step=  59360/64000 current=0.5676 best=0.5209 elapsed=42.6s
  hw= 20 float_adam   step=  60420/64000 current=0.5676 best=0.5209 elapsed=43.4s
  hw= 20 float_adam   step=  61480/64000 current=0.5676 best=0.5209 elapsed=44.1s
  hw= 20 float_adam   step=  62540/64000 current=0.5676 best=0.5209 elapsed=44.8s
  hw= 20 float_adam   step=  63600/64000 current=0.5676 best=0.5209 elapsed=45.6s
  hw= 20 float_adam   step=  64000/64000 current=0.5676 best=0.5209 elapsed=45.9s
  hw= 20 fp4_det      step=      0/64000 current=0.8442 best=0.8442 elapsed=0.0s
  hw= 20 fp4_det      step=   1060/64000 current=0.6628 best=0.6628 elapsed=1.0s
  hw= 20 fp4_det      step=   2120/64000 current=0.6102 best=0.6102 elapsed=2.0s
  hw= 20 fp4_det      step=   3180/64000 current=0.5870 best=0.5870 elapsed=3.0s
  hw= 20 fp4_det      step=   4240/64000 current=0.5751 best=0.5751 elapsed=3.9s
  hw= 20 fp4_det      step=   5300/64000 current=0.5682 best=0.5682 elapsed=4.9s
  hw= 20 fp4_det      step=   6360/64000 current=0.5639 best=0.5639 elapsed=5.9s
  hw= 20 fp4_det      step=   7420/64000 current=0.5610 best=0.5610 elapsed=6.9s
  hw= 20 fp4_det      step=   8480/64000 current=0.5588 best=0.5588 elapsed=7.9s
  hw= 20 fp4_det      step=   9540/64000 current=0.5573 best=0.5573 elapsed=8.9s
  hw= 20 fp4_det      step=  10600/64000 current=0.5560 best=0.5560 elapsed=9.8s
  hw= 20 fp4_det      step=  11660/64000 current=0.5551 best=0.5551 elapsed=10.8s
  hw= 20 fp4_det      step=  12720/64000 current=0.5543 best=0.5543 elapsed=11.8s
  hw= 20 fp4_det      step=  13780/64000 current=0.5537 best=0.5537 elapsed=12.8s
  hw= 20 fp4_det      step=  14840/64000 current=0.5532 best=0.5532 elapsed=13.8s
  hw= 20 fp4_det      step=  15900/64000 current=0.5526 best=0.5526 elapsed=14.8s
  hw= 20 fp4_det      step=  16960/64000 current=0.5521 best=0.5521 elapsed=15.7s
  hw= 20 fp4_det      step=  18020/64000 current=0.5515 best=0.5515 elapsed=16.7s
  hw= 20 fp4_det      step=  19080/64000 current=0.5511 best=0.5511 elapsed=17.7s
  hw= 20 fp4_det      step=  20140/64000 current=0.5507 best=0.5507 elapsed=18.7s
  hw= 20 fp4_det      step=  21200/64000 current=0.5501 best=0.5501 elapsed=19.7s
  hw= 20 fp4_det      step=  22260/64000 current=0.5496 best=0.5496 elapsed=20.6s
  hw= 20 fp4_det      step=  23320/64000 current=0.5492 best=0.5492 elapsed=21.6s
  hw= 20 fp4_det      step=  24380/64000 current=0.5490 best=0.5489 elapsed=22.6s
  hw= 20 fp4_det      step=  25440/64000 current=0.5483 best=0.5483 elapsed=23.6s
  hw= 20 fp4_det      step=  26500/64000 current=0.5480 best=0.5480 elapsed=24.6s
  hw= 20 fp4_det      step=  27560/64000 current=0.5474 best=0.5474 elapsed=25.5s
  hw= 20 fp4_det      step=  28620/64000 current=0.5470 best=0.5470 elapsed=26.5s
  hw= 20 fp4_det      step=  29680/64000 current=0.5466 best=0.5466 elapsed=27.5s
  hw= 20 fp4_det      step=  30740/64000 current=0.5462 best=0.5462 elapsed=28.5s
  hw= 20 fp4_det      step=  31800/64000 current=0.5457 best=0.5457 elapsed=29.5s
  hw= 20 fp4_det      step=  32860/64000 current=0.5452 best=0.5451 elapsed=30.4s
  hw= 20 fp4_det      step=  33920/64000 current=0.5448 best=0.5448 elapsed=31.4s
  hw= 20 fp4_det      step=  34980/64000 current=0.5444 best=0.5444 elapsed=32.4s
  hw= 20 fp4_det      step=  36040/64000 current=0.5441 best=0.5441 elapsed=33.4s
  hw= 20 fp4_det      step=  37100/64000 current=0.5436 best=0.5436 elapsed=34.3s
  hw= 20 fp4_det      step=  38160/64000 current=0.5430 best=0.5430 elapsed=35.3s
  hw= 20 fp4_det      step=  39220/64000 current=0.5427 best=0.5427 elapsed=36.3s
  hw= 20 fp4_det      step=  40280/64000 current=0.5424 best=0.5424 elapsed=37.3s
  hw= 20 fp4_det      step=  41340/64000 current=0.5420 best=0.5420 elapsed=38.3s
  hw= 20 fp4_det      step=  42400/64000 current=0.5417 best=0.5417 elapsed=39.3s
  hw= 20 fp4_det      step=  43460/64000 current=0.5413 best=0.5413 elapsed=40.2s
  hw= 20 fp4_det      step=  44520/64000 current=0.5409 best=0.5409 elapsed=41.2s
  hw= 20 fp4_det      step=  45580/64000 current=0.5406 best=0.5406 elapsed=42.2s
  hw= 20 fp4_det      step=  46640/64000 current=0.5404 best=0.5404 elapsed=43.2s
  hw= 20 fp4_det      step=  47700/64000 current=0.5399 best=0.5399 elapsed=44.2s
  hw= 20 fp4_det      step=  48760/64000 current=0.5394 best=0.5394 elapsed=45.2s
  hw= 20 fp4_det      step=  49820/64000 current=0.5389 best=0.5389 elapsed=46.1s
  hw= 20 fp4_det      step=  50880/64000 current=0.5386 best=0.5386 elapsed=47.1s
  hw= 20 fp4_det      step=  51940/64000 current=0.5382 best=0.5382 elapsed=48.1s
  hw= 20 fp4_det      step=  53000/64000 current=0.5380 best=0.5379 elapsed=49.1s
  hw= 20 fp4_det      step=  54060/64000 current=0.5374 best=0.5374 elapsed=50.1s
  hw= 20 fp4_det      step=  55120/64000 current=0.5372 best=0.5372 elapsed=51.1s
  hw= 20 fp4_det      step=  56180/64000 current=0.5369 best=0.5369 elapsed=52.1s
  hw= 20 fp4_det      step=  57240/64000 current=0.5367 best=0.5367 elapsed=53.0s
  hw= 20 fp4_det      step=  58300/64000 current=0.5364 best=0.5364 elapsed=54.0s
  hw= 20 fp4_det      step=  59360/64000 current=0.5359 best=0.5359 elapsed=55.0s
  hw= 20 fp4_det      step=  60420/64000 current=0.5354 best=0.5354 elapsed=56.0s
  hw= 20 fp4_det      step=  61480/64000 current=0.5353 best=0.5352 elapsed=57.0s
  hw= 20 fp4_det      step=  62540/64000 current=0.5349 best=0.5349 elapsed=58.0s
  hw= 20 fp4_det      step=  63600/64000 current=0.5347 best=0.5347 elapsed=58.9s
  hw= 20 fp4_det      step=  64000/64000 current=0.5346 best=0.5346 elapsed=59.3s
  hw= 20 fp4_stoch    step=      0/64000 current=0.8017 best=0.8017 elapsed=0.0s
  hw= 20 fp4_stoch    step=   1060/64000 current=0.6300 best=0.6300 elapsed=1.0s
  hw= 20 fp4_stoch    step=   2120/64000 current=0.5755 best=0.5755 elapsed=2.0s
  hw= 20 fp4_stoch    step=   3180/64000 current=0.5539 best=0.5539 elapsed=3.0s
  hw= 20 fp4_stoch    step=   4240/64000 current=0.5418 best=0.5418 elapsed=4.0s
  hw= 20 fp4_stoch    step=   5300/64000 current=0.5335 best=0.5335 elapsed=5.0s
  hw= 20 fp4_stoch    step=   6360/64000 current=0.5287 best=0.5286 elapsed=6.0s
  hw= 20 fp4_stoch    step=   7420/64000 current=0.5255 best=0.5255 elapsed=7.0s
  hw= 20 fp4_stoch    step=   8480/64000 current=0.5229 best=0.5229 elapsed=8.0s
  hw= 20 fp4_stoch    step=   9540/64000 current=0.5212 best=0.5212 elapsed=9.0s
  hw= 20 fp4_stoch    step=  10600/64000 current=0.5196 best=0.5196 elapsed=10.0s
  hw= 20 fp4_stoch    step=  11660/64000 current=0.5185 best=0.5185 elapsed=11.0s
  hw= 20 fp4_stoch    step=  12720/64000 current=0.5175 best=0.5173 elapsed=12.0s
  hw= 20 fp4_stoch    step=  13780/64000 current=0.5162 best=0.5160 elapsed=13.0s
  hw= 20 fp4_stoch    step=  14840/64000 current=0.5150 best=0.5149 elapsed=14.0s
  hw= 20 fp4_stoch    step=  15900/64000 current=0.5137 best=0.5137 elapsed=15.0s
  hw= 20 fp4_stoch    step=  16960/64000 current=0.5128 best=0.5128 elapsed=16.0s
  hw= 20 fp4_stoch    step=  18020/64000 current=0.5112 best=0.5112 elapsed=17.0s
  hw= 20 fp4_stoch    step=  19080/64000 current=0.5102 best=0.5101 elapsed=18.0s
  hw= 20 fp4_stoch    step=  20140/64000 current=0.5095 best=0.5094 elapsed=19.0s
  hw= 20 fp4_stoch    step=  21200/64000 current=0.5088 best=0.5088 elapsed=20.0s
  hw= 20 fp4_stoch    step=  22260/64000 current=0.5087 best=0.5086 elapsed=21.0s
  hw= 20 fp4_stoch    step=  23320/64000 current=0.5075 best=0.5075 elapsed=22.0s
  hw= 20 fp4_stoch    step=  24380/64000 current=0.5068 best=0.5066 elapsed=23.0s
  hw= 20 fp4_stoch    step=  25440/64000 current=0.5054 best=0.5054 elapsed=24.0s
  hw= 20 fp4_stoch    step=  26500/64000 current=0.5042 best=0.5042 elapsed=25.0s
  hw= 20 fp4_stoch    step=  27560/64000 current=0.5033 best=0.5032 elapsed=26.0s
  hw= 20 fp4_stoch    step=  28620/64000 current=0.5018 best=0.5018 elapsed=27.1s
  hw= 20 fp4_stoch    step=  29680/64000 current=0.5008 best=0.5006 elapsed=28.1s
  hw= 20 fp4_stoch    step=  30740/64000 current=0.4996 best=0.4996 elapsed=29.3s
  hw= 20 fp4_stoch    step=  31800/64000 current=0.4986 best=0.4986 elapsed=30.5s
  hw= 20 fp4_stoch    step=  32860/64000 current=0.4976 best=0.4975 elapsed=31.6s
  hw= 20 fp4_stoch    step=  33920/64000 current=0.4967 best=0.4966 elapsed=32.6s
  hw= 20 fp4_stoch    step=  34980/64000 current=0.4948 best=0.4948 elapsed=33.9s
  hw= 20 fp4_stoch    step=  36040/64000 current=0.4933 best=0.4933 elapsed=35.4s
  hw= 20 fp4_stoch    step=  37100/64000 current=0.4922 best=0.4922 elapsed=36.6s
  hw= 20 fp4_stoch    step=  38160/64000 current=0.4911 best=0.4911 elapsed=37.9s
  hw= 20 fp4_stoch    step=  39220/64000 current=0.4897 best=0.4896 elapsed=39.3s
  hw= 20 fp4_stoch    step=  40280/64000 current=0.4894 best=0.4892 elapsed=40.4s
  hw= 20 fp4_stoch    step=  41340/64000 current=0.4885 best=0.4884 elapsed=41.5s
  hw= 20 fp4_stoch    step=  42400/64000 current=0.4870 best=0.4868 elapsed=42.5s
  hw= 20 fp4_stoch    step=  43460/64000 current=0.4860 best=0.4860 elapsed=43.7s
  hw= 20 fp4_stoch    step=  44520/64000 current=0.4845 best=0.4845 elapsed=45.0s
  hw= 20 fp4_stoch    step=  45580/64000 current=0.4849 best=0.4842 elapsed=46.1s
  hw= 20 fp4_stoch    step=  46640/64000 current=0.4836 best=0.4836 elapsed=47.2s
  hw= 20 fp4_stoch    step=  47700/64000 current=0.4816 best=0.4816 elapsed=48.5s
  hw= 20 fp4_stoch    step=  48760/64000 current=0.4814 best=0.4810 elapsed=49.6s
  hw= 20 fp4_stoch    step=  49820/64000 current=0.4800 best=0.4800 elapsed=50.6s
  hw= 20 fp4_stoch    step=  50880/64000 current=0.4833 best=0.4795 elapsed=51.9s
  hw= 20 fp4_stoch    step=  51940/64000 current=0.4825 best=0.4795 elapsed=53.2s
  hw= 20 fp4_stoch    step=  53000/64000 current=0.4791 best=0.4790 elapsed=54.6s
  hw= 20 fp4_stoch    step=  54060/64000 current=0.4767 best=0.4766 elapsed=56.1s
  hw= 20 fp4_stoch    step=  55120/64000 current=0.4758 best=0.4753 elapsed=57.4s
  hw= 20 fp4_stoch    step=  56180/64000 current=0.4735 best=0.4734 elapsed=58.7s
  hw= 20 fp4_stoch    step=  57240/64000 current=0.4731 best=0.4725 elapsed=59.9s
  hw= 20 fp4_stoch    step=  58300/64000 current=0.4726 best=0.4725 elapsed=61.2s
  hw= 20 fp4_stoch    step=  59360/64000 current=0.4721 best=0.4718 elapsed=62.4s
  hw= 20 fp4_stoch    step=  60420/64000 current=0.4711 best=0.4706 elapsed=63.6s
  hw= 20 fp4_stoch    step=  61480/64000 current=0.4699 best=0.4699 elapsed=64.8s
  hw= 20 fp4_stoch    step=  62540/64000 current=0.4692 best=0.4692 elapsed=66.1s
  hw= 20 fp4_stoch    step=  63600/64000 current=0.4677 best=0.4676 elapsed=67.3s
  hw= 20 fp4_stoch    step=  64000/64000 current=0.4677 best=0.4675 elapsed=67.8s
  hw= 20 fp32         step=      0/64000 current=0.7118 best=0.7118 elapsed=0.0s
  hw= 20 fp32         step=   1060/64000 current=0.4355 best=0.4355 elapsed=1.1s
  hw= 20 fp32         step=   2120/64000 current=0.3792 best=0.3792 elapsed=2.1s
  hw= 20 fp32         step=   3180/64000 current=0.3401 best=0.3401 elapsed=3.0s
  hw= 20 fp32         step=   4240/64000 current=0.3139 best=0.3139 elapsed=4.1s
  hw= 20 fp32         step=   5300/64000 current=0.2957 best=0.2957 elapsed=5.1s
  hw= 20 fp32         step=   6360/64000 current=0.2822 best=0.2818 elapsed=6.2s
  hw= 20 fp32         step=   7420/64000 current=0.2697 best=0.2697 elapsed=7.2s
  hw= 20 fp32         step=   8480/64000 current=0.2597 best=0.2597 elapsed=8.2s
  hw= 20 fp32         step=   9540/64000 current=0.2517 best=0.2517 elapsed=9.2s
  hw= 20 fp32         step=  10600/64000 current=0.2449 best=0.2449 elapsed=10.2s
  hw= 20 fp32         step=  11660/64000 current=0.2377 best=0.2377 elapsed=11.2s
  hw= 20 fp32         step=  12720/64000 current=0.2342 best=0.2339 elapsed=12.1s
  hw= 20 fp32         step=  13780/64000 current=0.2299 best=0.2297 elapsed=13.1s
  hw= 20 fp32         step=  14840/64000 current=0.2254 best=0.2254 elapsed=14.1s
  hw= 20 fp32         step=  15900/64000 current=0.2233 best=0.2224 elapsed=15.1s
  hw= 20 fp32         step=  16960/64000 current=0.2185 best=0.2181 elapsed=16.2s
  hw= 20 fp32         step=  18020/64000 current=0.2154 best=0.2150 elapsed=17.2s
  hw= 20 fp32         step=  19080/64000 current=0.2118 best=0.2116 elapsed=18.2s
  hw= 20 fp32         step=  20140/64000 current=0.2091 best=0.2085 elapsed=19.2s
  hw= 20 fp32         step=  21200/64000 current=0.2051 best=0.2049 elapsed=20.2s
  hw= 20 fp32         step=  22260/64000 current=0.2021 best=0.2021 elapsed=21.2s
  hw= 20 fp32         step=  23320/64000 current=0.2004 best=0.2001 elapsed=22.2s
  hw= 20 fp32         step=  24380/64000 current=0.1960 best=0.1960 elapsed=23.1s
  hw= 20 fp32         step=  25440/64000 current=0.1951 best=0.1950 elapsed=24.2s
  hw= 20 fp32         step=  26500/64000 current=0.1940 best=0.1936 elapsed=25.3s
  hw= 20 fp32         step=  27560/64000 current=0.1910 best=0.1908 elapsed=26.4s
  hw= 20 fp32         step=  28620/64000 current=0.1898 best=0.1890 elapsed=27.4s
  hw= 20 fp32         step=  29680/64000 current=0.1877 best=0.1877 elapsed=28.5s
  hw= 20 fp32         step=  30740/64000 current=0.1860 best=0.1855 elapsed=29.5s
  hw= 20 fp32         step=  31800/64000 current=0.1863 best=0.1855 elapsed=30.6s
  hw= 20 fp32         step=  32860/64000 current=0.1841 best=0.1841 elapsed=31.7s
  hw= 20 fp32         step=  33920/64000 current=0.1831 best=0.1826 elapsed=32.9s
  hw= 20 fp32         step=  34980/64000 current=0.1835 best=0.1826 elapsed=33.9s
  hw= 20 fp32         step=  36040/64000 current=0.1822 best=0.1812 elapsed=34.8s
  hw= 20 fp32         step=  37100/64000 current=0.1820 best=0.1812 elapsed=35.8s
  hw= 20 fp32         step=  38160/64000 current=0.1808 best=0.1800 elapsed=37.0s
  hw= 20 fp32         step=  39220/64000 current=0.1793 best=0.1793 elapsed=38.0s
  hw= 20 fp32         step=  40280/64000 current=0.1776 best=0.1768 elapsed=39.2s
  hw= 20 fp32         step=  41340/64000 current=0.1773 best=0.1762 elapsed=40.2s
  hw= 20 fp32         step=  42400/64000 current=0.1749 best=0.1749 elapsed=41.4s
  hw= 20 fp32         step=  43460/64000 current=0.1730 best=0.1726 elapsed=42.5s
  hw= 20 fp32         step=  44520/64000 current=0.1726 best=0.1724 elapsed=43.5s
  hw= 20 fp32         step=  45580/64000 current=0.1730 best=0.1717 elapsed=44.6s
  hw= 20 fp32         step=  46640/64000 current=0.1726 best=0.1717 elapsed=45.8s
  hw= 20 fp32         step=  47700/64000 current=0.1722 best=0.1712 elapsed=46.8s
  hw= 20 fp32         step=  48760/64000 current=0.1712 best=0.1707 elapsed=47.8s
  hw= 20 fp32         step=  49820/64000 current=0.1709 best=0.1707 elapsed=48.8s
  hw= 20 fp32         step=  50880/64000 current=0.1703 best=0.1697 elapsed=49.9s
  hw= 20 fp32         step=  51940/64000 current=0.1690 best=0.1690 elapsed=51.0s
  hw= 20 fp32         step=  53000/64000 current=0.1673 best=0.1673 elapsed=52.0s
  hw= 20 fp32         step=  54060/64000 current=0.1682 best=0.1671 elapsed=53.1s
  hw= 20 fp32         step=  55120/64000 current=0.1679 best=0.1671 elapsed=54.1s
  hw= 20 fp32         step=  56180/64000 current=0.1670 best=0.1665 elapsed=55.1s
  hw= 20 fp32         step=  57240/64000 current=0.1654 best=0.1654 elapsed=56.2s
  hw= 20 fp32         step=  58300/64000 current=0.1656 best=0.1648 elapsed=57.2s
  hw= 20 fp32         step=  59360/64000 current=0.1662 best=0.1645 elapsed=58.3s
  hw= 20 fp32         step=  60420/64000 current=0.1647 best=0.1645 elapsed=59.3s
  hw= 20 fp32         step=  61480/64000 current=0.1640 best=0.1639 elapsed=60.4s
  hw= 20 fp32         step=  62540/64000 current=0.1645 best=0.1638 elapsed=61.5s
  hw= 20 fp32         step=  63600/64000 current=0.1643 best=0.1638 elapsed=62.4s
  hw= 20 fp32         step=  64000/64000 current=0.1637 best=0.1635 elapsed=62.8s
--- hidden_width=20 DONE in 235.8s: baseline=0.3006 float_adam=0.5209 fp4_det=0.5346 fp4_stoch=0.4675 fp32=0.1635 ---
--- hidden_width=40 n_features=160 n_steps=128000 decay=0.9869 baseline=0.5973 ---
  hw= 40 float_adam   step=      0/128000 current=1.4025 best=1.4025 elapsed=0.0s
  hw= 40 float_adam   step=   2120/128000 current=1.0947 best=1.0902 elapsed=2.2s
  hw= 40 float_adam   step=   4240/128000 current=1.0947 best=1.0902 elapsed=4.6s
  hw= 40 float_adam   step=   6360/128000 current=1.0947 best=1.0902 elapsed=6.9s
  hw= 40 float_adam   step=   8480/128000 current=1.0947 best=1.0902 elapsed=9.1s
  hw= 40 float_adam   step=  10600/128000 current=1.0947 best=1.0902 elapsed=11.3s
  hw= 40 float_adam   step=  12720/128000 current=1.0947 best=1.0902 elapsed=13.8s
  hw= 40 float_adam   step=  14840/128000 current=1.0947 best=1.0902 elapsed=16.0s
  hw= 40 float_adam   step=  16960/128000 current=1.0947 best=1.0902 elapsed=18.2s
  hw= 40 float_adam   step=  19080/128000 current=1.0947 best=1.0902 elapsed=20.3s
  hw= 40 float_adam   step=  21200/128000 current=1.0947 best=1.0902 elapsed=22.2s
  hw= 40 float_adam   step=  23320/128000 current=1.0947 best=1.0902 elapsed=24.3s
  hw= 40 float_adam   step=  25440/128000 current=1.0947 best=1.0902 elapsed=26.3s
  hw= 40 float_adam   step=  27560/128000 current=1.0947 best=1.0902 elapsed=28.5s
  hw= 40 float_adam   step=  29680/128000 current=1.0947 best=1.0902 elapsed=30.6s
  hw= 40 float_adam   step=  31800/128000 current=1.0947 best=1.0902 elapsed=32.7s
  hw= 40 float_adam   step=  33920/128000 current=1.0947 best=1.0902 elapsed=34.9s
  hw= 40 float_adam   step=  36040/128000 current=1.0947 best=1.0902 elapsed=37.1s
  hw= 40 float_adam   step=  38160/128000 current=1.0947 best=1.0902 elapsed=39.2s
  hw= 40 float_adam   step=  40280/128000 current=1.0947 best=1.0902 elapsed=41.3s
  hw= 40 float_adam   step=  42400/128000 current=1.0947 best=1.0902 elapsed=43.3s
  hw= 40 float_adam   step=  44520/128000 current=1.1956 best=1.0902 elapsed=45.7s
  hw= 40 float_adam   step=  46640/128000 current=1.0947 best=1.0902 elapsed=47.8s
  hw= 40 float_adam   step=  48760/128000 current=1.0947 best=1.0902 elapsed=50.1s
  hw= 40 float_adam   step=  50880/128000 current=1.0947 best=1.0902 elapsed=52.4s
  hw= 40 float_adam   step=  53000/128000 current=1.0947 best=1.0902 elapsed=54.6s
  hw= 40 float_adam   step=  55120/128000 current=1.0947 best=1.0902 elapsed=56.7s
  hw= 40 float_adam   step=  57240/128000 current=1.0947 best=1.0902 elapsed=59.0s
  hw= 40 float_adam   step=  59360/128000 current=1.0947 best=1.0902 elapsed=61.3s
  hw= 40 float_adam   step=  61480/128000 current=1.0947 best=1.0902 elapsed=63.4s
  hw= 40 float_adam   step=  63600/128000 current=1.0947 best=1.0902 elapsed=65.5s
  hw= 40 float_adam   step=  65720/128000 current=1.0947 best=1.0902 elapsed=67.7s
  hw= 40 float_adam   step=  67840/128000 current=1.0947 best=1.0902 elapsed=69.9s
  hw= 40 float_adam   step=  69960/128000 current=1.0947 best=1.0902 elapsed=71.9s
  hw= 40 float_adam   step=  72080/128000 current=1.0947 best=1.0902 elapsed=74.2s
  hw= 40 float_adam   step=  74200/128000 current=1.0947 best=1.0902 elapsed=76.3s
  hw= 40 float_adam   step=  76320/128000 current=1.0947 best=1.0902 elapsed=78.5s
  hw= 40 float_adam   step=  78440/128000 current=1.0947 best=1.0902 elapsed=80.6s
  hw= 40 float_adam   step=  80560/128000 current=1.0947 best=1.0902 elapsed=82.8s
  hw= 40 float_adam   step=  82680/128000 current=1.0947 best=1.0902 elapsed=85.0s
  hw= 40 float_adam   step=  84800/128000 current=1.0947 best=1.0902 elapsed=87.2s
  hw= 40 float_adam   step=  86920/128000 current=1.0947 best=1.0902 elapsed=89.4s
  hw= 40 float_adam   step=  89040/128000 current=1.0947 best=1.0902 elapsed=91.6s
  hw= 40 float_adam   step=  91160/128000 current=1.0947 best=1.0902 elapsed=93.7s
  hw= 40 float_adam   step=  93280/128000 current=1.0947 best=1.0902 elapsed=95.9s
  hw= 40 float_adam   step=  95400/128000 current=1.0947 best=1.0902 elapsed=98.1s
  hw= 40 float_adam   step=  97520/128000 current=1.0947 best=1.0902 elapsed=100.2s
  hw= 40 float_adam   step=  99640/128000 current=1.0947 best=1.0902 elapsed=102.4s
  hw= 40 float_adam   step= 101760/128000 current=1.0947 best=1.0902 elapsed=104.6s
  hw= 40 float_adam   step= 103880/128000 current=1.0947 best=1.0902 elapsed=106.8s
  hw= 40 float_adam   step= 106000/128000 current=1.0947 best=1.0902 elapsed=109.0s
  hw= 40 float_adam   step= 108120/128000 current=1.0947 best=1.0902 elapsed=111.1s
  hw= 40 float_adam   step= 110240/128000 current=1.0947 best=1.0902 elapsed=113.3s
  hw= 40 float_adam   step= 112360/128000 current=1.0947 best=1.0902 elapsed=115.5s
  hw= 40 float_adam   step= 114480/128000 current=1.0947 best=1.0902 elapsed=117.6s
  hw= 40 float_adam   step= 116600/128000 current=1.0947 best=1.0902 elapsed=119.9s
  hw= 40 float_adam   step= 118720/128000 current=1.0947 best=1.0902 elapsed=122.0s
  hw= 40 float_adam   step= 120840/128000 current=1.0947 best=1.0902 elapsed=124.2s
  hw= 40 float_adam   step= 122960/128000 current=1.0947 best=1.0902 elapsed=126.4s
  hw= 40 float_adam   step= 125080/128000 current=1.0947 best=1.0902 elapsed=128.7s
  hw= 40 float_adam   step= 127200/128000 current=1.0947 best=1.0902 elapsed=130.9s
  hw= 40 float_adam   step= 128000/128000 current=1.0947 best=1.0902 elapsed=131.7s
  hw= 40 fp4_det      step=      0/128000 current=1.5976 best=1.5976 elapsed=0.0s
  hw= 40 fp4_det      step=   2120/128000 current=1.2407 best=1.2407 elapsed=5.2s
  hw= 40 fp4_det      step=   4240/128000 current=1.1429 best=1.1429 elapsed=10.2s
  hw= 40 fp4_det      step=   6360/128000 current=1.1050 best=1.1050 elapsed=15.3s
  hw= 40 fp4_det      step=   8480/128000 current=1.0858 best=1.0858 elapsed=20.1s
  hw= 40 fp4_det      step=  10600/128000 current=1.0757 best=1.0757 elapsed=25.3s
  hw= 40 fp4_det      step=  12720/128000 current=1.0694 best=1.0694 elapsed=30.0s
  hw= 40 fp4_det      step=  14840/128000 current=1.0651 best=1.0651 elapsed=35.0s
  hw= 40 fp4_det      step=  16960/128000 current=1.0622 best=1.0622 elapsed=40.1s
  hw= 40 fp4_det      step=  19080/128000 current=1.0601 best=1.0601 elapsed=45.1s
  hw= 40 fp4_det      step=  21200/128000 current=1.0585 best=1.0585 elapsed=50.2s
  hw= 40 fp4_det      step=  23320/128000 current=1.0573 best=1.0573 elapsed=55.3s
  hw= 40 fp4_det      step=  25440/128000 current=1.0562 best=1.0562 elapsed=60.3s
  hw= 40 fp4_det      step=  27560/128000 current=1.0557 best=1.0556 elapsed=65.5s
  hw= 40 fp4_det      step=  29680/128000 current=1.0549 best=1.0549 elapsed=70.7s
  hw= 40 fp4_det      step=  31800/128000 current=1.0541 best=1.0541 elapsed=75.8s
  hw= 40 fp4_det      step=  33920/128000 current=1.0538 best=1.0538 elapsed=80.7s
  hw= 40 fp4_det      step=  36040/128000 current=1.0532 best=1.0532 elapsed=86.5s
  hw= 40 fp4_det      step=  38160/128000 current=1.0528 best=1.0528 elapsed=91.8s
  hw= 40 fp4_det      step=  40280/128000 current=1.0528 best=1.0526 elapsed=96.9s
  hw= 40 fp4_det      step=  42400/128000 current=1.0525 best=1.0525 elapsed=102.0s
  hw= 40 fp4_det      step=  44520/128000 current=1.0522 best=1.0522 elapsed=106.9s
  hw= 40 fp4_det      step=  46640/128000 current=1.0518 best=1.0518 elapsed=111.9s
  hw= 40 fp4_det      step=  48760/128000 current=1.0514 best=1.0514 elapsed=117.2s
  hw= 40 fp4_det      step=  50880/128000 current=1.0511 best=1.0511 elapsed=122.3s
  hw= 40 fp4_det      step=  53000/128000 current=1.0510 best=1.0510 elapsed=127.5s
  hw= 40 fp4_det      step=  55120/128000 current=1.0507 best=1.0507 elapsed=132.6s
  hw= 40 fp4_det      step=  57240/128000 current=1.0508 best=1.0507 elapsed=137.8s
  hw= 40 fp4_det      step=  59360/128000 current=1.0502 best=1.0502 elapsed=143.4s
  hw= 40 fp4_det      step=  61480/128000 current=1.0500 best=1.0500 elapsed=148.5s
  hw= 40 fp4_det      step=  63600/128000 current=1.0500 best=1.0499 elapsed=153.8s
  hw= 40 fp4_det      step=  65720/128000 current=1.0496 best=1.0496 elapsed=159.2s
  hw= 40 fp4_det      step=  67840/128000 current=1.0493 best=1.0493 elapsed=164.4s
  hw= 40 fp4_det      step=  69960/128000 current=1.0491 best=1.0491 elapsed=169.5s
  hw= 40 fp4_det      step=  72080/128000 current=1.0488 best=1.0488 elapsed=174.7s
  hw= 40 fp4_det      step=  74200/128000 current=1.0486 best=1.0486 elapsed=180.1s
  hw= 40 fp4_det      step=  76320/128000 current=1.0485 best=1.0484 elapsed=185.5s
  hw= 40 fp4_det      step=  78440/128000 current=1.0485 best=1.0484 elapsed=190.8s
  hw= 40 fp4_det      step=  80560/128000 current=1.0484 best=1.0483 elapsed=195.9s
  hw= 40 fp4_det      step=  82680/128000 current=1.0480 best=1.0479 elapsed=201.3s
  hw= 40 fp4_det      step=  84800/128000 current=1.0479 best=1.0478 elapsed=206.9s
  hw= 40 fp4_det      step=  86920/128000 current=1.0476 best=1.0476 elapsed=212.1s
  hw= 40 fp4_det      step=  89040/128000 current=1.0474 best=1.0474 elapsed=217.3s
  hw= 40 fp4_det      step=  91160/128000 current=1.0473 best=1.0473 elapsed=222.3s
  hw= 40 fp4_det      step=  93280/128000 current=1.0472 best=1.0472 elapsed=227.4s
  hw= 40 fp4_det      step=  95400/128000 current=1.0470 best=1.0469 elapsed=232.5s
  hw= 40 fp4_det      step=  97520/128000 current=1.0469 best=1.0469 elapsed=237.6s
  hw= 40 fp4_det      step=  99640/128000 current=1.0468 best=1.0467 elapsed=242.8s
  hw= 40 fp4_det      step= 101760/128000 current=1.0466 best=1.0465 elapsed=248.1s
  hw= 40 fp4_det      step= 103880/128000 current=1.0464 best=1.0463 elapsed=253.6s
  hw= 40 fp4_det      step= 106000/128000 current=1.0463 best=1.0462 elapsed=259.6s
  hw= 40 fp4_det      step= 108120/128000 current=1.0463 best=1.0462 elapsed=265.3s
  hw= 40 fp4_det      step= 110240/128000 current=1.0459 best=1.0459 elapsed=270.9s
  hw= 40 fp4_det      step= 112360/128000 current=1.0454 best=1.0454 elapsed=276.5s
  hw= 40 fp4_det      step= 114480/128000 current=1.0453 best=1.0452 elapsed=282.2s
  hw= 40 fp4_det      step= 116600/128000 current=1.0452 best=1.0451 elapsed=287.8s
  hw= 40 fp4_det      step= 118720/128000 current=1.0450 best=1.0450 elapsed=293.5s
  hw= 40 fp4_det      step= 120840/128000 current=1.0449 best=1.0448 elapsed=299.4s
  hw= 40 fp4_det      step= 122960/128000 current=1.0448 best=1.0447 elapsed=305.2s
  hw= 40 fp4_det      step= 125080/128000 current=1.0448 best=1.0447 elapsed=311.3s
  hw= 40 fp4_det      step= 127200/128000 current=1.0444 best=1.0444 elapsed=317.0s
  hw= 40 fp4_det      step= 128000/128000 current=1.0445 best=1.0444 elapsed=319.1s
  hw= 40 fp4_stoch    step=      0/128000 current=1.6955 best=1.6955 elapsed=0.0s
  hw= 40 fp4_stoch    step=   2120/128000 current=1.3291 best=1.3291 elapsed=6.4s
  hw= 40 fp4_stoch    step=   4240/128000 current=1.2228 best=1.2228 elapsed=12.2s
  hw= 40 fp4_stoch    step=   6360/128000 current=1.1779 best=1.1779 elapsed=18.5s
  hw= 40 fp4_stoch    step=   8480/128000 current=1.1548 best=1.1548 elapsed=24.2s
  hw= 40 fp4_stoch    step=  10600/128000 current=1.1418 best=1.1418 elapsed=29.7s
  hw= 40 fp4_stoch    step=  12720/128000 current=1.1326 best=1.1326 elapsed=35.4s
  hw= 40 fp4_stoch    step=  14840/128000 current=1.1269 best=1.1269 elapsed=41.3s
  hw= 40 fp4_stoch    step=  16960/128000 current=1.1231 best=1.1231 elapsed=47.2s
  hw= 40 fp4_stoch    step=  19080/128000 current=1.1204 best=1.1204 elapsed=52.9s
  hw= 40 fp4_stoch    step=  21200/128000 current=1.1181 best=1.1181 elapsed=58.6s
  hw= 40 fp4_stoch    step=  23320/128000 current=1.1161 best=1.1161 elapsed=64.9s
  hw= 40 fp4_stoch    step=  25440/128000 current=1.1149 best=1.1149 elapsed=71.2s
  hw= 40 fp4_stoch    step=  27560/128000 current=1.1143 best=1.1143 elapsed=76.9s
  hw= 40 fp4_stoch    step=  29680/128000 current=1.1133 best=1.1132 elapsed=82.7s
  hw= 40 fp4_stoch    step=  31800/128000 current=1.1124 best=1.1124 elapsed=88.4s
  hw= 40 fp4_stoch    step=  33920/128000 current=1.1124 best=1.1121 elapsed=94.1s
  hw= 40 fp4_stoch    step=  36040/128000 current=1.1118 best=1.1118 elapsed=99.9s
  hw= 40 fp4_stoch    step=  38160/128000 current=1.1111 best=1.1111 elapsed=105.9s
  hw= 40 fp4_stoch    step=  40280/128000 current=1.1110 best=1.1108 elapsed=111.7s
  hw= 40 fp4_stoch    step=  42400/128000 current=1.1111 best=1.1108 elapsed=117.4s
  hw= 40 fp4_stoch    step=  44520/128000 current=1.1106 best=1.1105 elapsed=123.1s
  hw= 40 fp4_stoch    step=  46640/128000 current=1.1100 best=1.1099 elapsed=129.0s
  hw= 40 fp4_stoch    step=  48760/128000 current=1.1091 best=1.1091 elapsed=134.6s
  hw= 40 fp4_stoch    step=  50880/128000 current=1.1084 best=1.1081 elapsed=140.3s
  hw= 40 fp4_stoch    step=  53000/128000 current=1.1075 best=1.1075 elapsed=146.1s
  hw= 40 fp4_stoch    step=  55120/128000 current=1.1070 best=1.1069 elapsed=152.1s
  hw= 40 fp4_stoch    step=  57240/128000 current=1.1063 best=1.1063 elapsed=157.9s
  hw= 40 fp4_stoch    step=  59360/128000 current=1.1061 best=1.1058 elapsed=163.6s
  hw= 40 fp4_stoch    step=  61480/128000 current=1.1054 best=1.1054 elapsed=169.1s
  hw= 40 fp4_stoch    step=  63600/128000 current=1.1053 best=1.1051 elapsed=174.9s
  hw= 40 fp4_stoch    step=  65720/128000 current=1.1061 best=1.1051 elapsed=180.6s
  hw= 40 fp4_stoch    step=  67840/128000 current=1.1058 best=1.1051 elapsed=186.4s
  hw= 40 fp4_stoch    step=  69960/128000 current=1.1052 best=1.1051 elapsed=192.1s
  hw= 40 fp4_stoch    step=  72080/128000 current=1.1053 best=1.1051 elapsed=197.8s
  hw= 40 fp4_stoch    step=  74200/128000 current=1.1042 best=1.1042 elapsed=203.8s
  hw= 40 fp4_stoch    step=  76320/128000 current=1.1038 best=1.1037 elapsed=209.6s
  hw= 40 fp4_stoch    step=  78440/128000 current=1.1034 best=1.1027 elapsed=215.3s
  hw= 40 fp4_stoch    step=  80560/128000 current=1.1026 best=1.1026 elapsed=221.0s
  hw= 40 fp4_stoch    step=  82680/128000 current=1.1026 best=1.1022 elapsed=226.8s
  hw= 40 fp4_stoch    step=  84800/128000 current=1.1026 best=1.1022 elapsed=232.6s
  hw= 40 fp4_stoch    step=  86920/128000 current=1.1017 best=1.1016 elapsed=238.3s
  hw= 40 fp4_stoch    step=  89040/128000 current=1.1006 best=1.1006 elapsed=244.2s
  hw= 40 fp4_stoch    step=  91160/128000 current=1.0999 best=1.0997 elapsed=250.1s
  hw= 40 fp4_stoch    step=  93280/128000 current=1.1004 best=1.0997 elapsed=255.8s
  hw= 40 fp4_stoch    step=  95400/128000 current=1.0996 best=1.0996 elapsed=261.5s
  hw= 40 fp4_stoch    step=  97520/128000 current=1.0992 best=1.0992 elapsed=267.2s
  hw= 40 fp4_stoch    step=  99640/128000 current=1.0986 best=1.0986 elapsed=273.0s
  hw= 40 fp4_stoch    step= 101760/128000 current=1.0984 best=1.0980 elapsed=278.8s
  hw= 40 fp4_stoch    step= 103880/128000 current=1.0981 best=1.0980 elapsed=284.7s
  hw= 40 fp4_stoch    step= 106000/128000 current=1.0967 best=1.0967 elapsed=290.7s
  hw= 40 fp4_stoch    step= 108120/128000 current=1.0970 best=1.0964 elapsed=296.7s
  hw= 40 fp4_stoch    step= 110240/128000 current=1.0968 best=1.0964 elapsed=302.5s
  hw= 40 fp4_stoch    step= 112360/128000 current=1.0961 best=1.0961 elapsed=308.3s
  hw= 40 fp4_stoch    step= 114480/128000 current=1.0957 best=1.0957 elapsed=314.0s
  hw= 40 fp4_stoch    step= 116600/128000 current=1.0942 best=1.0942 elapsed=319.6s
  hw= 40 fp4_stoch    step= 118720/128000 current=1.0930 best=1.0930 elapsed=325.4s
  hw= 40 fp4_stoch    step= 120840/128000 current=1.0923 best=1.0920 elapsed=331.5s
  hw= 40 fp4_stoch    step= 122960/128000 current=1.0912 best=1.0912 elapsed=338.0s
  hw= 40 fp4_stoch    step= 125080/128000 current=1.0915 best=1.0911 elapsed=344.6s
  hw= 40 fp4_stoch    step= 127200/128000 current=1.0907 best=1.0907 elapsed=350.6s
  hw= 40 fp4_stoch    step= 128000/128000 current=1.0902 best=1.0901 elapsed=352.6s
  hw= 40 fp32         step=      0/128000 current=1.4646 best=1.4646 elapsed=0.0s
  hw= 40 fp32         step=   2120/128000 current=0.9653 best=0.9653 elapsed=3.8s
  hw= 40 fp32         step=   4240/128000 current=0.8184 best=0.8184 elapsed=7.6s
  hw= 40 fp32         step=   6360/128000 current=0.7185 best=0.7185 elapsed=12.0s
  hw= 40 fp32         step=   8480/128000 current=0.6449 best=0.6449 elapsed=16.3s
  hw= 40 fp32         step=  10600/128000 current=0.5914 best=0.5914 elapsed=20.3s
  hw= 40 fp32         step=  12720/128000 current=0.5562 best=0.5562 elapsed=24.1s
  hw= 40 fp32         step=  14840/128000 current=0.5228 best=0.5228 elapsed=28.0s
  hw= 40 fp32         step=  16960/128000 current=0.4996 best=0.4996 elapsed=32.0s
  hw= 40 fp32         step=  19080/128000 current=0.4820 best=0.4820 elapsed=36.0s
  hw= 40 fp32         step=  21200/128000 current=0.4673 best=0.4671 elapsed=39.9s
  hw= 40 fp32         step=  23320/128000 current=0.4552 best=0.4552 elapsed=43.9s
  hw= 40 fp32         step=  25440/128000 current=0.4463 best=0.4463 elapsed=47.9s
  hw= 40 fp32         step=  27560/128000 current=0.4412 best=0.4410 elapsed=51.6s
  hw= 40 fp32         step=  29680/128000 current=0.4342 best=0.4342 elapsed=55.4s
  hw= 40 fp32         step=  31800/128000 current=0.4291 best=0.4291 elapsed=59.3s
  hw= 40 fp32         step=  33920/128000 current=0.4219 best=0.4219 elapsed=63.0s
  hw= 40 fp32         step=  36040/128000 current=0.4179 best=0.4174 elapsed=66.9s
  hw= 40 fp32         step=  38160/128000 current=0.4133 best=0.4129 elapsed=71.0s
  hw= 40 fp32         step=  40280/128000 current=0.4112 best=0.4096 elapsed=74.7s
  hw= 40 fp32         step=  42400/128000 current=0.4074 best=0.4074 elapsed=78.5s
  hw= 40 fp32         step=  44520/128000 current=0.4027 best=0.4027 elapsed=82.5s
  hw= 40 fp32         step=  46640/128000 current=0.4020 best=0.4008 elapsed=86.3s
  hw= 40 fp32         step=  48760/128000 current=0.3995 best=0.3995 elapsed=90.1s
  hw= 40 fp32         step=  50880/128000 current=0.3986 best=0.3976 elapsed=93.8s
  hw= 40 fp32         step=  53000/128000 current=0.3972 best=0.3971 elapsed=97.5s
  hw= 40 fp32         step=  55120/128000 current=0.3927 best=0.3919 elapsed=101.2s
  hw= 40 fp32         step=  57240/128000 current=0.3915 best=0.3898 elapsed=105.0s
  hw= 40 fp32         step=  59360/128000 current=0.3919 best=0.3898 elapsed=108.7s
  hw= 40 fp32         step=  61480/128000 current=0.3914 best=0.3898 elapsed=112.4s
  hw= 40 fp32         step=  63600/128000 current=0.3891 best=0.3888 elapsed=116.2s
  hw= 40 fp32         step=  65720/128000 current=0.3886 best=0.3874 elapsed=120.0s
  hw= 40 fp32         step=  67840/128000 current=0.3871 best=0.3870 elapsed=123.6s
  hw= 40 fp32         step=  69960/128000 current=0.3862 best=0.3860 elapsed=127.1s
  hw= 40 fp32         step=  72080/128000 current=0.3849 best=0.3843 elapsed=130.5s
  hw= 40 fp32         step=  74200/128000 current=0.3840 best=0.3825 elapsed=134.0s
  hw= 40 fp32         step=  76320/128000 current=0.3831 best=0.3823 elapsed=137.3s
  hw= 40 fp32         step=  78440/128000 current=0.3817 best=0.3798 elapsed=140.6s
  hw= 40 fp32         step=  80560/128000 current=0.3800 best=0.3798 elapsed=144.0s
  hw= 40 fp32         step=  82680/128000 current=0.3795 best=0.3781 elapsed=147.5s
  hw= 40 fp32         step=  84800/128000 current=0.3761 best=0.3756 elapsed=150.7s
  hw= 40 fp32         step=  86920/128000 current=0.3770 best=0.3753 elapsed=153.9s
  hw= 40 fp32         step=  89040/128000 current=0.3772 best=0.3753 elapsed=157.2s
  hw= 40 fp32         step=  91160/128000 current=0.3777 best=0.3753 elapsed=160.4s
  hw= 40 fp32         step=  93280/128000 current=0.3767 best=0.3753 elapsed=163.4s
  hw= 40 fp32         step=  95400/128000 current=0.3743 best=0.3734 elapsed=166.6s
  hw= 40 fp32         step=  97520/128000 current=0.3748 best=0.3730 elapsed=170.0s
  hw= 40 fp32         step=  99640/128000 current=0.3741 best=0.3727 elapsed=173.4s
  hw= 40 fp32         step= 101760/128000 current=0.3733 best=0.3717 elapsed=176.6s
  hw= 40 fp32         step= 103880/128000 current=0.3732 best=0.3717 elapsed=180.0s
  hw= 40 fp32         step= 106000/128000 current=0.3730 best=0.3713 elapsed=183.3s
  hw= 40 fp32         step= 108120/128000 current=0.3700 best=0.3693 elapsed=186.8s
  hw= 40 fp32         step= 110240/128000 current=0.3683 best=0.3679 elapsed=190.1s
  hw= 40 fp32         step= 112360/128000 current=0.3688 best=0.3679 elapsed=193.4s
  hw= 40 fp32         step= 114480/128000 current=0.3676 best=0.3675 elapsed=196.5s
  hw= 40 fp32         step= 116600/128000 current=0.3668 best=0.3667 elapsed=199.7s
  hw= 40 fp32         step= 118720/128000 current=0.3666 best=0.3661 elapsed=202.8s
  hw= 40 fp32         step= 120840/128000 current=0.3661 best=0.3660 elapsed=206.2s
  hw= 40 fp32         step= 122960/128000 current=0.3661 best=0.3657 elapsed=209.4s
  hw= 40 fp32         step= 125080/128000 current=0.3654 best=0.3646 elapsed=212.4s
  hw= 40 fp32         step= 127200/128000 current=0.3649 best=0.3642 elapsed=215.5s
  hw= 40 fp32         step= 128000/128000 current=0.3647 best=0.3641 elapsed=216.8s
--- hidden_width=40 DONE in 1020.2s: baseline=0.5973 float_adam=1.0902 fp4_det=1.0444 fp4_stoch=1.0901 fp32=0.3641 ---
--- hidden_width=80 n_features=320 n_steps=256000 decay=0.9934 baseline=1.1907 ---
  hw= 80 float_adam   step=      0/256000 current=3.0490 best=3.0490 elapsed=0.0s
  hw= 80 float_adam   step=   4260/256000 current=2.2814 best=2.2814 elapsed=7.5s
  hw= 80 float_adam   step=   8520/256000 current=2.2814 best=2.2814 elapsed=14.2s
  hw= 80 float_adam   step=  12780/256000 current=2.2814 best=2.2814 elapsed=20.5s
  hw= 80 float_adam   step=  17040/256000 current=2.2814 best=2.2814 elapsed=26.9s
  hw= 80 float_adam   step=  21300/256000 current=2.2814 best=2.2814 elapsed=33.7s
  hw= 80 float_adam   step=  25560/256000 current=2.2814 best=2.2814 elapsed=40.5s
  hw= 80 float_adam   step=  29820/256000 current=2.2814 best=2.2814 elapsed=47.3s
  hw= 80 float_adam   step=  34080/256000 current=2.2814 best=2.2814 elapsed=54.0s
  hw= 80 float_adam   step=  38340/256000 current=2.2814 best=2.2814 elapsed=61.2s
  hw= 80 float_adam   step=  42600/256000 current=2.2814 best=2.2814 elapsed=68.7s
  hw= 80 float_adam   step=  46860/256000 current=2.2814 best=2.2814 elapsed=76.0s
  hw= 80 float_adam   step=  51120/256000 current=2.2814 best=2.2814 elapsed=83.2s
  hw= 80 float_adam   step=  55380/256000 current=2.2814 best=2.2814 elapsed=89.8s
  hw= 80 float_adam   step=  59640/256000 current=2.2814 best=2.2814 elapsed=97.2s
  hw= 80 float_adam   step=  63900/256000 current=2.2814 best=2.2814 elapsed=104.4s
  hw= 80 float_adam   step=  68160/256000 current=2.2814 best=2.2814 elapsed=111.6s
  hw= 80 float_adam   step=  72420/256000 current=2.2814 best=2.2814 elapsed=119.2s
  hw= 80 float_adam   step=  76680/256000 current=2.2814 best=2.2814 elapsed=127.2s
  hw= 80 float_adam   step=  80940/256000 current=2.2814 best=2.2814 elapsed=134.9s
  hw= 80 float_adam   step=  85200/256000 current=2.2814 best=2.2814 elapsed=142.1s
  hw= 80 float_adam   step=  89460/256000 current=2.2814 best=2.2814 elapsed=149.1s
  hw= 80 float_adam   step=  93720/256000 current=2.2814 best=2.2814 elapsed=156.3s
  hw= 80 float_adam   step=  97980/256000 current=2.2814 best=2.2814 elapsed=163.8s
  hw= 80 float_adam   step= 102240/256000 current=2.2814 best=2.2814 elapsed=171.5s
  hw= 80 float_adam   step= 106500/256000 current=2.2814 best=2.2814 elapsed=179.1s
  hw= 80 float_adam   step= 110760/256000 current=2.2814 best=2.2814 elapsed=186.9s
  hw= 80 float_adam   step= 115020/256000 current=2.2814 best=2.2814 elapsed=194.2s
  hw= 80 float_adam   step= 119280/256000 current=2.2814 best=2.2814 elapsed=201.5s
  hw= 80 float_adam   step= 123540/256000 current=2.2814 best=2.2814 elapsed=208.4s
  hw= 80 float_adam   step= 127800/256000 current=2.2814 best=2.2814 elapsed=215.9s
  hw= 80 float_adam   step= 132060/256000 current=2.2814 best=2.2814 elapsed=223.2s
  hw= 80 float_adam   step= 136320/256000 current=2.2814 best=2.2814 elapsed=231.1s
  hw= 80 float_adam   step= 140580/256000 current=2.2814 best=2.2814 elapsed=239.3s
  hw= 80 float_adam   step= 144840/256000 current=2.2814 best=2.2814 elapsed=247.7s
  hw= 80 float_adam   step= 149100/256000 current=2.2814 best=2.2814 elapsed=254.9s
  hw= 80 float_adam   step= 153360/256000 current=2.2814 best=2.2814 elapsed=262.6s
  hw= 80 float_adam   step= 157620/256000 current=2.2814 best=2.2814 elapsed=270.2s
  hw= 80 float_adam   step= 161880/256000 current=2.2814 best=2.2814 elapsed=278.0s
  hw= 80 float_adam   step= 166140/256000 current=2.2814 best=2.2814 elapsed=285.3s
  hw= 80 float_adam   step= 170400/256000 current=2.2814 best=2.2814 elapsed=292.6s
  hw= 80 float_adam   step= 174660/256000 current=2.2814 best=2.2814 elapsed=300.3s
  hw= 80 float_adam   step= 178920/256000 current=2.2814 best=2.2814 elapsed=308.3s
  hw= 80 float_adam   step= 183180/256000 current=2.2814 best=2.2814 elapsed=316.5s
  hw= 80 float_adam   step= 187440/256000 current=2.2814 best=2.2814 elapsed=323.9s
  hw= 80 float_adam   step= 191700/256000 current=2.2814 best=2.2814 elapsed=331.6s
  hw= 80 float_adam   step= 195960/256000 current=2.2814 best=2.2814 elapsed=339.7s
  hw= 80 float_adam   step= 200220/256000 current=2.2814 best=2.2814 elapsed=348.0s
  hw= 80 float_adam   step= 204480/256000 current=2.2814 best=2.2814 elapsed=356.0s
  hw= 80 float_adam   step= 208740/256000 current=2.2814 best=2.2814 elapsed=364.4s
  hw= 80 float_adam   step= 213000/256000 current=2.2814 best=2.2814 elapsed=372.2s
  hw= 80 float_adam   step= 217260/256000 current=2.2814 best=2.2814 elapsed=379.6s
  hw= 80 float_adam   step= 221520/256000 current=2.2814 best=2.2814 elapsed=387.0s
  hw= 80 float_adam   step= 225780/256000 current=2.2814 best=2.2814 elapsed=394.4s
  hw= 80 float_adam   step= 230040/256000 current=2.2814 best=2.2814 elapsed=402.1s
  hw= 80 float_adam   step= 234300/256000 current=2.2814 best=2.2814 elapsed=409.2s
  hw= 80 float_adam   step= 238560/256000 current=2.2814 best=2.2814 elapsed=416.8s
  hw= 80 float_adam   step= 242820/256000 current=2.2814 best=2.2814 elapsed=424.9s
  hw= 80 float_adam   step= 247080/256000 current=2.2814 best=2.2814 elapsed=432.8s
  hw= 80 float_adam   step= 251340/256000 current=2.2814 best=2.2814 elapsed=440.7s
  hw= 80 float_adam   step= 255600/256000 current=2.2814 best=2.2814 elapsed=448.7s
  hw= 80 float_adam   step= 256000/256000 current=2.2814 best=2.2814 elapsed=449.4s
  hw= 80 fp4_det      step=      0/256000 current=3.4263 best=3.4263 elapsed=0.1s
  hw= 80 fp4_det      step=   4260/256000 current=2.6300 best=2.6300 elapsed=32.5s
  hw= 80 fp4_det      step=   8520/256000 current=2.4466 best=2.4466 elapsed=65.3s
  hw= 80 fp4_det      step=  12780/256000 current=2.3770 best=2.3770 elapsed=98.0s
  hw= 80 fp4_det      step=  17040/256000 current=2.3442 best=2.3442 elapsed=131.1s
  hw= 80 fp4_det      step=  21300/256000 current=2.3263 best=2.3263 elapsed=163.5s
  hw= 80 fp4_det      step=  25560/256000 current=2.3162 best=2.3162 elapsed=201.8s
  hw= 80 fp4_det      step=  29820/256000 current=2.3097 best=2.3097 elapsed=251.1s
  hw= 80 fp4_det      step=  34080/256000 current=2.3050 best=2.3050 elapsed=289.3s
  hw= 80 fp4_det      step=  38340/256000 current=2.3018 best=2.3018 elapsed=325.3s
  hw= 80 fp4_det      step=  42600/256000 current=2.2995 best=2.2995 elapsed=357.9s
  hw= 80 fp4_det      step=  46860/256000 current=2.2975 best=2.2975 elapsed=386.8s
  hw= 80 fp4_det      step=  51120/256000 current=2.2963 best=2.2962 elapsed=415.8s
  hw= 80 fp4_det      step=  55380/256000 current=2.2957 best=2.2957 elapsed=444.8s
  hw= 80 fp4_det      step=  59640/256000 current=2.2947 best=2.2947 elapsed=472.9s
  hw= 80 fp4_det      step=  63900/256000 current=2.2939 best=2.2939 elapsed=502.3s
  hw= 80 fp4_det      step=  68160/256000 current=2.2932 best=2.2932 elapsed=533.0s
  hw= 80 fp4_det      step=  72420/256000 current=2.2927 best=2.2927 elapsed=563.8s
  hw= 80 fp4_det      step=  76680/256000 current=2.2922 best=2.2922 elapsed=594.1s
  hw= 80 fp4_det      step=  80940/256000 current=2.2918 best=2.2918 elapsed=621.5s
  hw= 80 fp4_det      step=  85200/256000 current=2.2917 best=2.2917 elapsed=652.1s
  hw= 80 fp4_det      step=  89460/256000 current=2.2913 best=2.2913 elapsed=681.7s
  hw= 80 fp4_det      step=  93720/256000 current=2.2911 best=2.2911 elapsed=710.6s
  hw= 80 fp4_det      step=  97980/256000 current=2.2909 best=2.2909 elapsed=740.7s
  hw= 80 fp4_det      step= 102240/256000 current=2.2907 best=2.2906 elapsed=770.0s
  hw= 80 fp4_det      step= 106500/256000 current=2.2905 best=2.2904 elapsed=799.7s
  hw= 80 fp4_det      step= 110760/256000 current=2.2905 best=2.2903 elapsed=829.8s
  hw= 80 fp4_det      step= 115020/256000 current=2.2901 best=2.2901 elapsed=861.1s
  hw= 80 fp4_det      step= 119280/256000 current=2.2902 best=2.2899 elapsed=892.0s
  hw= 80 fp4_det      step= 123540/256000 current=2.2900 best=2.2899 elapsed=923.6s
  hw= 80 fp4_det      step= 127800/256000 current=2.2899 best=2.2898 elapsed=953.6s
  hw= 80 fp4_det      step= 132060/256000 current=2.2898 best=2.2898 elapsed=984.1s
  hw= 80 fp4_det      step= 136320/256000 current=2.2897 best=2.2895 elapsed=1013.2s
  hw= 80 fp4_det      step= 140580/256000 current=2.2894 best=2.2893 elapsed=1041.7s
  hw= 80 fp4_det      step= 144840/256000 current=2.2891 best=2.2891 elapsed=1070.9s
  hw= 80 fp4_det      step= 149100/256000 current=2.2892 best=2.2890 elapsed=1100.6s
  hw= 80 fp4_det      step= 153360/256000 current=2.2891 best=2.2890 elapsed=1128.9s
  hw= 80 fp4_det      step= 157620/256000 current=2.2890 best=2.2890 elapsed=1158.2s
  hw= 80 fp4_det      step= 161880/256000 current=2.2890 best=2.2888 elapsed=1187.3s
  hw= 80 fp4_det      step= 166140/256000 current=2.2890 best=2.2888 elapsed=1216.8s
  hw= 80 fp4_det      step= 170400/256000 current=2.2889 best=2.2888 elapsed=1245.5s
  hw= 80 fp4_det      step= 174660/256000 current=2.2885 best=2.2885 elapsed=1275.0s
  hw= 80 fp4_det      step= 178920/256000 current=2.2887 best=2.2884 elapsed=1305.1s
  hw= 80 fp4_det      step= 183180/256000 current=2.2884 best=2.2884 elapsed=1336.8s
  hw= 80 fp4_det      step= 187440/256000 current=2.2884 best=2.2883 elapsed=1366.6s
  hw= 80 fp4_det      step= 191700/256000 current=2.2884 best=2.2882 elapsed=1396.6s
  hw= 80 fp4_det      step= 195960/256000 current=2.2884 best=2.2882 elapsed=1427.0s
  hw= 80 fp4_det      step= 200220/256000 current=2.2882 best=2.2882 elapsed=1457.8s
  hw= 80 fp4_det      step= 204480/256000 current=2.2878 best=2.2877 elapsed=1490.5s
  hw= 80 fp4_det      step= 208740/256000 current=2.2877 best=2.2877 elapsed=1522.3s
  hw= 80 fp4_det      step= 213000/256000 current=2.2876 best=2.2876 elapsed=1552.6s
  hw= 80 fp4_det      step= 217260/256000 current=2.2874 best=2.2874 elapsed=1581.5s
  hw= 80 fp4_det      step= 221520/256000 current=2.2874 best=2.2874 elapsed=1610.6s
  hw= 80 fp4_det      step= 225780/256000 current=2.2873 best=2.2873 elapsed=1639.7s
  hw= 80 fp4_det      step= 230040/256000 current=2.2871 best=2.2871 elapsed=1668.8s
  hw= 80 fp4_det      step= 234300/256000 current=2.2869 best=2.2869 elapsed=1697.6s
  hw= 80 fp4_det      step= 238560/256000 current=2.2867 best=2.2867 elapsed=1730.2s
  hw= 80 fp4_det      step= 242820/256000 current=2.2864 best=2.2863 elapsed=1761.9s
  hw= 80 fp4_det      step= 247080/256000 current=2.2864 best=2.2862 elapsed=1795.3s
  hw= 80 fp4_det      step= 251340/256000 current=2.2863 best=2.2861 elapsed=1825.5s
  hw= 80 fp4_det      step= 255600/256000 current=2.2864 best=2.2861 elapsed=1880.4s
  hw= 80 fp4_det      step= 256000/256000 current=2.2864 best=2.2861 elapsed=1883.4s
  hw= 80 fp4_stoch    step=      0/256000 current=3.3843 best=3.3843 elapsed=0.1s
  hw= 80 fp4_stoch    step=   4260/256000 current=2.5714 best=2.5714 elapsed=36.2s
  hw= 80 fp4_stoch    step=   8520/256000 current=2.3835 best=2.3835 elapsed=112.6s
  hw= 80 fp4_stoch    step=  12780/256000 current=2.3129 best=2.3129 elapsed=145.5s
  hw= 80 fp4_stoch    step=  17040/256000 current=2.2792 best=2.2792 elapsed=181.4s
  hw= 80 fp4_stoch    step=  21300/256000 current=2.2608 best=2.2608 elapsed=216.4s
  hw= 80 fp4_stoch    step=  25560/256000 current=2.2500 best=2.2500 elapsed=250.9s
  hw= 80 fp4_stoch    step=  29820/256000 current=2.2428 best=2.2428 elapsed=285.8s
  hw= 80 fp4_stoch    step=  34080/256000 current=2.2378 best=2.2378 elapsed=342.5s
  hw= 80 fp4_stoch    step=  38340/256000 current=2.2346 best=2.2346 elapsed=375.8s
  hw= 80 fp4_stoch    step=  42600/256000 current=2.2317 best=2.2317 elapsed=409.3s
  hw= 80 fp4_stoch    step=  46860/256000 current=2.2300 best=2.2300 elapsed=442.4s
  hw= 80 fp4_stoch    step=  51120/256000 current=2.2288 best=2.2288 elapsed=477.5s
  hw= 80 fp4_stoch    step=  55380/256000 current=2.2275 best=2.2275 elapsed=512.3s
  hw= 80 fp4_stoch    step=  59640/256000 current=2.2266 best=2.2266 elapsed=546.6s
  hw= 80 fp4_stoch    step=  63900/256000 current=2.2259 best=2.2259 elapsed=581.7s
  hw= 80 fp4_stoch    step=  68160/256000 current=2.2253 best=2.2252 elapsed=634.0s
  hw= 80 fp4_stoch    step=  72420/256000 current=2.2250 best=2.2249 elapsed=668.0s
  hw= 80 fp4_stoch    step=  76680/256000 current=2.2247 best=2.2247 elapsed=702.1s
  hw= 80 fp4_stoch    step=  80940/256000 current=2.2238 best=2.2237 elapsed=736.2s
  hw= 80 fp4_stoch    step=  85200/256000 current=2.2231 best=2.2230 elapsed=772.0s
  hw= 80 fp4_stoch    step=  89460/256000 current=2.2221 best=2.2221 elapsed=817.6s
  hw= 80 fp4_stoch    step=  93720/256000 current=2.2216 best=2.2215 elapsed=861.2s
  hw= 80 fp4_stoch    step=  97980/256000 current=2.2211 best=2.2210 elapsed=895.0s
  hw= 80 fp4_stoch    step= 102240/256000 current=2.2206 best=2.2206 elapsed=927.4s
  hw= 80 fp4_stoch    step= 106500/256000 current=2.2199 best=2.2198 elapsed=960.0s
  hw= 80 fp4_stoch    step= 110760/256000 current=2.2200 best=2.2198 elapsed=994.3s
  hw= 80 fp4_stoch    step= 115020/256000 current=2.2197 best=2.2197 elapsed=1028.3s
  hw= 80 fp4_stoch    step= 119280/256000 current=2.2190 best=2.2190 elapsed=1063.2s
  hw= 80 fp4_stoch    step= 123540/256000 current=2.2189 best=2.2188 elapsed=1098.2s
  hw= 80 fp4_stoch    step= 127800/256000 current=2.2188 best=2.2186 elapsed=1140.4s
  hw= 80 fp4_stoch    step= 132060/256000 current=2.2186 best=2.2186 elapsed=1170.5s
  hw= 80 fp4_stoch    step= 136320/256000 current=2.2187 best=2.2185 elapsed=1201.0s
  hw= 80 fp4_stoch    step= 140580/256000 current=2.2184 best=2.2183 elapsed=1231.2s
  hw= 80 fp4_stoch    step= 144840/256000 current=2.2179 best=2.2179 elapsed=1262.6s
  hw= 80 fp4_stoch    step= 149100/256000 current=2.2172 best=2.2171 elapsed=1292.1s
  hw= 80 fp4_stoch    step= 153360/256000 current=2.2175 best=2.2171 elapsed=1321.7s
  hw= 80 fp4_stoch    step= 157620/256000 current=2.2171 best=2.2171 elapsed=1352.0s
  hw= 80 fp4_stoch    step= 161880/256000 current=2.2171 best=2.2168 elapsed=1381.4s
  hw= 80 fp4_stoch    step= 166140/256000 current=2.2168 best=2.2168 elapsed=1410.6s
  hw= 80 fp4_stoch    step= 170400/256000 current=2.2170 best=2.2168 elapsed=1439.6s
  hw= 80 fp4_stoch    step= 174660/256000 current=2.2170 best=2.2166 elapsed=1469.5s
  hw= 80 fp4_stoch    step= 178920/256000 current=2.2169 best=2.2166 elapsed=1521.5s
  hw= 80 fp4_stoch    step= 183180/256000 current=2.2163 best=2.2163 elapsed=1556.1s
  hw= 80 fp4_stoch    step= 187440/256000 current=2.2159 best=2.2159 elapsed=1589.1s
  hw= 80 fp4_stoch    step= 191700/256000 current=2.2156 best=2.2155 elapsed=1619.4s
  hw= 80 fp4_stoch    step= 195960/256000 current=2.2149 best=2.2148 elapsed=1676.9s
  hw= 80 fp4_stoch    step= 200220/256000 current=2.2140 best=2.2140 elapsed=1726.0s
  hw= 80 fp4_stoch    step= 204480/256000 current=2.2137 best=2.2136 elapsed=1760.0s
  hw= 80 fp4_stoch    step= 208740/256000 current=2.2135 best=2.2135 elapsed=1794.3s
  hw= 80 fp4_stoch    step= 213000/256000 current=2.2132 best=2.2131 elapsed=1826.7s
  hw= 80 fp4_stoch    step= 217260/256000 current=2.2125 best=2.2124 elapsed=1859.2s
  hw= 80 fp4_stoch    step= 221520/256000 current=2.2122 best=2.2121 elapsed=1891.4s
  hw= 80 fp4_stoch    step= 225780/256000 current=2.2118 best=2.2118 elapsed=1925.6s
  hw= 80 fp4_stoch    step= 230040/256000 current=2.2112 best=2.2111 elapsed=1976.8s
  hw= 80 fp4_stoch    step= 234300/256000 current=2.2106 best=2.2106 elapsed=2010.6s
  hw= 80 fp4_stoch    step= 238560/256000 current=2.2101 best=2.2101 elapsed=2042.7s
  hw= 80 fp4_stoch    step= 242820/256000 current=2.2101 best=2.2099 elapsed=2081.4s
  hw= 80 fp4_stoch    step= 247080/256000 current=2.2102 best=2.2098 elapsed=2113.5s
  hw= 80 fp4_stoch    step= 251340/256000 current=2.2096 best=2.2095 elapsed=2145.5s
  hw= 80 fp4_stoch    step= 255600/256000 current=2.2090 best=2.2090 elapsed=2177.5s
  hw= 80 fp4_stoch    step= 256000/256000 current=2.2088 best=2.2088 elapsed=2180.4s
  hw= 80 fp32         step=      0/256000 current=2.9995 best=2.9995 elapsed=0.0s
  hw= 80 fp32         step=   4260/256000 current=2.0165 best=2.0165 elapsed=17.3s
  hw= 80 fp32         step=   8520/256000 current=1.6860 best=1.6860 elapsed=35.2s
  hw= 80 fp32         step=  12780/256000 current=1.4404 best=1.4404 elapsed=72.2s
  hw= 80 fp32         step=  17040/256000 current=1.2857 best=1.2857 elapsed=90.0s
  hw= 80 fp32         step=  21300/256000 current=1.1846 best=1.1846 elapsed=109.4s
  hw= 80 fp32         step=  25560/256000 current=1.1153 best=1.1153 elapsed=133.0s
  hw= 80 fp32         step=  29820/256000 current=1.0675 best=1.0675 elapsed=150.7s
  hw= 80 fp32         step=  34080/256000 current=1.0301 best=1.0301 elapsed=168.6s
  hw= 80 fp32         step=  38340/256000 current=1.0039 best=1.0038 elapsed=185.9s
  hw= 80 fp32         step=  42600/256000 current=0.9812 best=0.9812 elapsed=203.4s
  hw= 80 fp32         step=  46860/256000 current=0.9652 best=0.9650 elapsed=220.7s
  hw= 80 fp32         step=  51120/256000 current=0.9521 best=0.9519 elapsed=238.5s
  hw= 80 fp32         step=  55380/256000 current=0.9375 best=0.9375 elapsed=255.5s
  hw= 80 fp32         step=  59640/256000 current=0.9280 best=0.9271 elapsed=273.3s
  hw= 80 fp32         step=  63900/256000 current=0.9211 best=0.9211 elapsed=310.9s
  hw= 80 fp32         step=  68160/256000 current=0.9137 best=0.9137 elapsed=328.9s
  hw= 80 fp32         step=  72420/256000 current=0.9099 best=0.9090 elapsed=347.2s
  hw= 80 fp32         step=  76680/256000 current=0.9066 best=0.9054 elapsed=365.5s
  hw= 80 fp32         step=  80940/256000 current=0.9020 best=0.9003 elapsed=404.6s
  hw= 80 fp32         step=  85200/256000 current=0.8978 best=0.8969 elapsed=435.7s
  hw= 80 fp32         step=  89460/256000 current=0.8958 best=0.8953 elapsed=452.5s
  hw= 80 fp32         step=  93720/256000 current=0.8915 best=0.8914 elapsed=469.0s
  hw= 80 fp32         step=  97980/256000 current=0.8876 best=0.8875 elapsed=485.3s
  hw= 80 fp32         step= 102240/256000 current=0.8889 best=0.8867 elapsed=502.0s
  hw= 80 fp32         step= 106500/256000 current=0.8870 best=0.8863 elapsed=518.8s
  hw= 80 fp32         step= 110760/256000 current=0.8857 best=0.8840 elapsed=535.2s
  hw= 80 fp32         step= 115020/256000 current=0.8809 best=0.8801 elapsed=551.9s
  hw= 80 fp32         step= 119280/256000 current=0.8767 best=0.8767 elapsed=568.2s
  hw= 80 fp32         step= 123540/256000 current=0.8771 best=0.8739 elapsed=584.5s
  hw= 80 fp32         step= 127800/256000 current=0.8757 best=0.8739 elapsed=600.0s
  hw= 80 fp32         step= 132060/256000 current=0.8762 best=0.8739 elapsed=615.2s
  hw= 80 fp32         step= 136320/256000 current=0.8754 best=0.8727 elapsed=630.5s
  hw= 80 fp32         step= 140580/256000 current=0.8730 best=0.8715 elapsed=645.8s
  hw= 80 fp32         step= 144840/256000 current=0.8713 best=0.8689 elapsed=661.3s
  hw= 80 fp32         step= 149100/256000 current=0.8701 best=0.8689 elapsed=676.6s
  hw= 80 fp32         step= 153360/256000 current=0.8696 best=0.8682 elapsed=693.0s
  hw= 80 fp32         step= 157620/256000 current=0.8670 best=0.8658 elapsed=708.3s
  hw= 80 fp32         step= 161880/256000 current=0.8630 best=0.8624 elapsed=723.7s
  hw= 80 fp32         step= 166140/256000 current=0.8615 best=0.8604 elapsed=738.6s
  hw= 80 fp32         step= 170400/256000 current=0.8594 best=0.8583 elapsed=753.7s
  hw= 80 fp32         step= 174660/256000 current=0.8604 best=0.8580 elapsed=768.7s
  hw= 80 fp32         step= 178920/256000 current=0.8606 best=0.8580 elapsed=783.6s
  hw= 80 fp32         step= 183180/256000 current=0.8570 best=0.8563 elapsed=799.0s
  hw= 80 fp32         step= 187440/256000 current=0.8590 best=0.8563 elapsed=814.3s
  hw= 80 fp32         step= 191700/256000 current=0.8560 best=0.8550 elapsed=829.6s
  hw= 80 fp32         step= 195960/256000 current=0.8554 best=0.8537 elapsed=844.5s
  hw= 80 fp32         step= 200220/256000 current=0.8540 best=0.8506 elapsed=859.7s
  hw= 80 fp32         step= 204480/256000 current=0.8526 best=0.8506 elapsed=875.6s
  hw= 80 fp32         step= 208740/256000 current=0.8526 best=0.8506 elapsed=890.8s
  hw= 80 fp32         step= 213000/256000 current=0.8513 best=0.8506 elapsed=906.1s
  hw= 80 fp32         step= 217260/256000 current=0.8488 best=0.8480 elapsed=921.3s
  hw= 80 fp32         step= 221520/256000 current=0.8486 best=0.8477 elapsed=936.2s
  hw= 80 fp32         step= 225780/256000 current=0.8480 best=0.8475 elapsed=951.5s
  hw= 80 fp32         step= 230040/256000 current=0.8447 best=0.8440 elapsed=966.6s
  hw= 80 fp32         step= 234300/256000 current=0.8435 best=0.8426 elapsed=982.1s
  hw= 80 fp32         step= 238560/256000 current=0.8454 best=0.8425 elapsed=997.6s
  hw= 80 fp32         step= 242820/256000 current=0.8462 best=0.8425 elapsed=1014.3s
  hw= 80 fp32         step= 247080/256000 current=0.8478 best=0.8425 elapsed=1031.0s
  hw= 80 fp32         step= 251340/256000 current=0.8460 best=0.8425 elapsed=1045.9s
  hw= 80 fp32         step= 255600/256000 current=0.8421 best=0.8415 elapsed=1061.7s
  hw= 80 fp32         step= 256000/256000 current=0.8433 best=0.8415 elapsed=1063.1s
--- hidden_width=80 DONE in 5576.5s: baseline=1.1907 float_adam=2.2814 fp4_det=2.2861 fp4_stoch=2.2088 fp32=0.8415 ---

 hidden_w  n_steps  baseline  float_adam   fp4_det  fp4_stoch      fp32  det/fp32  stoch/fp32  det_beats_base  stoch_beats_base
        5    16000    0.0782      0.0495    0.1493     0.0861    0.0514     2.903       1.675           False             False
       10    32000    0.1523      0.1702    0.2611     0.2203    0.1036     2.519       2.126           False             False
       20    64000    0.3006      0.5209    0.5346     0.4675    0.1635     3.270       2.860           False             False
       40   128000    0.5973      1.0902    1.0444     1.0901    0.3641     2.869       2.994           False             False
       80   256000    1.1907      2.2814    2.2861     2.2088    0.8415     2.717       2.625           False             False
=== TOTAL elapsed 6969.1s (116.2 min) ===
