landmark_checklist: 5 seeds x 15000 steps x 100-eval, coef=0.05

[baseline] starting seed=1000 (15000 steps)...
  [seed=1000] step=200/15000 avg_step=9.6ms elapsed=2s eta=142s eval(20)=0.200
  [seed=1000] step=400/15000 avg_step=9.9ms elapsed=4s eta=145s eval(20)=0.200
  [seed=1000] step=600/15000 avg_step=10.8ms elapsed=6s eta=156s eval(20)=0.200
  [seed=1000] step=800/15000 avg_step=11.9ms elapsed=10s eta=170s eval(20)=0.200
  [seed=1000] step=1000/15000 avg_step=12.4ms elapsed=12s eta=174s eval(20)=0.250
  [seed=1000] step=1200/15000 avg_step=13.6ms elapsed=16s eta=188s eval(20)=0.200
  [seed=1000] step=1400/15000 avg_step=14.4ms elapsed=20s eta=196s eval(20)=0.300
  [seed=1000] step=1600/15000 avg_step=15.0ms elapsed=24s eta=201s eval(20)=0.200
  [seed=1000] step=1800/15000 avg_step=15.5ms elapsed=28s eta=204s eval(20)=0.250
  [seed=1000] step=2000/15000 avg_step=15.8ms elapsed=32s eta=205s eval(20)=0.200
  [seed=1000] step=2200/15000 avg_step=16.1ms elapsed=35s eta=206s eval(20)=0.200
  [seed=1000] step=2400/15000 avg_step=16.4ms elapsed=39s eta=207s eval(20)=0.250
  [seed=1000] step=2600/15000 avg_step=16.6ms elapsed=43s eta=205s eval(20)=0.450
  [seed=1000] step=2800/15000 avg_step=16.7ms elapsed=47s eta=204s eval(20)=0.450
  [seed=1000] step=3000/15000 avg_step=16.8ms elapsed=51s eta=202s eval(20)=0.550
  [seed=1000] step=3200/15000 avg_step=16.9ms elapsed=54s eta=200s eval(20)=0.550
  [seed=1000] step=3400/15000 avg_step=17.1ms elapsed=58s eta=198s eval(20)=0.600
  [seed=1000] step=3600/15000 avg_step=17.2ms elapsed=62s eta=196s eval(20)=0.700
  [seed=1000] step=3800/15000 avg_step=17.3ms elapsed=66s eta=194s eval(20)=0.700
  [seed=1000] step=4000/15000 avg_step=17.4ms elapsed=69s eta=191s eval(20)=0.600
  [seed=1000] step=4200/15000 avg_step=17.5ms elapsed=73s eta=189s eval(20)=0.650
  [seed=1000] step=4400/15000 avg_step=17.6ms elapsed=77s eta=186s eval(20)=0.650
  [seed=1000] step=4600/15000 avg_step=17.6ms elapsed=81s eta=184s eval(20)=0.750
  [seed=1000] step=4800/15000 avg_step=17.7ms elapsed=85s eta=181s eval(20)=0.700
  [seed=1000] step=5000/15000 avg_step=17.8ms elapsed=89s eta=178s eval(20)=0.700
  [seed=1000] step=5200/15000 avg_step=17.9ms elapsed=93s eta=175s eval(20)=0.650
  [seed=1000] step=5400/15000 avg_step=17.9ms elapsed=97s eta=172s eval(20)=0.700
  [seed=1000] step=5600/15000 avg_step=17.9ms elapsed=100s eta=168s eval(20)=0.700
  [seed=1000] step=5800/15000 avg_step=17.9ms elapsed=104s eta=165s eval(20)=0.700
  [seed=1000] step=6000/15000 avg_step=18.0ms elapsed=108s eta=162s eval(20)=0.650
  [seed=1000] step=6200/15000 avg_step=18.0ms elapsed=111s eta=158s eval(20)=0.650
  [seed=1000] step=6400/15000 avg_step=18.0ms elapsed=115s eta=155s eval(20)=0.650
  [seed=1000] step=6600/15000 avg_step=18.0ms elapsed=119s eta=151s eval(20)=0.600
  [seed=1000] step=6800/15000 avg_step=18.0ms elapsed=123s eta=148s eval(20)=0.650
  [seed=1000] step=7000/15000 avg_step=18.0ms elapsed=126s eta=144s eval(20)=0.600
  [seed=1000] step=7200/15000 avg_step=18.1ms elapsed=130s eta=141s eval(20)=0.650
  [seed=1000] step=7400/15000 avg_step=18.1ms elapsed=134s eta=137s eval(20)=0.600
  [seed=1000] step=7600/15000 avg_step=18.1ms elapsed=137s eta=134s eval(20)=0.600
  [seed=1000] step=7800/15000 avg_step=18.1ms elapsed=141s eta=130s eval(20)=0.600
  [seed=1000] step=8000/15000 avg_step=18.1ms elapsed=145s eta=127s eval(20)=0.500
  [seed=1000] step=8200/15000 avg_step=18.1ms elapsed=149s eta=123s eval(20)=0.500
  [seed=1000] step=8400/15000 avg_step=18.1ms elapsed=152s eta=120s eval(20)=0.450
  [seed=1000] step=8600/15000 avg_step=18.1ms elapsed=156s eta=116s eval(20)=0.450
  [seed=1000] step=8800/15000 avg_step=18.1ms elapsed=160s eta=113s eval(20)=0.450
  [seed=1000] step=9000/15000 avg_step=18.2ms elapsed=163s eta=109s eval(20)=0.450
  [seed=1000] step=9200/15000 avg_step=18.2ms elapsed=167s eta=105s eval(20)=0.400
  [seed=1000] step=9400/15000 avg_step=18.2ms elapsed=171s eta=102s eval(20)=0.400
  [seed=1000] step=9600/15000 avg_step=18.2ms elapsed=175s eta=98s eval(20)=0.400
  [seed=1000] step=9800/15000 avg_step=18.2ms elapsed=178s eta=95s eval(20)=0.400
  [seed=1000] step=10000/15000 avg_step=18.2ms elapsed=182s eta=91s eval(20)=0.400
  [seed=1000] step=10200/15000 avg_step=18.2ms elapsed=186s eta=87s eval(20)=0.400
  [seed=1000] step=10400/15000 avg_step=18.2ms elapsed=189s eta=84s eval(20)=0.400
  [seed=1000] step=10600/15000 avg_step=18.2ms elapsed=193s eta=80s eval(20)=0.400
  [seed=1000] step=10800/15000 avg_step=18.2ms elapsed=197s eta=77s eval(20)=0.400
  [seed=1000] step=11000/15000 avg_step=18.2ms elapsed=201s eta=73s eval(20)=0.400
  [seed=1000] step=11200/15000 avg_step=18.2ms elapsed=204s eta=69s eval(20)=0.450
  [seed=1000] step=11400/15000 avg_step=18.3ms elapsed=208s eta=66s eval(20)=0.450
  [seed=1000] step=11600/15000 avg_step=18.3ms elapsed=212s eta=62s eval(20)=0.450
  [seed=1000] step=11800/15000 avg_step=18.3ms elapsed=216s eta=58s eval(20)=0.450
  [seed=1000] step=12000/15000 avg_step=18.3ms elapsed=219s eta=55s eval(20)=0.450
  [seed=1000] step=12200/15000 avg_step=18.3ms elapsed=223s eta=51s eval(20)=0.450
  [seed=1000] step=12400/15000 avg_step=18.3ms elapsed=227s eta=48s eval(20)=0.450
  [seed=1000] step=12600/15000 avg_step=18.3ms elapsed=230s eta=44s eval(20)=0.450
  [seed=1000] step=12800/15000 avg_step=18.3ms elapsed=234s eta=40s eval(20)=0.450
  [seed=1000] step=13000/15000 avg_step=18.3ms elapsed=238s eta=37s eval(20)=0.450
  [seed=1000] step=13200/15000 avg_step=18.3ms elapsed=242s eta=33s eval(20)=0.400
  [seed=1000] step=13400/15000 avg_step=18.4ms elapsed=246s eta=29s eval(20)=0.400
  [seed=1000] step=13600/15000 avg_step=18.4ms elapsed=250s eta=26s eval(20)=0.400
  [seed=1000] step=13800/15000 avg_step=18.4ms elapsed=254s eta=22s eval(20)=0.400
  [seed=1000] step=14000/15000 avg_step=18.4ms elapsed=258s eta=18s eval(20)=0.400
  [seed=1000] step=14200/15000 avg_step=18.4ms elapsed=261s eta=15s eval(20)=0.400
  [seed=1000] step=14400/15000 avg_step=18.4ms elapsed=265s eta=11s eval(20)=0.400
  [seed=1000] step=14600/15000 avg_step=18.4ms elapsed=269s eta=7s eval(20)=0.400
  [seed=1000] step=14800/15000 avg_step=18.4ms elapsed=273s eta=4s eval(20)=0.400
  [seed=1000] step=15000/15000 avg_step=18.5ms elapsed=277s eta=0s eval(20)=0.400
[baseline] seed=1000 done: old_style=0.3333 eval_acc(100)=0.3700
[baseline] starting seed=1001 (15000 steps)...
  [seed=1001] step=200/15000 avg_step=9.1ms elapsed=2s eta=135s eval(20)=0.250
  [seed=1001] step=400/15000 avg_step=9.4ms elapsed=4s eta=138s eval(20)=0.200
  [seed=1001] step=600/15000 avg_step=10.3ms elapsed=6s eta=148s eval(20)=0.200
  [seed=1001] step=800/15000 avg_step=11.2ms elapsed=9s eta=160s eval(20)=0.250
  [seed=1001] step=1000/15000 avg_step=11.8ms elapsed=12s eta=165s eval(20)=0.250
  [seed=1001] step=1200/15000 avg_step=12.9ms elapsed=16s eta=178s eval(20)=0.400
  [seed=1001] step=1400/15000 avg_step=13.7ms elapsed=19s eta=187s eval(20)=0.500
  [seed=1001] step=1600/15000 avg_step=14.3ms elapsed=23s eta=192s eval(20)=0.500
  [seed=1001] step=1800/15000 avg_step=14.8ms elapsed=27s eta=195s eval(20)=0.550
  [seed=1001] step=2000/15000 avg_step=15.1ms elapsed=30s eta=197s eval(20)=0.500
  [seed=1001] step=2200/15000 avg_step=15.4ms elapsed=34s eta=198s eval(20)=0.600
  [seed=1001] step=2400/15000 avg_step=15.7ms elapsed=38s eta=198s eval(20)=0.600
  [seed=1001] step=2600/15000 avg_step=15.9ms elapsed=41s eta=198s eval(20)=0.650
  [seed=1001] step=2800/15000 avg_step=16.1ms elapsed=45s eta=197s eval(20)=0.700
  [seed=1001] step=3000/15000 avg_step=16.3ms elapsed=49s eta=195s eval(20)=0.650
  [seed=1001] step=3200/15000 avg_step=16.4ms elapsed=53s eta=194s eval(20)=0.650
  [seed=1001] step=3400/15000 avg_step=16.5ms elapsed=56s eta=192s eval(20)=0.700
  [seed=1001] step=3600/15000 avg_step=16.7ms elapsed=60s eta=190s eval(20)=0.650
  [seed=1001] step=3800/15000 avg_step=16.7ms elapsed=64s eta=188s eval(20)=0.600
  [seed=1001] step=4000/15000 avg_step=16.8ms elapsed=67s eta=185s eval(20)=0.700
  [seed=1001] step=4200/15000 avg_step=17.0ms elapsed=71s eta=184s eval(20)=0.650
  [seed=1001] step=4400/15000 avg_step=17.1ms elapsed=75s eta=181s eval(20)=0.700
  [seed=1001] step=4600/15000 avg_step=17.1ms elapsed=79s eta=178s eval(20)=0.750
  [seed=1001] step=4800/15000 avg_step=17.2ms elapsed=83s eta=175s eval(20)=0.750
  [seed=1001] step=5000/15000 avg_step=17.3ms elapsed=86s eta=173s eval(20)=0.700
  [seed=1001] step=5200/15000 avg_step=17.3ms elapsed=90s eta=170s eval(20)=0.650
  [seed=1001] step=5400/15000 avg_step=17.4ms elapsed=94s eta=167s eval(20)=0.650
  [seed=1001] step=5600/15000 avg_step=17.4ms elapsed=97s eta=163s eval(20)=0.700
  [seed=1001] step=5800/15000 avg_step=17.5ms elapsed=101s eta=161s eval(20)=0.700
  [seed=1001] step=6000/15000 avg_step=17.5ms elapsed=105s eta=158s eval(20)=0.700
  [seed=1001] step=6200/15000 avg_step=17.5ms elapsed=109s eta=154s eval(20)=0.700
  [seed=1001] step=6400/15000 avg_step=17.6ms elapsed=112s eta=151s eval(20)=0.750
  [seed=1001] step=6600/15000 avg_step=17.6ms elapsed=116s eta=148s eval(20)=0.750
  [seed=1001] step=6800/15000 avg_step=17.6ms elapsed=120s eta=145s eval(20)=0.650
  [seed=1001] step=7000/15000 avg_step=17.7ms elapsed=124s eta=142s eval(20)=0.600
  [seed=1001] step=7200/15000 avg_step=17.7ms elapsed=128s eta=138s eval(20)=0.550
  [seed=1001] step=7400/15000 avg_step=17.8ms elapsed=131s eta=135s eval(20)=0.500
  [seed=1001] step=7600/15000 avg_step=17.8ms elapsed=135s eta=132s eval(20)=0.550
  [seed=1001] step=7800/15000 avg_step=17.8ms elapsed=139s eta=128s eval(20)=0.600
  [seed=1001] step=8000/15000 avg_step=17.8ms elapsed=142s eta=125s eval(20)=0.550
  [seed=1001] step=8200/15000 avg_step=17.8ms elapsed=146s eta=121s eval(20)=0.600
  [seed=1001] step=8400/15000 avg_step=17.8ms elapsed=150s eta=118s eval(20)=0.600
  [seed=1001] step=8600/15000 avg_step=17.9ms elapsed=154s eta=114s eval(20)=0.600
  [seed=1001] step=8800/15000 avg_step=17.9ms elapsed=157s eta=111s eval(20)=0.600
  [seed=1001] step=9000/15000 avg_step=17.9ms elapsed=161s eta=107s eval(20)=0.500
  [seed=1001] step=9200/15000 avg_step=17.9ms elapsed=165s eta=104s eval(20)=0.500
  [seed=1001] step=9400/15000 avg_step=17.9ms elapsed=168s eta=100s eval(20)=0.500
  [seed=1001] step=9600/15000 avg_step=17.9ms elapsed=172s eta=97s eval(20)=0.500
  [seed=1001] step=9800/15000 avg_step=17.9ms elapsed=176s eta=93s eval(20)=0.450
  [seed=1001] step=10000/15000 avg_step=18.0ms elapsed=180s eta=90s eval(20)=0.450
  [seed=1001] step=10200/15000 avg_step=18.0ms elapsed=183s eta=86s eval(20)=0.450
  [seed=1001] step=10400/15000 avg_step=18.0ms elapsed=187s eta=83s eval(20)=0.450
  [seed=1001] step=10600/15000 avg_step=18.0ms elapsed=191s eta=79s eval(20)=0.450
  [seed=1001] step=10800/15000 avg_step=18.0ms elapsed=195s eta=76s eval(20)=0.450
  [seed=1001] step=11000/15000 avg_step=18.0ms elapsed=198s eta=72s eval(20)=0.400
  [seed=1001] step=11200/15000 avg_step=18.0ms elapsed=202s eta=69s eval(20)=0.400
  [seed=1001] step=11400/15000 avg_step=18.0ms elapsed=206s eta=65s eval(20)=0.400
  [seed=1001] step=11600/15000 avg_step=18.1ms elapsed=209s eta=61s eval(20)=0.400
  [seed=1001] step=11800/15000 avg_step=18.1ms elapsed=213s eta=58s eval(20)=0.400
  [seed=1001] step=12000/15000 avg_step=18.1ms elapsed=217s eta=54s eval(20)=0.400
  [seed=1001] step=12200/15000 avg_step=18.1ms elapsed=221s eta=51s eval(20)=0.350
  [seed=1001] step=12400/15000 avg_step=18.1ms elapsed=224s eta=47s eval(20)=0.350
  [seed=1001] step=12600/15000 avg_step=18.1ms elapsed=228s eta=43s eval(20)=0.350
  [seed=1001] step=12800/15000 avg_step=18.1ms elapsed=232s eta=40s eval(20)=0.350
  [seed=1001] step=13000/15000 avg_step=18.1ms elapsed=236s eta=36s eval(20)=0.350
  [seed=1001] step=13200/15000 avg_step=18.1ms elapsed=239s eta=33s eval(20)=0.300
  [seed=1001] step=13400/15000 avg_step=18.1ms elapsed=243s eta=29s eval(20)=0.300
  [seed=1001] step=13600/15000 avg_step=18.1ms elapsed=247s eta=25s eval(20)=0.300
  [seed=1001] step=13800/15000 avg_step=18.2ms elapsed=251s eta=22s eval(20)=0.300
  [seed=1001] step=14000/15000 avg_step=18.2ms elapsed=254s eta=18s eval(20)=0.300
  [seed=1001] step=14200/15000 avg_step=18.2ms elapsed=258s eta=15s eval(20)=0.300
  [seed=1001] step=14400/15000 avg_step=18.2ms elapsed=262s eta=11s eval(20)=0.300
  [seed=1001] step=14600/15000 avg_step=18.2ms elapsed=266s eta=7s eval(20)=0.300
  [seed=1001] step=14800/15000 avg_step=18.2ms elapsed=269s eta=4s eval(20)=0.300
  [seed=1001] step=15000/15000 avg_step=18.2ms elapsed=273s eta=0s eval(20)=0.300
[baseline] seed=1001 done: old_style=0.3333 eval_acc(100)=0.1900
[baseline] starting seed=1002 (15000 steps)...
  [seed=1002] step=200/15000 avg_step=9.2ms elapsed=2s eta=136s eval(20)=0.200
  [seed=1002] step=400/15000 avg_step=9.4ms elapsed=4s eta=137s eval(20)=0.250
  [seed=1002] step=600/15000 avg_step=10.3ms elapsed=6s eta=148s eval(20)=0.400
  [seed=1002] step=800/15000 avg_step=11.2ms elapsed=9s eta=159s eval(20)=0.550
  [seed=1002] step=1000/15000 avg_step=11.8ms elapsed=12s eta=165s eval(20)=0.450
  [seed=1002] step=1200/15000 avg_step=12.9ms elapsed=15s eta=178s eval(20)=0.450
  [seed=1002] step=1400/15000 avg_step=13.7ms elapsed=19s eta=186s eval(20)=0.350
  [seed=1002] step=1600/15000 avg_step=14.3ms elapsed=23s eta=191s eval(20)=0.450
  [seed=1002] step=1800/15000 avg_step=14.7ms elapsed=27s eta=194s eval(20)=0.500
  [seed=1002] step=2000/15000 avg_step=15.1ms elapsed=30s eta=196s eval(20)=0.450
  [seed=1002] step=2200/15000 avg_step=15.4ms elapsed=34s eta=197s eval(20)=0.400
  [seed=1002] step=2400/15000 avg_step=15.7ms elapsed=38s eta=198s eval(20)=0.350
  [seed=1002] step=2600/15000 avg_step=15.9ms elapsed=41s eta=197s eval(20)=0.350
  [seed=1002] step=2800/15000 avg_step=16.1ms elapsed=45s eta=196s eval(20)=0.350
  [seed=1002] step=3000/15000 avg_step=16.2ms elapsed=49s eta=195s eval(20)=0.350
  [seed=1002] step=3200/15000 avg_step=16.4ms elapsed=52s eta=193s eval(20)=0.400
  [seed=1002] step=3400/15000 avg_step=16.6ms elapsed=56s eta=192s eval(20)=0.350
  [seed=1002] step=3600/15000 avg_step=16.7ms elapsed=60s eta=190s eval(20)=0.350
  [seed=1002] step=3800/15000 avg_step=16.8ms elapsed=64s eta=188s eval(20)=0.400
  [seed=1002] step=4000/15000 avg_step=16.9ms elapsed=68s eta=186s eval(20)=0.400
  [seed=1002] step=4200/15000 avg_step=17.0ms elapsed=71s eta=184s eval(20)=0.450
  [seed=1002] step=4400/15000 avg_step=17.1ms elapsed=75s eta=181s eval(20)=0.250
  [seed=1002] step=4600/15000 avg_step=17.1ms elapsed=79s eta=178s eval(20)=0.200
  [seed=1002] step=4800/15000 avg_step=17.2ms elapsed=82s eta=175s eval(20)=0.150
  [seed=1002] step=5000/15000 avg_step=17.2ms elapsed=86s eta=172s eval(20)=0.400
  [seed=1002] step=5200/15000 avg_step=17.3ms elapsed=90s eta=169s eval(20)=0.300
  [seed=1002] step=5400/15000 avg_step=17.3ms elapsed=94s eta=166s eval(20)=0.300
  [seed=1002] step=5600/15000 avg_step=17.4ms elapsed=97s eta=163s eval(20)=0.350
  [seed=1002] step=5800/15000 avg_step=17.4ms elapsed=101s eta=160s eval(20)=0.400
  [seed=1002] step=6000/15000 avg_step=17.5ms elapsed=105s eta=157s eval(20)=0.550
  [seed=1002] step=6200/15000 avg_step=17.5ms elapsed=108s eta=154s eval(20)=0.550
  [seed=1002] step=6400/15000 avg_step=17.5ms elapsed=112s eta=151s eval(20)=0.550
  [seed=1002] step=6600/15000 avg_step=17.6ms elapsed=116s eta=148s eval(20)=0.550
  [seed=1002] step=6800/15000 avg_step=17.6ms elapsed=120s eta=144s eval(20)=0.550
  [seed=1002] step=7000/15000 avg_step=17.6ms elapsed=123s eta=141s eval(20)=0.550
  [seed=1002] step=7200/15000 avg_step=17.7ms elapsed=127s eta=138s eval(20)=0.550
  [seed=1002] step=7400/15000 avg_step=17.7ms elapsed=131s eta=134s eval(20)=0.550
  [seed=1002] step=7600/15000 avg_step=17.7ms elapsed=135s eta=131s eval(20)=0.550
  [seed=1002] step=7800/15000 avg_step=17.7ms elapsed=138s eta=128s eval(20)=0.550
  [seed=1002] step=8000/15000 avg_step=17.7ms elapsed=142s eta=124s eval(20)=0.550
  [seed=1002] step=8200/15000 avg_step=17.8ms elapsed=146s eta=121s eval(20)=0.550
  [seed=1002] step=8400/15000 avg_step=17.8ms elapsed=149s eta=117s eval(20)=0.550
  [seed=1002] step=8600/15000 avg_step=17.8ms elapsed=153s eta=114s eval(20)=0.550
  [seed=1002] step=8800/15000 avg_step=17.8ms elapsed=157s eta=111s eval(20)=0.650
  [seed=1002] step=9000/15000 avg_step=17.8ms elapsed=161s eta=107s eval(20)=0.650
  [seed=1002] step=9200/15000 avg_step=17.9ms elapsed=164s eta=104s eval(20)=0.650
  [seed=1002] step=9400/15000 avg_step=17.9ms elapsed=168s eta=100s eval(20)=0.650
  [seed=1002] step=9600/15000 avg_step=17.9ms elapsed=172s eta=97s eval(20)=0.700
  [seed=1002] step=9800/15000 avg_step=17.9ms elapsed=175s eta=93s eval(20)=0.650
  [seed=1002] step=10000/15000 avg_step=17.9ms elapsed=179s eta=90s eval(20)=0.600
  [seed=1002] step=10200/15000 avg_step=17.9ms elapsed=183s eta=86s eval(20)=0.600
  [seed=1002] step=10400/15000 avg_step=17.9ms elapsed=186s eta=82s eval(20)=0.650
  [seed=1002] step=10600/15000 avg_step=17.9ms elapsed=190s eta=79s eval(20)=0.650
  [seed=1002] step=10800/15000 avg_step=17.9ms elapsed=194s eta=75s eval(20)=0.650
  [seed=1002] step=11000/15000 avg_step=18.0ms elapsed=198s eta=72s eval(20)=0.650
  [seed=1002] step=11200/15000 avg_step=18.0ms elapsed=201s eta=68s eval(20)=0.650
  [seed=1002] step=11400/15000 avg_step=18.0ms elapsed=205s eta=65s eval(20)=0.650
  [seed=1002] step=11600/15000 avg_step=18.0ms elapsed=209s eta=61s eval(20)=0.700
  [seed=1002] step=11800/15000 avg_step=18.0ms elapsed=212s eta=58s eval(20)=0.700
  [seed=1002] step=12000/15000 avg_step=18.0ms elapsed=216s eta=54s eval(20)=0.750
  [seed=1002] step=12200/15000 avg_step=18.0ms elapsed=220s eta=50s eval(20)=0.750
  [seed=1002] step=12400/15000 avg_step=18.0ms elapsed=223s eta=47s eval(20)=0.700
  [seed=1002] step=12600/15000 avg_step=18.0ms elapsed=227s eta=43s eval(20)=0.700
  [seed=1002] step=12800/15000 avg_step=18.0ms elapsed=231s eta=40s eval(20)=0.750
  [seed=1002] step=13000/15000 avg_step=18.0ms elapsed=235s eta=36s eval(20)=0.750
  [seed=1002] step=13200/15000 avg_step=18.0ms elapsed=238s eta=32s eval(20)=0.750
  [seed=1002] step=13400/15000 avg_step=18.1ms elapsed=242s eta=29s eval(20)=0.750
  [seed=1002] step=13600/15000 avg_step=18.1ms elapsed=246s eta=25s eval(20)=0.700
  [seed=1002] step=13800/15000 avg_step=18.1ms elapsed=249s eta=22s eval(20)=0.700
  [seed=1002] step=14000/15000 avg_step=18.1ms elapsed=253s eta=18s eval(20)=0.700
  [seed=1002] step=14200/15000 avg_step=18.1ms elapsed=257s eta=14s eval(20)=0.700
  [seed=1002] step=14400/15000 avg_step=18.1ms elapsed=261s eta=11s eval(20)=0.700
  [seed=1002] step=14600/15000 avg_step=18.1ms elapsed=264s eta=7s eval(20)=0.700
  [seed=1002] step=14800/15000 avg_step=18.1ms elapsed=268s eta=4s eval(20)=0.700
  [seed=1002] step=15000/15000 avg_step=18.1ms elapsed=272s eta=0s eval(20)=0.700
[baseline] seed=1002 done: old_style=0.0000 eval_acc(100)=0.5300
[baseline] starting seed=1003 (15000 steps)...
  [seed=1003] step=200/15000 avg_step=9.2ms elapsed=2s eta=136s eval(20)=0.150
  [seed=1003] step=400/15000 avg_step=9.6ms elapsed=4s eta=139s eval(20)=0.150
  [seed=1003] step=600/15000 avg_step=10.3ms elapsed=6s eta=148s eval(20)=0.150
  [seed=1003] step=800/15000 avg_step=11.2ms elapsed=9s eta=160s eval(20)=0.150
  [seed=1003] step=1000/15000 avg_step=11.8ms elapsed=12s eta=165s eval(20)=0.200
  [seed=1003] step=1200/15000 avg_step=12.9ms elapsed=15s eta=178s eval(20)=0.200
  [seed=1003] step=1400/15000 avg_step=13.7ms elapsed=19s eta=187s eval(20)=0.300
  [seed=1003] step=1600/15000 avg_step=14.3ms elapsed=23s eta=192s eval(20)=0.500
  [seed=1003] step=1800/15000 avg_step=14.8ms elapsed=27s eta=195s eval(20)=0.500
  [seed=1003] step=2000/15000 avg_step=15.2ms elapsed=30s eta=197s eval(20)=0.550
  [seed=1003] step=2200/15000 avg_step=15.5ms elapsed=34s eta=198s eval(20)=0.350
  [seed=1003] step=2400/15000 avg_step=15.7ms elapsed=38s eta=198s eval(20)=0.350
  [seed=1003] step=2600/15000 avg_step=15.9ms elapsed=41s eta=198s eval(20)=0.300
  [seed=1003] step=2800/15000 avg_step=16.1ms elapsed=45s eta=197s eval(20)=0.550
  [seed=1003] step=3000/15000 avg_step=16.3ms elapsed=49s eta=195s eval(20)=0.450
  [seed=1003] step=3200/15000 avg_step=16.4ms elapsed=53s eta=194s eval(20)=0.500
  [seed=1003] step=3400/15000 avg_step=16.5ms elapsed=56s eta=192s eval(20)=0.500
  [seed=1003] step=3600/15000 avg_step=16.7ms elapsed=60s eta=190s eval(20)=0.550
  [seed=1003] step=3800/15000 avg_step=16.8ms elapsed=64s eta=188s eval(20)=0.550
  [seed=1003] step=4000/15000 avg_step=16.8ms elapsed=67s eta=185s eval(20)=0.550
  [seed=1003] step=4200/15000 avg_step=16.9ms elapsed=71s eta=183s eval(20)=0.700
  [seed=1003] step=4400/15000 avg_step=17.0ms elapsed=75s eta=180s eval(20)=0.800
  [seed=1003] step=4600/15000 avg_step=17.1ms elapsed=78s eta=177s eval(20)=0.850
  [seed=1003] step=4800/15000 avg_step=17.1ms elapsed=82s eta=175s eval(20)=0.800
  [seed=1003] step=5000/15000 avg_step=17.2ms elapsed=86s eta=172s eval(20)=0.700
  [seed=1003] step=5200/15000 avg_step=17.2ms elapsed=90s eta=169s eval(20)=0.750
  [seed=1003] step=5400/15000 avg_step=17.3ms elapsed=93s eta=166s eval(20)=0.700
  [seed=1003] step=5600/15000 avg_step=17.3ms elapsed=97s eta=163s eval(20)=0.600
  [seed=1003] step=5800/15000 avg_step=17.4ms elapsed=101s eta=160s eval(20)=0.600
  [seed=1003] step=6000/15000 avg_step=17.4ms elapsed=104s eta=157s eval(20)=0.650
  [seed=1003] step=6200/15000 avg_step=17.5ms elapsed=108s eta=154s eval(20)=0.700
  [seed=1003] step=6400/15000 avg_step=17.5ms elapsed=112s eta=150s eval(20)=0.450
  [seed=1003] step=6600/15000 avg_step=17.5ms elapsed=116s eta=147s eval(20)=0.450
  [seed=1003] step=6800/15000 avg_step=17.6ms elapsed=119s eta=144s eval(20)=0.600
  [seed=1003] step=7000/15000 avg_step=17.6ms elapsed=123s eta=141s eval(20)=0.650
  [seed=1003] step=7200/15000 avg_step=17.6ms elapsed=127s eta=137s eval(20)=0.600
  [seed=1003] step=7400/15000 avg_step=17.6ms elapsed=130s eta=134s eval(20)=0.600
  [seed=1003] step=7600/15000 avg_step=17.7ms elapsed=134s eta=131s eval(20)=0.600
  [seed=1003] step=7800/15000 avg_step=17.7ms elapsed=138s eta=127s eval(20)=0.600
  [seed=1003] step=8000/15000 avg_step=17.7ms elapsed=142s eta=124s eval(20)=0.500
  [seed=1003] step=8200/15000 avg_step=17.7ms elapsed=145s eta=120s eval(20)=0.550
  [seed=1003] step=8400/15000 avg_step=17.7ms elapsed=149s eta=117s eval(20)=0.550
  [seed=1003] step=8600/15000 avg_step=17.8ms elapsed=153s eta=114s eval(20)=0.550
  [seed=1003] step=8800/15000 avg_step=17.8ms elapsed=156s eta=110s eval(20)=0.500
  [seed=1003] step=9000/15000 avg_step=17.8ms elapsed=160s eta=107s eval(20)=0.550
  [seed=1003] step=9200/15000 avg_step=17.8ms elapsed=164s eta=103s eval(20)=0.500
  [seed=1003] step=9400/15000 avg_step=17.8ms elapsed=168s eta=100s eval(20)=0.500
  [seed=1003] step=9600/15000 avg_step=17.8ms elapsed=171s eta=96s eval(20)=0.500
  [seed=1003] step=9800/15000 avg_step=17.9ms elapsed=175s eta=93s eval(20)=0.550
  [seed=1003] step=10000/15000 avg_step=17.9ms elapsed=179s eta=89s eval(20)=0.550
  [seed=1003] step=10200/15000 avg_step=17.9ms elapsed=182s eta=86s eval(20)=0.550
  [seed=1003] step=10400/15000 avg_step=17.9ms elapsed=186s eta=82s eval(20)=0.550
  [seed=1003] step=10600/15000 avg_step=17.9ms elapsed=190s eta=79s eval(20)=0.600
  [seed=1003] step=10800/15000 avg_step=17.9ms elapsed=194s eta=75s eval(20)=0.600
  [seed=1003] step=11000/15000 avg_step=17.9ms elapsed=197s eta=72s eval(20)=0.600
  [seed=1003] step=11200/15000 avg_step=18.0ms elapsed=201s eta=68s eval(20)=0.600
  [seed=1003] step=11400/15000 avg_step=18.0ms elapsed=205s eta=65s eval(20)=0.650
  [seed=1003] step=11600/15000 avg_step=18.0ms elapsed=209s eta=61s eval(20)=0.650
  [seed=1003] step=11800/15000 avg_step=18.0ms elapsed=212s eta=58s eval(20)=0.650
  [seed=1003] step=12000/15000 avg_step=18.0ms elapsed=216s eta=54s eval(20)=0.650
  [seed=1003] step=12200/15000 avg_step=18.0ms elapsed=220s eta=50s eval(20)=0.650
  [seed=1003] step=12400/15000 avg_step=18.0ms elapsed=223s eta=47s eval(20)=0.650
  [seed=1003] step=12600/15000 avg_step=18.0ms elapsed=227s eta=43s eval(20)=0.650
  [seed=1003] step=12800/15000 avg_step=18.0ms elapsed=231s eta=40s eval(20)=0.650
  [seed=1003] step=13000/15000 avg_step=18.0ms elapsed=234s eta=36s eval(20)=0.650
  [seed=1003] step=13200/15000 avg_step=18.0ms elapsed=238s eta=32s eval(20)=0.650
  [seed=1003] step=13400/15000 avg_step=18.0ms elapsed=242s eta=29s eval(20)=0.650
  [seed=1003] step=13600/15000 avg_step=18.1ms elapsed=246s eta=25s eval(20)=0.600
  [seed=1003] step=13800/15000 avg_step=18.1ms elapsed=249s eta=22s eval(20)=0.550
  [seed=1003] step=14000/15000 avg_step=18.1ms elapsed=253s eta=18s eval(20)=0.500
  [seed=1003] step=14200/15000 avg_step=18.1ms elapsed=257s eta=14s eval(20)=0.500
  [seed=1003] step=14400/15000 avg_step=18.1ms elapsed=261s eta=11s eval(20)=0.500
  [seed=1003] step=14600/15000 avg_step=18.1ms elapsed=264s eta=7s eval(20)=0.500
  [seed=1003] step=14800/15000 avg_step=18.1ms elapsed=268s eta=4s eval(20)=0.500
  [seed=1003] step=15000/15000 avg_step=18.1ms elapsed=272s eta=0s eval(20)=0.500
[baseline] seed=1003 done: old_style=0.3333 eval_acc(100)=0.5000
[baseline] starting seed=1004 (15000 steps)...
  [seed=1004] step=200/15000 avg_step=9.2ms elapsed=2s eta=137s eval(20)=0.050
  [seed=1004] step=400/15000 avg_step=9.5ms elapsed=4s eta=138s eval(20)=0.150
  [seed=1004] step=600/15000 avg_step=10.3ms elapsed=6s eta=148s eval(20)=0.350
  [seed=1004] step=800/15000 avg_step=11.2ms elapsed=9s eta=159s eval(20)=0.400
  [seed=1004] step=1000/15000 avg_step=11.8ms elapsed=12s eta=165s eval(20)=0.400
  [seed=1004] step=1200/15000 avg_step=12.8ms elapsed=15s eta=177s eval(20)=0.400
  [seed=1004] step=1400/15000 avg_step=13.6ms elapsed=19s eta=185s eval(20)=0.400
  [seed=1004] step=1600/15000 avg_step=14.2ms elapsed=23s eta=191s eval(20)=0.350
  [seed=1004] step=1800/15000 avg_step=14.7ms elapsed=26s eta=194s eval(20)=0.450
  [seed=1004] step=2000/15000 avg_step=15.1ms elapsed=30s eta=196s eval(20)=0.500
  [seed=1004] step=2200/15000 avg_step=15.4ms elapsed=34s eta=197s eval(20)=0.500
  [seed=1004] step=2400/15000 avg_step=15.6ms elapsed=38s eta=197s eval(20)=0.500
  [seed=1004] step=2600/15000 avg_step=15.9ms elapsed=41s eta=197s eval(20)=0.450
  [seed=1004] step=2800/15000 avg_step=16.0ms elapsed=45s eta=196s eval(20)=0.450
  [seed=1004] step=3000/15000 avg_step=16.2ms elapsed=49s eta=195s eval(20)=0.400
  [seed=1004] step=3200/15000 avg_step=16.4ms elapsed=52s eta=193s eval(20)=0.400
  [seed=1004] step=3400/15000 avg_step=16.5ms elapsed=56s eta=191s eval(20)=0.450
  [seed=1004] step=3600/15000 avg_step=16.6ms elapsed=60s eta=189s eval(20)=0.400
  [seed=1004] step=3800/15000 avg_step=16.7ms elapsed=63s eta=187s eval(20)=0.450
  [seed=1004] step=4000/15000 avg_step=16.8ms elapsed=67s eta=185s eval(20)=0.450
  [seed=1004] step=4200/15000 avg_step=16.9ms elapsed=71s eta=182s eval(20)=0.450
  [seed=1004] step=4400/15000 avg_step=16.9ms elapsed=75s eta=180s eval(20)=0.450
  [seed=1004] step=4600/15000 avg_step=17.0ms elapsed=78s eta=177s eval(20)=0.400
  [seed=1004] step=4800/15000 avg_step=17.1ms elapsed=82s eta=174s eval(20)=0.400
  [seed=1004] step=5000/15000 avg_step=17.1ms elapsed=86s eta=171s eval(20)=0.400
  [seed=1004] step=5200/15000 avg_step=17.2ms elapsed=89s eta=168s eval(20)=0.400
  [seed=1004] step=5400/15000 avg_step=17.2ms elapsed=93s eta=165s eval(20)=0.500
  [seed=1004] step=5600/15000 avg_step=17.3ms elapsed=97s eta=162s eval(20)=0.550
  [seed=1004] step=5800/15000 avg_step=17.3ms elapsed=100s eta=159s eval(20)=0.550
  [seed=1004] step=6000/15000 avg_step=17.4ms elapsed=104s eta=156s eval(20)=0.550
  [seed=1004] step=6200/15000 avg_step=17.4ms elapsed=108s eta=153s eval(20)=0.450
  [seed=1004] step=6400/15000 avg_step=17.4ms elapsed=112s eta=150s eval(20)=0.450
  [seed=1004] step=6600/15000 avg_step=17.5ms elapsed=115s eta=147s eval(20)=0.500
  [seed=1004] step=6800/15000 avg_step=17.5ms elapsed=119s eta=143s eval(20)=0.450
  [seed=1004] step=7000/15000 avg_step=17.5ms elapsed=123s eta=140s eval(20)=0.400
  [seed=1004] step=7200/15000 avg_step=17.5ms elapsed=126s eta=137s eval(20)=0.400
  [seed=1004] step=7400/15000 avg_step=17.6ms elapsed=130s eta=134s eval(20)=0.350
  [seed=1004] step=7600/15000 avg_step=17.6ms elapsed=134s eta=130s eval(20)=0.350
  [seed=1004] step=7800/15000 avg_step=17.6ms elapsed=137s eta=127s eval(20)=0.300
  [seed=1004] step=8000/15000 avg_step=17.6ms elapsed=141s eta=123s eval(20)=0.300
  [seed=1004] step=8200/15000 avg_step=17.7ms elapsed=145s eta=120s eval(20)=0.300
  [seed=1004] step=8400/15000 avg_step=17.7ms elapsed=148s eta=117s eval(20)=0.350
  [seed=1004] step=8600/15000 avg_step=17.7ms elapsed=152s eta=113s eval(20)=0.350
  [seed=1004] step=8800/15000 avg_step=17.8ms elapsed=156s eta=110s eval(20)=0.350
  [seed=1004] step=9000/15000 avg_step=17.8ms elapsed=160s eta=107s eval(20)=0.350
  [seed=1004] step=9200/15000 avg_step=17.8ms elapsed=164s eta=103s eval(20)=0.300
  [seed=1004] step=9400/15000 avg_step=17.8ms elapsed=167s eta=100s eval(20)=0.300
  [seed=1004] step=9600/15000 avg_step=17.8ms elapsed=171s eta=96s eval(20)=0.300
  [seed=1004] step=9800/15000 avg_step=17.8ms elapsed=175s eta=93s eval(20)=0.250
  [seed=1004] step=10000/15000 avg_step=17.8ms elapsed=178s eta=89s eval(20)=0.250
  [seed=1004] step=10200/15000 avg_step=17.9ms elapsed=182s eta=86s eval(20)=0.250
  [seed=1004] step=10400/15000 avg_step=17.9ms elapsed=186s eta=82s eval(20)=0.250
  [seed=1004] step=10600/15000 avg_step=17.9ms elapsed=190s eta=79s eval(20)=0.300
  [seed=1004] step=10800/15000 avg_step=17.9ms elapsed=193s eta=75s eval(20)=0.350
  [seed=1004] step=11000/15000 avg_step=17.9ms elapsed=197s eta=72s eval(20)=0.350
  [seed=1004] step=11200/15000 avg_step=17.9ms elapsed=201s eta=68s eval(20)=0.350
  [seed=1004] step=11400/15000 avg_step=17.9ms elapsed=204s eta=65s eval(20)=0.400
  [seed=1004] step=11600/15000 avg_step=18.0ms elapsed=208s eta=61s eval(20)=0.400
  [seed=1004] step=11800/15000 avg_step=18.0ms elapsed=212s eta=58s eval(20)=0.400
  [seed=1004] step=12000/15000 avg_step=18.0ms elapsed=216s eta=54s eval(20)=0.400
  [seed=1004] step=12200/15000 avg_step=18.0ms elapsed=220s eta=50s eval(20)=0.400
  [seed=1004] step=12400/15000 avg_step=18.0ms elapsed=223s eta=47s eval(20)=0.400
  [seed=1004] step=12600/15000 avg_step=18.0ms elapsed=227s eta=43s eval(20)=0.400
  [seed=1004] step=12800/15000 avg_step=18.0ms elapsed=231s eta=40s eval(20)=0.400
  [seed=1004] step=13000/15000 avg_step=18.0ms elapsed=234s eta=36s eval(20)=0.400
  [seed=1004] step=13200/15000 avg_step=18.0ms elapsed=238s eta=32s eval(20)=0.400
  [seed=1004] step=13400/15000 avg_step=18.0ms elapsed=242s eta=29s eval(20)=0.400
  [seed=1004] step=13600/15000 avg_step=18.0ms elapsed=245s eta=25s eval(20)=0.400
  [seed=1004] step=13800/15000 avg_step=18.1ms elapsed=249s eta=22s eval(20)=0.400
  [seed=1004] step=14000/15000 avg_step=18.1ms elapsed=253s eta=18s eval(20)=0.400
  [seed=1004] step=14200/15000 avg_step=18.1ms elapsed=257s eta=14s eval(20)=0.400
  [seed=1004] step=14400/15000 avg_step=18.1ms elapsed=260s eta=11s eval(20)=0.400
  [seed=1004] step=14600/15000 avg_step=18.1ms elapsed=264s eta=7s eval(20)=0.400
  [seed=1004] step=14800/15000 avg_step=18.1ms elapsed=268s eta=4s eval(20)=0.400
  [seed=1004] step=15000/15000 avg_step=18.1ms elapsed=271s eta=0s eval(20)=0.400
[baseline] seed=1004 done: old_style=0.6667 eval_acc(100)=0.4100
[baseline] CONFIG DONE: old_style_mean=0.3333 eval_acc_mean=0.4000 eval_per_seed=[0.37, 0.19, 0.53, 0.5, 0.41] skip_rate=0.000% avg_step=18.2ms

[baseline_energy] starting seed=1000 (15000 steps)...
  [seed=1000] step=200/15000 avg_step=16.8ms elapsed=3s eta=248s eval(20)=0.050
  [seed=1000] step=400/15000 avg_step=17.5ms elapsed=7s eta=255s eval(20)=0.000
  [seed=1000] step=600/15000 avg_step=19.0ms elapsed=11s eta=274s eval(20)=0.200
  [seed=1000] step=800/15000 avg_step=20.9ms elapsed=17s eta=297s eval(20)=0.000
  [seed=1000] step=1000/15000 avg_step=22.0ms elapsed=22s eta=308s eval(20)=0.000
  [seed=1000] step=1200/15000 avg_step=24.2ms elapsed=29s eta=334s eval(20)=0.050
  [seed=1000] step=1400/15000 avg_step=25.9ms elapsed=36s eta=353s eval(20)=0.100
  [seed=1000] step=1600/15000 avg_step=27.1ms elapsed=43s eta=363s eval(20)=0.050
  [seed=1000] step=1800/15000 avg_step=28.0ms elapsed=50s eta=370s eval(20)=0.050
  [seed=1000] step=2000/15000 avg_step=28.7ms elapsed=57s eta=374s eval(20)=0.050
  [seed=1000] step=2200/15000 avg_step=29.5ms elapsed=65s eta=377s eval(20)=0.100
  [seed=1000] step=2400/15000 avg_step=30.0ms elapsed=72s eta=379s eval(20)=0.150
  [seed=1000] step=2600/15000 avg_step=30.7ms elapsed=80s eta=381s eval(20)=0.100
  [seed=1000] step=2800/15000 avg_step=31.0ms elapsed=87s eta=378s eval(20)=0.050
  [seed=1000] step=3000/15000 avg_step=31.4ms elapsed=94s eta=377s eval(20)=0.050
  [seed=1000] step=3200/15000 avg_step=31.6ms elapsed=101s eta=373s eval(20)=0.200
  [seed=1000] step=3400/15000 avg_step=31.9ms elapsed=108s eta=370s eval(20)=0.050
  [seed=1000] step=3600/15000 avg_step=32.1ms elapsed=115s eta=365s eval(20)=0.150
  [seed=1000] step=3800/15000 avg_step=32.3ms elapsed=123s eta=362s eval(20)=0.200
  [seed=1000] step=4000/15000 avg_step=32.5ms elapsed=130s eta=357s eval(20)=0.200
  [seed=1000] step=4200/15000 avg_step=32.6ms elapsed=137s eta=352s eval(20)=0.200
  [seed=1000] step=4400/15000 avg_step=32.7ms elapsed=144s eta=347s eval(20)=0.050
  [seed=1000] step=4600/15000 avg_step=32.8ms elapsed=151s eta=342s eval(20)=0.200
  [seed=1000] step=4800/15000 avg_step=33.0ms elapsed=158s eta=336s eval(20)=0.200
  [seed=1000] step=5000/15000 avg_step=33.1ms elapsed=166s eta=331s eval(20)=0.150
  [seed=1000] step=5200/15000 avg_step=33.2ms elapsed=173s eta=325s eval(20)=0.150
  [seed=1000] step=5400/15000 avg_step=33.3ms elapsed=180s eta=319s eval(20)=0.150
  [seed=1000] step=5600/15000 avg_step=33.4ms elapsed=187s eta=314s eval(20)=0.150
  [seed=1000] step=5800/15000 avg_step=33.6ms elapsed=195s eta=309s eval(20)=0.150
  [seed=1000] step=6000/15000 avg_step=33.6ms elapsed=202s eta=303s eval(20)=0.000
  [seed=1000] step=6200/15000 avg_step=33.7ms elapsed=209s eta=296s eval(20)=0.050
  [seed=1000] step=6400/15000 avg_step=33.8ms elapsed=216s eta=290s eval(20)=0.050
  [seed=1000] step=6600/15000 avg_step=33.8ms elapsed=223s eta=284s eval(20)=0.050
  [seed=1000] step=6800/15000 avg_step=33.8ms elapsed=230s eta=278s eval(20)=0.200
  [seed=1000] step=7000/15000 avg_step=33.9ms elapsed=237s eta=271s eval(20)=0.200
  [seed=1000] step=7200/15000 avg_step=33.9ms elapsed=244s eta=265s eval(20)=0.200
  [seed=1000] step=7400/15000 avg_step=34.0ms elapsed=251s eta=258s eval(20)=0.200
  [seed=1000] step=7600/15000 avg_step=34.0ms elapsed=258s eta=252s eval(20)=0.050
  [seed=1000] step=7800/15000 avg_step=34.0ms elapsed=265s eta=245s eval(20)=0.150
  [seed=1000] step=8000/15000 avg_step=34.1ms elapsed=273s eta=238s eval(20)=0.200
  [seed=1000] step=8200/15000 avg_step=34.1ms elapsed=280s eta=232s eval(20)=0.200
  [seed=1000] step=8400/15000 avg_step=34.1ms elapsed=287s eta=225s eval(20)=0.200
  [seed=1000] step=8600/15000 avg_step=34.2ms elapsed=294s eta=219s eval(20)=0.200
  [seed=1000] step=8800/15000 avg_step=34.2ms elapsed=301s eta=212s eval(20)=0.200
  [seed=1000] step=9000/15000 avg_step=34.2ms elapsed=308s eta=205s eval(20)=0.200
  [seed=1000] step=9200/15000 avg_step=34.2ms elapsed=315s eta=199s eval(20)=0.200
  [seed=1000] step=9400/15000 avg_step=34.3ms elapsed=322s eta=192s eval(20)=0.050
  [seed=1000] step=9600/15000 avg_step=34.3ms elapsed=329s eta=185s eval(20)=0.050
  [seed=1000] step=9800/15000 avg_step=34.3ms elapsed=336s eta=178s eval(20)=0.100
  [seed=1000] step=10000/15000 avg_step=34.3ms elapsed=343s eta=172s eval(20)=0.050
  [seed=1000] step=10200/15000 avg_step=34.4ms elapsed=350s eta=165s eval(20)=0.050
  [seed=1000] step=10400/15000 avg_step=34.4ms elapsed=357s eta=158s eval(20)=0.050
  [seed=1000] step=10600/15000 avg_step=34.4ms elapsed=365s eta=151s eval(20)=0.050
  [seed=1000] step=10800/15000 avg_step=34.4ms elapsed=372s eta=145s eval(20)=0.200
  [seed=1000] step=11000/15000 avg_step=34.4ms elapsed=379s eta=138s eval(20)=0.200
  [seed=1000] step=11200/15000 avg_step=34.4ms elapsed=386s eta=131s eval(20)=0.200
  [seed=1000] step=11400/15000 avg_step=34.5ms elapsed=393s eta=124s eval(20)=0.100
  [seed=1000] step=11600/15000 avg_step=34.5ms elapsed=400s eta=117s eval(20)=0.050
  [seed=1000] step=11800/15000 avg_step=34.5ms elapsed=407s eta=110s eval(20)=0.050
  [seed=1000] step=12000/15000 avg_step=34.5ms elapsed=414s eta=104s eval(20)=0.050
  [seed=1000] step=12200/15000 avg_step=34.5ms elapsed=421s eta=97s eval(20)=0.050
  [seed=1000] step=12400/15000 avg_step=34.5ms elapsed=428s eta=90s eval(20)=0.050
  [seed=1000] step=12600/15000 avg_step=34.5ms elapsed=435s eta=83s eval(20)=0.050
  [seed=1000] step=12800/15000 avg_step=34.6ms elapsed=442s eta=76s eval(20)=0.050
  [seed=1000] step=13000/15000 avg_step=34.6ms elapsed=449s eta=69s eval(20)=0.050
  [seed=1000] step=13200/15000 avg_step=34.6ms elapsed=456s eta=62s eval(20)=0.050
  [seed=1000] step=13400/15000 avg_step=34.6ms elapsed=463s eta=55s eval(20)=0.050
  [seed=1000] step=13600/15000 avg_step=34.6ms elapsed=471s eta=48s eval(20)=0.050
  [seed=1000] step=13800/15000 avg_step=34.6ms elapsed=478s eta=42s eval(20)=0.150
  [seed=1000] step=14000/15000 avg_step=34.6ms elapsed=485s eta=35s eval(20)=0.100
  [seed=1000] step=14200/15000 avg_step=34.6ms elapsed=492s eta=28s eval(20)=0.050
  [seed=1000] step=14400/15000 avg_step=34.6ms elapsed=499s eta=21s eval(20)=0.100
  [seed=1000] step=14600/15000 avg_step=34.6ms elapsed=506s eta=14s eval(20)=0.100
  [seed=1000] step=14800/15000 avg_step=34.7ms elapsed=513s eta=7s eval(20)=0.100
  [seed=1000] step=15000/15000 avg_step=34.7ms elapsed=520s eta=0s eval(20)=0.100
[baseline_energy] seed=1000 done: old_style=0.3333 eval_acc(100)=0.0700
[baseline_energy] starting seed=1001 (15000 steps)...
  [seed=1001] step=200/15000 avg_step=16.7ms elapsed=3s eta=247s eval(20)=0.100
  [seed=1001] step=400/15000 avg_step=17.4ms elapsed=7s eta=254s eval(20)=0.150
  [seed=1001] step=600/15000 avg_step=19.0ms elapsed=11s eta=274s eval(20)=0.050
  [seed=1001] step=800/15000 avg_step=20.9ms elapsed=17s eta=297s eval(20)=0.000
  [seed=1001] step=1000/15000 avg_step=22.1ms elapsed=22s eta=309s eval(20)=0.200
  [seed=1001] step=1200/15000 avg_step=24.4ms elapsed=29s eta=336s eval(20)=0.000
  [seed=1001] step=1400/15000 avg_step=25.9ms elapsed=36s eta=353s eval(20)=0.100
  [seed=1001] step=1600/15000 avg_step=27.2ms elapsed=44s eta=365s eval(20)=0.150
  [seed=1001] step=1800/15000 avg_step=28.2ms elapsed=51s eta=372s eval(20)=0.250
  [seed=1001] step=2000/15000 avg_step=29.1ms elapsed=58s eta=378s eval(20)=0.150
  [seed=1001] step=2200/15000 avg_step=29.6ms elapsed=65s eta=380s eval(20)=0.000
  [seed=1001] step=2400/15000 avg_step=30.1ms elapsed=72s eta=379s eval(20)=0.150
  [seed=1001] step=2600/15000 avg_step=30.5ms elapsed=79s eta=379s eval(20)=0.250
  [seed=1001] step=2800/15000 avg_step=31.0ms elapsed=87s eta=378s eval(20)=0.100
  [seed=1001] step=3000/15000 avg_step=31.3ms elapsed=94s eta=375s eval(20)=0.100
  [seed=1001] step=3200/15000 avg_step=31.5ms elapsed=101s eta=372s eval(20)=0.150
  [seed=1001] step=3400/15000 avg_step=31.8ms elapsed=108s eta=368s eval(20)=0.150
  [seed=1001] step=3600/15000 avg_step=32.0ms elapsed=115s eta=365s eval(20)=0.100
  [seed=1001] step=3800/15000 avg_step=32.3ms elapsed=123s eta=362s eval(20)=0.100
  [seed=1001] step=4000/15000 avg_step=32.5ms elapsed=130s eta=357s eval(20)=0.250
  [seed=1001] step=4200/15000 avg_step=32.6ms elapsed=137s eta=352s eval(20)=0.150
  [seed=1001] step=4400/15000 avg_step=32.7ms elapsed=144s eta=347s eval(20)=0.150
  [seed=1001] step=4600/15000 avg_step=32.9ms elapsed=151s eta=342s eval(20)=0.050
  [seed=1001] step=4800/15000 avg_step=33.0ms elapsed=158s eta=336s eval(20)=0.050
  [seed=1001] step=5000/15000 avg_step=33.0ms elapsed=165s eta=330s eval(20)=0.100
  [seed=1001] step=5200/15000 avg_step=33.2ms elapsed=172s eta=325s eval(20)=0.050
  [seed=1001] step=5400/15000 avg_step=33.2ms elapsed=180s eta=319s eval(20)=0.100
  [seed=1001] step=5600/15000 avg_step=33.3ms elapsed=187s eta=313s eval(20)=0.050
  [seed=1001] step=5800/15000 avg_step=33.4ms elapsed=194s eta=307s eval(20)=0.100
  [seed=1001] step=6000/15000 avg_step=33.5ms elapsed=201s eta=301s eval(20)=0.100
  [seed=1001] step=6200/15000 avg_step=33.5ms elapsed=208s eta=295s eval(20)=0.100
  [seed=1001] step=6400/15000 avg_step=33.6ms elapsed=215s eta=289s eval(20)=0.000
  [seed=1001] step=6600/15000 avg_step=33.6ms elapsed=222s eta=282s eval(20)=0.100
  [seed=1001] step=6800/15000 avg_step=33.7ms elapsed=229s eta=276s eval(20)=0.100
  [seed=1001] step=7000/15000 avg_step=33.7ms elapsed=236s eta=270s eval(20)=0.100
  [seed=1001] step=7200/15000 avg_step=33.8ms elapsed=243s eta=263s eval(20)=0.100
  [seed=1001] step=7400/15000 avg_step=33.8ms elapsed=250s eta=257s eval(20)=0.100
  [seed=1001] step=7600/15000 avg_step=33.9ms elapsed=257s eta=251s eval(20)=0.150
  [seed=1001] step=7800/15000 avg_step=33.9ms elapsed=264s eta=244s eval(20)=0.150
  [seed=1001] step=8000/15000 avg_step=33.9ms elapsed=271s eta=238s eval(20)=0.150
  [seed=1001] step=8200/15000 avg_step=34.0ms elapsed=278s eta=231s eval(20)=0.150
  [seed=1001] step=8400/15000 avg_step=34.0ms elapsed=286s eta=224s eval(20)=0.150
  [seed=1001] step=8600/15000 avg_step=34.0ms elapsed=293s eta=218s eval(20)=0.150
  [seed=1001] step=8800/15000 avg_step=34.1ms elapsed=300s eta=211s eval(20)=0.050
  [seed=1001] step=9000/15000 avg_step=34.1ms elapsed=307s eta=205s eval(20)=0.150
  [seed=1001] step=9200/15000 avg_step=34.1ms elapsed=314s eta=198s eval(20)=0.150
  [seed=1001] step=9400/15000 avg_step=34.2ms elapsed=321s eta=191s eval(20)=0.150
  [seed=1001] step=9600/15000 avg_step=34.2ms elapsed=328s eta=185s eval(20)=0.150
  [seed=1001] step=9800/15000 avg_step=34.2ms elapsed=335s eta=178s eval(20)=0.150
  [seed=1001] step=10000/15000 avg_step=34.2ms elapsed=342s eta=171s eval(20)=0.150
  [seed=1001] step=10200/15000 avg_step=34.3ms elapsed=349s eta=164s eval(20)=0.150
  [seed=1001] step=10400/15000 avg_step=34.3ms elapsed=356s eta=158s eval(20)=0.150
  [seed=1001] step=10600/15000 avg_step=34.3ms elapsed=364s eta=151s eval(20)=0.150
  [seed=1001] step=10800/15000 avg_step=34.3ms elapsed=371s eta=144s eval(20)=0.200
  [seed=1001] step=11000/15000 avg_step=34.3ms elapsed=378s eta=137s eval(20)=0.150
  [seed=1001] step=11200/15000 avg_step=34.3ms elapsed=385s eta=131s eval(20)=0.150
  [seed=1001] step=11400/15000 avg_step=34.4ms elapsed=392s eta=124s eval(20)=0.150
  [seed=1001] step=11600/15000 avg_step=34.4ms elapsed=399s eta=117s eval(20)=0.150
  [seed=1001] step=11800/15000 avg_step=34.4ms elapsed=406s eta=110s eval(20)=0.150
  [seed=1001] step=12000/15000 avg_step=34.4ms elapsed=413s eta=103s eval(20)=0.150
  [seed=1001] step=12200/15000 avg_step=34.4ms elapsed=420s eta=96s eval(20)=0.150
  [seed=1001] step=12400/15000 avg_step=34.5ms elapsed=427s eta=90s eval(20)=0.150
  [seed=1001] step=12600/15000 avg_step=34.5ms elapsed=434s eta=83s eval(20)=0.150
  [seed=1001] step=12800/15000 avg_step=34.5ms elapsed=441s eta=76s eval(20)=0.150
  [seed=1001] step=13000/15000 avg_step=34.5ms elapsed=448s eta=69s eval(20)=0.150
  [seed=1001] step=13200/15000 avg_step=34.5ms elapsed=456s eta=62s eval(20)=0.150
  [seed=1001] step=13400/15000 avg_step=34.5ms elapsed=463s eta=55s eval(20)=0.150
  [seed=1001] step=13600/15000 avg_step=34.5ms elapsed=470s eta=48s eval(20)=0.150
  [seed=1001] step=13800/15000 avg_step=34.5ms elapsed=477s eta=41s eval(20)=0.150
  [seed=1001] step=14000/15000 avg_step=34.6ms elapsed=484s eta=35s eval(20)=0.150
  [seed=1001] step=14200/15000 avg_step=34.6ms elapsed=491s eta=28s eval(20)=0.150
  [seed=1001] step=14400/15000 avg_step=34.6ms elapsed=498s eta=21s eval(20)=0.150
  [seed=1001] step=14600/15000 avg_step=34.6ms elapsed=505s eta=14s eval(20)=0.150
  [seed=1001] step=14800/15000 avg_step=34.6ms elapsed=512s eta=7s eval(20)=0.150
  [seed=1001] step=15000/15000 avg_step=34.6ms elapsed=519s eta=0s eval(20)=0.150
[baseline_energy] seed=1001 done: old_style=0.3333 eval_acc(100)=0.1200
[baseline_energy] starting seed=1002 (15000 steps)...
  [seed=1002] step=200/15000 avg_step=16.6ms elapsed=3s eta=246s eval(20)=0.100
  [seed=1002] step=400/15000 avg_step=17.4ms elapsed=7s eta=254s eval(20)=0.100
  [seed=1002] step=600/15000 avg_step=19.0ms elapsed=11s eta=273s eval(20)=0.150
  [seed=1002] step=800/15000 avg_step=20.9ms elapsed=17s eta=296s eval(20)=0.100
  [seed=1002] step=1000/15000 avg_step=22.0ms elapsed=22s eta=308s eval(20)=0.050
  [seed=1002] step=1200/15000 avg_step=24.3ms elapsed=29s eta=335s eval(20)=0.200
  [seed=1002] step=1400/15000 avg_step=25.8ms elapsed=36s eta=351s eval(20)=0.150
  [seed=1002] step=1600/15000 avg_step=27.1ms elapsed=43s eta=363s eval(20)=0.050
  [seed=1002] step=1800/15000 avg_step=28.0ms elapsed=50s eta=369s eval(20)=0.150
  [seed=1002] step=2000/15000 avg_step=28.7ms elapsed=57s eta=374s eval(20)=0.100
  [seed=1002] step=2200/15000 avg_step=29.3ms elapsed=65s eta=375s eval(20)=0.050
  [seed=1002] step=2400/15000 avg_step=29.8ms elapsed=72s eta=376s eval(20)=0.100
  [seed=1002] step=2600/15000 avg_step=30.3ms elapsed=79s eta=375s eval(20)=0.200
  [seed=1002] step=2800/15000 avg_step=30.6ms elapsed=86s eta=374s eval(20)=0.100
  [seed=1002] step=3000/15000 avg_step=30.9ms elapsed=93s eta=371s eval(20)=0.300
  [seed=1002] step=3200/15000 avg_step=31.3ms elapsed=100s eta=369s eval(20)=0.150
  [seed=1002] step=3400/15000 avg_step=31.6ms elapsed=107s eta=366s eval(20)=0.200
  [seed=1002] step=3600/15000 avg_step=31.8ms elapsed=114s eta=362s eval(20)=0.100
  [seed=1002] step=3800/15000 avg_step=32.0ms elapsed=122s eta=358s eval(20)=0.100
  [seed=1002] step=4000/15000 avg_step=32.1ms elapsed=129s eta=353s eval(20)=0.100
  [seed=1002] step=4200/15000 avg_step=32.3ms elapsed=136s eta=349s eval(20)=0.100
  [seed=1002] step=4400/15000 avg_step=32.5ms elapsed=143s eta=344s eval(20)=0.100
  [seed=1002] step=4600/15000 avg_step=32.6ms elapsed=150s eta=339s eval(20)=0.100
  [seed=1002] step=4800/15000 avg_step=32.7ms elapsed=157s eta=334s eval(20)=0.300
  [seed=1002] step=5000/15000 avg_step=32.8ms elapsed=164s eta=328s eval(20)=0.300
  [seed=1002] step=5200/15000 avg_step=32.9ms elapsed=171s eta=323s eval(20)=0.100
  [seed=1002] step=5400/15000 avg_step=33.0ms elapsed=178s eta=317s eval(20)=0.200
  [seed=1002] step=5600/15000 avg_step=33.1ms elapsed=185s eta=311s eval(20)=0.300
  [seed=1002] step=5800/15000 avg_step=33.2ms elapsed=192s eta=305s eval(20)=0.050
  [seed=1002] step=6000/15000 avg_step=33.3ms elapsed=200s eta=299s eval(20)=0.050
  [seed=1002] step=6200/15000 avg_step=33.3ms elapsed=207s eta=293s eval(20)=0.100
  [seed=1002] step=6400/15000 avg_step=33.4ms elapsed=214s eta=287s eval(20)=0.000
  [seed=1002] step=6600/15000 avg_step=33.4ms elapsed=221s eta=281s eval(20)=0.050
  [seed=1002] step=6800/15000 avg_step=33.5ms elapsed=228s eta=275s eval(20)=0.000
  [seed=1002] step=7000/15000 avg_step=33.6ms elapsed=235s eta=268s eval(20)=0.000
  [seed=1002] step=7200/15000 avg_step=33.6ms elapsed=242s eta=262s eval(20)=0.000
  [seed=1002] step=7400/15000 avg_step=33.6ms elapsed=249s eta=256s eval(20)=0.000
  [seed=1002] step=7600/15000 avg_step=33.7ms elapsed=256s eta=249s eval(20)=0.000
  [seed=1002] step=7800/15000 avg_step=33.7ms elapsed=263s eta=243s eval(20)=0.000
  [seed=1002] step=8000/15000 avg_step=33.8ms elapsed=270s eta=236s eval(20)=0.000
  [seed=1002] step=8200/15000 avg_step=33.8ms elapsed=277s eta=230s eval(20)=0.000
  [seed=1002] step=8400/15000 avg_step=33.8ms elapsed=284s eta=223s eval(20)=0.000
  [seed=1002] step=8600/15000 avg_step=33.9ms elapsed=291s eta=217s eval(20)=0.000
  [seed=1002] step=8800/15000 avg_step=33.9ms elapsed=298s eta=210s eval(20)=0.100
  [seed=1002] step=9000/15000 avg_step=33.9ms elapsed=305s eta=204s eval(20)=0.100
  [seed=1002] step=9200/15000 avg_step=34.0ms elapsed=312s eta=197s eval(20)=0.100
  [seed=1002] step=9400/15000 avg_step=34.0ms elapsed=320s eta=190s eval(20)=0.050
  [seed=1002] step=9600/15000 avg_step=34.0ms elapsed=327s eta=184s eval(20)=0.050
  [seed=1002] step=9800/15000 avg_step=34.0ms elapsed=334s eta=177s eval(20)=0.000
  [seed=1002] step=10000/15000 avg_step=34.1ms elapsed=341s eta=170s eval(20)=0.000
  [seed=1002] step=10200/15000 avg_step=34.1ms elapsed=348s eta=164s eval(20)=0.000
  [seed=1002] step=10400/15000 avg_step=34.1ms elapsed=355s eta=157s eval(20)=0.050
  [seed=1002] step=10600/15000 avg_step=34.1ms elapsed=362s eta=150s eval(20)=0.000
  [seed=1002] step=10800/15000 avg_step=34.2ms elapsed=369s eta=143s eval(20)=0.000
  [seed=1002] step=11000/15000 avg_step=34.2ms elapsed=376s eta=137s eval(20)=0.000
  [seed=1002] step=11200/15000 avg_step=34.2ms elapsed=383s eta=130s eval(20)=0.000
  [seed=1002] step=11400/15000 avg_step=34.2ms elapsed=390s eta=123s eval(20)=0.000
  [seed=1002] step=11600/15000 avg_step=34.2ms elapsed=397s eta=116s eval(20)=0.000
  [seed=1002] step=11800/15000 avg_step=34.3ms elapsed=404s eta=110s eval(20)=0.000
  [seed=1002] step=12000/15000 avg_step=34.3ms elapsed=411s eta=103s eval(20)=0.000
  [seed=1002] step=12200/15000 avg_step=34.3ms elapsed=418s eta=96s eval(20)=0.000
  [seed=1002] step=12400/15000 avg_step=34.3ms elapsed=425s eta=89s eval(20)=0.100
  [seed=1002] step=12600/15000 avg_step=34.3ms elapsed=433s eta=82s eval(20)=0.100
  [seed=1002] step=12800/15000 avg_step=34.4ms elapsed=440s eta=76s eval(20)=0.100
  [seed=1002] step=13000/15000 avg_step=34.4ms elapsed=447s eta=69s eval(20)=0.150
  [seed=1002] step=13200/15000 avg_step=34.4ms elapsed=454s eta=62s eval(20)=0.100
  [seed=1002] step=13400/15000 avg_step=34.4ms elapsed=461s eta=55s eval(20)=0.100
  [seed=1002] step=13600/15000 avg_step=34.4ms elapsed=468s eta=48s eval(20)=0.150
  [seed=1002] step=13800/15000 avg_step=34.4ms elapsed=475s eta=41s eval(20)=0.300
  [seed=1002] step=14000/15000 avg_step=34.4ms elapsed=482s eta=34s eval(20)=0.300
  [seed=1002] step=14200/15000 avg_step=34.5ms elapsed=489s eta=28s eval(20)=0.300
  [seed=1002] step=14400/15000 avg_step=34.5ms elapsed=496s eta=21s eval(20)=0.300
  [seed=1002] step=14600/15000 avg_step=34.5ms elapsed=503s eta=14s eval(20)=0.300
  [seed=1002] step=14800/15000 avg_step=34.5ms elapsed=510s eta=7s eval(20)=0.300
  [seed=1002] step=15000/15000 avg_step=34.5ms elapsed=517s eta=0s eval(20)=0.300
[baseline_energy] seed=1002 done: old_style=0.0000 eval_acc(100)=0.1800
[baseline_energy] starting seed=1003 (15000 steps)...
  [seed=1003] step=200/15000 avg_step=16.6ms elapsed=3s eta=246s eval(20)=0.050
  [seed=1003] step=400/15000 avg_step=17.4ms elapsed=7s eta=254s eval(20)=0.150
  [seed=1003] step=600/15000 avg_step=19.1ms elapsed=11s eta=275s eval(20)=0.100
  [seed=1003] step=800/15000 avg_step=21.0ms elapsed=17s eta=298s eval(20)=0.150
  [seed=1003] step=1000/15000 avg_step=22.1ms elapsed=22s eta=309s eval(20)=0.150
  [seed=1003] step=1200/15000 avg_step=24.3ms elapsed=29s eta=336s eval(20)=0.200
  [seed=1003] step=1400/15000 avg_step=25.9ms elapsed=36s eta=352s eval(20)=0.150
  [seed=1003] step=1600/15000 avg_step=27.1ms elapsed=43s eta=363s eval(20)=0.050
  [seed=1003] step=1800/15000 avg_step=28.0ms elapsed=50s eta=370s eval(20)=0.050
  [seed=1003] step=2000/15000 avg_step=28.8ms elapsed=58s eta=374s eval(20)=0.050
  [seed=1003] step=2200/15000 avg_step=29.3ms elapsed=65s eta=376s eval(20)=0.000
  [seed=1003] step=2400/15000 avg_step=29.9ms elapsed=72s eta=377s eval(20)=0.050
  [seed=1003] step=2600/15000 avg_step=30.5ms elapsed=79s eta=378s eval(20)=0.150
  [seed=1003] step=2800/15000 avg_step=31.0ms elapsed=87s eta=379s eval(20)=0.050
  [seed=1003] step=3000/15000 avg_step=31.3ms elapsed=94s eta=376s eval(20)=0.150
  [seed=1003] step=3200/15000 avg_step=31.6ms elapsed=101s eta=372s eval(20)=0.100
  [seed=1003] step=3400/15000 avg_step=31.8ms elapsed=108s eta=369s eval(20)=0.150
  [seed=1003] step=3600/15000 avg_step=32.0ms elapsed=115s eta=364s eval(20)=0.000
  [seed=1003] step=3800/15000 avg_step=32.2ms elapsed=122s eta=360s eval(20)=0.100
  [seed=1003] step=4000/15000 avg_step=32.3ms elapsed=129s eta=355s eval(20)=0.150
  [seed=1003] step=4200/15000 avg_step=32.5ms elapsed=136s eta=350s eval(20)=0.150
  [seed=1003] step=4400/15000 avg_step=32.6ms elapsed=143s eta=345s eval(20)=0.100
  [seed=1003] step=4600/15000 avg_step=32.7ms elapsed=150s eta=340s eval(20)=0.050
  [seed=1003] step=4800/15000 avg_step=32.8ms elapsed=158s eta=335s eval(20)=0.100
  [seed=1003] step=5000/15000 avg_step=32.9ms elapsed=165s eta=329s eval(20)=0.100
  [seed=1003] step=5200/15000 avg_step=33.0ms elapsed=172s eta=323s eval(20)=0.200
  [seed=1003] step=5400/15000 avg_step=33.1ms elapsed=179s eta=318s eval(20)=0.050
  [seed=1003] step=5600/15000 avg_step=33.2ms elapsed=186s eta=312s eval(20)=0.000
  [seed=1003] step=5800/15000 avg_step=33.3ms elapsed=193s eta=306s eval(20)=0.000
  [seed=1003] step=6000/15000 avg_step=33.3ms elapsed=200s eta=300s eval(20)=0.150
  [seed=1003] step=6200/15000 avg_step=33.4ms elapsed=207s eta=294s eval(20)=0.000
  [seed=1003] step=6400/15000 avg_step=33.4ms elapsed=214s eta=288s eval(20)=0.000
  [seed=1003] step=6600/15000 avg_step=33.5ms elapsed=221s eta=281s eval(20)=0.000
  [seed=1003] step=6800/15000 avg_step=33.5ms elapsed=228s eta=275s eval(20)=0.000
  [seed=1003] step=7000/15000 avg_step=33.6ms elapsed=235s eta=269s eval(20)=0.000
  [seed=1003] step=7200/15000 avg_step=33.6ms elapsed=242s eta=262s eval(20)=0.200
  [seed=1003] step=7400/15000 avg_step=33.7ms elapsed=249s eta=256s eval(20)=0.200
  [seed=1003] step=7600/15000 avg_step=33.7ms elapsed=256s eta=250s eval(20)=0.150
  [seed=1003] step=7800/15000 avg_step=33.8ms elapsed=263s eta=243s eval(20)=0.150
  [seed=1003] step=8000/15000 avg_step=33.8ms elapsed=271s eta=237s eval(20)=0.200
  [seed=1003] step=8200/15000 avg_step=33.9ms elapsed=278s eta=230s eval(20)=0.200
  [seed=1003] step=8400/15000 avg_step=33.9ms elapsed=285s eta=224s eval(20)=0.200
  [seed=1003] step=8600/15000 avg_step=33.9ms elapsed=292s eta=217s eval(20)=0.200
  [seed=1003] step=8800/15000 avg_step=34.0ms elapsed=299s eta=211s eval(20)=0.150
  [seed=1003] step=9000/15000 avg_step=34.0ms elapsed=306s eta=204s eval(20)=0.200
  [seed=1003] step=9200/15000 avg_step=34.0ms elapsed=313s eta=197s eval(20)=0.150
  [seed=1003] step=9400/15000 avg_step=34.1ms elapsed=320s eta=191s eval(20)=0.200
  [seed=1003] step=9600/15000 avg_step=34.1ms elapsed=327s eta=184s eval(20)=0.150
  [seed=1003] step=9800/15000 avg_step=34.1ms elapsed=334s eta=177s eval(20)=0.200
  [seed=1003] step=10000/15000 avg_step=34.2ms elapsed=342s eta=171s eval(20)=0.100
  [seed=1003] step=10200/15000 avg_step=34.2ms elapsed=349s eta=164s eval(20)=0.100
  [seed=1003] step=10400/15000 avg_step=34.3ms elapsed=356s eta=158s eval(20)=0.100
  [seed=1003] step=10600/15000 avg_step=34.3ms elapsed=363s eta=151s eval(20)=0.100
  [seed=1003] step=10800/15000 avg_step=34.3ms elapsed=371s eta=144s eval(20)=0.100
  [seed=1003] step=11000/15000 avg_step=34.3ms elapsed=378s eta=137s eval(20)=0.100
  [seed=1003] step=11200/15000 avg_step=34.3ms elapsed=385s eta=131s eval(20)=0.100
  [seed=1003] step=11400/15000 avg_step=34.4ms elapsed=392s eta=124s eval(20)=0.100
  [seed=1003] step=11600/15000 avg_step=34.4ms elapsed=399s eta=117s eval(20)=0.200
  [seed=1003] step=11800/15000 avg_step=34.4ms elapsed=406s eta=110s eval(20)=0.200
  [seed=1003] step=12000/15000 avg_step=34.4ms elapsed=413s eta=103s eval(20)=0.050
  [seed=1003] step=12200/15000 avg_step=34.4ms elapsed=420s eta=96s eval(20)=0.150
  [seed=1003] step=12400/15000 avg_step=34.4ms elapsed=427s eta=90s eval(20)=0.150
  [seed=1003] step=12600/15000 avg_step=34.5ms elapsed=434s eta=83s eval(20)=0.150
  [seed=1003] step=12800/15000 avg_step=34.5ms elapsed=441s eta=76s eval(20)=0.150
  [seed=1003] step=13000/15000 avg_step=34.5ms elapsed=448s eta=69s eval(20)=0.150
  [seed=1003] step=13200/15000 avg_step=34.5ms elapsed=455s eta=62s eval(20)=0.150
  [seed=1003] step=13400/15000 avg_step=34.5ms elapsed=463s eta=55s eval(20)=0.150
  [seed=1003] step=13600/15000 avg_step=34.5ms elapsed=470s eta=48s eval(20)=0.150
  [seed=1003] step=13800/15000 avg_step=34.5ms elapsed=477s eta=41s eval(20)=0.150
  [seed=1003] step=14000/15000 avg_step=34.6ms elapsed=484s eta=35s eval(20)=0.050
  [seed=1003] step=14200/15000 avg_step=34.6ms elapsed=491s eta=28s eval(20)=0.150
  [seed=1003] step=14400/15000 avg_step=34.6ms elapsed=498s eta=21s eval(20)=0.150
  [seed=1003] step=14600/15000 avg_step=34.6ms elapsed=505s eta=14s eval(20)=0.100
  [seed=1003] step=14800/15000 avg_step=34.6ms elapsed=513s eta=7s eval(20)=0.100
  [seed=1003] step=15000/15000 avg_step=34.7ms elapsed=520s eta=0s eval(20)=0.000
[baseline_energy] seed=1003 done: old_style=0.3333 eval_acc(100)=0.0800
[baseline_energy] starting seed=1004 (15000 steps)...
  [seed=1004] step=200/15000 avg_step=16.8ms elapsed=3s eta=249s eval(20)=0.150
  [seed=1004] step=400/15000 avg_step=17.4ms elapsed=7s eta=255s eval(20)=0.000
  [seed=1004] step=600/15000 avg_step=19.0ms elapsed=11s eta=274s eval(20)=0.050
  [seed=1004] step=800/15000 avg_step=21.0ms elapsed=17s eta=298s eval(20)=0.100
  [seed=1004] step=1000/15000 avg_step=22.1ms elapsed=22s eta=310s eval(20)=0.050
  [seed=1004] step=1200/15000 avg_step=24.4ms elapsed=29s eta=337s eval(20)=0.050
  [seed=1004] step=1400/15000 avg_step=26.0ms elapsed=36s eta=354s eval(20)=0.150
  [seed=1004] step=1600/15000 avg_step=27.3ms elapsed=44s eta=366s eval(20)=0.100
  [seed=1004] step=1800/15000 avg_step=28.2ms elapsed=51s eta=372s eval(20)=0.100
  [seed=1004] step=2000/15000 avg_step=29.2ms elapsed=58s eta=380s eval(20)=0.050
  [seed=1004] step=2200/15000 avg_step=30.1ms elapsed=66s eta=385s eval(20)=0.050
  [seed=1004] step=2400/15000 avg_step=30.5ms elapsed=73s eta=385s eval(20)=0.150
  [seed=1004] step=2600/15000 avg_step=30.9ms elapsed=80s eta=383s eval(20)=0.150
  [seed=1004] step=2800/15000 avg_step=31.3ms elapsed=88s eta=382s eval(20)=0.050
  [seed=1004] step=3000/15000 avg_step=31.6ms elapsed=95s eta=379s eval(20)=0.000
  [seed=1004] step=3200/15000 avg_step=31.8ms elapsed=102s eta=376s eval(20)=0.100
  [seed=1004] step=3400/15000 avg_step=32.1ms elapsed=109s eta=372s eval(20)=0.050
  [seed=1004] step=3600/15000 avg_step=32.2ms elapsed=116s eta=368s eval(20)=0.050
  [seed=1004] step=3800/15000 avg_step=32.4ms elapsed=123s eta=363s eval(20)=0.050
  [seed=1004] step=4000/15000 avg_step=32.5ms elapsed=130s eta=358s eval(20)=0.050
  [seed=1004] step=4200/15000 avg_step=32.7ms elapsed=137s eta=353s eval(20)=0.050
  [seed=1004] step=4400/15000 avg_step=32.8ms elapsed=144s eta=348s eval(20)=0.050
  [seed=1004] step=4600/15000 avg_step=32.9ms elapsed=151s eta=342s eval(20)=0.050
  [seed=1004] step=4800/15000 avg_step=33.0ms elapsed=159s eta=337s eval(20)=0.050
  [seed=1004] step=5000/15000 avg_step=33.1ms elapsed=166s eta=331s eval(20)=0.050
  [seed=1004] step=5200/15000 avg_step=33.2ms elapsed=173s eta=325s eval(20)=0.050
  [seed=1004] step=5400/15000 avg_step=33.3ms elapsed=180s eta=320s eval(20)=0.150
  [seed=1004] step=5600/15000 avg_step=33.4ms elapsed=187s eta=314s eval(20)=0.250
  [seed=1004] step=5800/15000 avg_step=33.4ms elapsed=194s eta=308s eval(20)=0.050
  [seed=1004] step=6000/15000 avg_step=33.5ms elapsed=201s eta=301s eval(20)=0.100
  [seed=1004] step=6200/15000 avg_step=33.6ms elapsed=208s eta=295s eval(20)=0.050
  [seed=1004] step=6400/15000 avg_step=33.6ms elapsed=215s eta=289s eval(20)=0.050
  [seed=1004] step=6600/15000 avg_step=33.7ms elapsed=222s eta=283s eval(20)=0.050
  [seed=1004] step=6800/15000 avg_step=33.7ms elapsed=229s eta=276s eval(20)=0.050
  [seed=1004] step=7000/15000 avg_step=33.7ms elapsed=236s eta=270s eval(20)=0.050
  [seed=1004] step=7200/15000 avg_step=33.8ms elapsed=244s eta=264s eval(20)=0.050
  [seed=1004] step=7400/15000 avg_step=33.9ms elapsed=251s eta=257s eval(20)=0.050
  [seed=1004] step=7600/15000 avg_step=33.9ms elapsed=258s eta=251s eval(20)=0.050
  [seed=1004] step=7800/15000 avg_step=34.0ms elapsed=265s eta=244s eval(20)=0.050
  [seed=1004] step=8000/15000 avg_step=34.0ms elapsed=272s eta=238s eval(20)=0.050
  [seed=1004] step=8200/15000 avg_step=34.0ms elapsed=279s eta=231s eval(20)=0.050
  [seed=1004] step=8400/15000 avg_step=34.1ms elapsed=286s eta=225s eval(20)=0.050
  [seed=1004] step=8600/15000 avg_step=34.1ms elapsed=293s eta=218s eval(20)=0.050
  [seed=1004] step=8800/15000 avg_step=34.1ms elapsed=300s eta=212s eval(20)=0.050
  [seed=1004] step=9000/15000 avg_step=34.1ms elapsed=307s eta=205s eval(20)=0.050
  [seed=1004] step=9200/15000 avg_step=34.2ms elapsed=314s eta=198s eval(20)=0.050
  [seed=1004] step=9400/15000 avg_step=34.2ms elapsed=321s eta=191s eval(20)=0.150
  [seed=1004] step=9600/15000 avg_step=34.2ms elapsed=329s eta=185s eval(20)=0.050
  [seed=1004] step=9800/15000 avg_step=34.3ms elapsed=336s eta=178s eval(20)=0.150
  [seed=1004] step=10000/15000 avg_step=34.3ms elapsed=343s eta=171s eval(20)=0.150
  [seed=1004] step=10200/15000 avg_step=34.3ms elapsed=350s eta=165s eval(20)=0.150
  [seed=1004] step=10400/15000 avg_step=34.3ms elapsed=357s eta=158s eval(20)=0.150
  [seed=1004] step=10600/15000 avg_step=34.4ms elapsed=365s eta=151s eval(20)=0.150
  [seed=1004] step=10800/15000 avg_step=34.4ms elapsed=372s eta=145s eval(20)=0.150
  [seed=1004] step=11000/15000 avg_step=34.5ms elapsed=379s eta=138s eval(20)=0.150
  [seed=1004] step=11200/15000 avg_step=34.5ms elapsed=386s eta=131s eval(20)=0.150
  [seed=1004] step=11400/15000 avg_step=34.5ms elapsed=393s eta=124s eval(20)=0.050
  [seed=1004] step=11600/15000 avg_step=34.5ms elapsed=400s eta=117s eval(20)=0.050
  [seed=1004] step=11800/15000 avg_step=34.5ms elapsed=407s eta=110s eval(20)=0.150
  [seed=1004] step=12000/15000 avg_step=34.5ms elapsed=414s eta=104s eval(20)=0.050
  [seed=1004] step=12200/15000 avg_step=34.5ms elapsed=421s eta=97s eval(20)=0.100
  [seed=1004] step=12400/15000 avg_step=34.6ms elapsed=429s eta=90s eval(20)=0.100
  [seed=1004] step=12600/15000 avg_step=34.6ms elapsed=436s eta=83s eval(20)=0.050
  [seed=1004] step=12800/15000 avg_step=34.6ms elapsed=443s eta=76s eval(20)=0.100
  [seed=1004] step=13000/15000 avg_step=34.6ms elapsed=450s eta=69s eval(20)=0.050
  [seed=1004] step=13200/15000 avg_step=34.6ms elapsed=457s eta=62s eval(20)=0.050
  [seed=1004] step=13400/15000 avg_step=34.7ms elapsed=464s eta=55s eval(20)=0.050
  [seed=1004] step=13600/15000 avg_step=34.7ms elapsed=471s eta=49s eval(20)=0.100
  [seed=1004] step=13800/15000 avg_step=34.7ms elapsed=479s eta=42s eval(20)=0.050
  [seed=1004] step=14000/15000 avg_step=34.7ms elapsed=486s eta=35s eval(20)=0.050
  [seed=1004] step=14200/15000 avg_step=34.7ms elapsed=493s eta=28s eval(20)=0.100
  [seed=1004] step=14400/15000 avg_step=34.7ms elapsed=500s eta=21s eval(20)=0.050
  [seed=1004] step=14600/15000 avg_step=34.7ms elapsed=507s eta=14s eval(20)=0.050
  [seed=1004] step=14800/15000 avg_step=34.7ms elapsed=514s eta=7s eval(20)=0.050
  [seed=1004] step=15000/15000 avg_step=34.7ms elapsed=521s eta=0s eval(20)=0.050
[baseline_energy] seed=1004 done: old_style=0.0000 eval_acc(100)=0.0800
[baseline_energy] CONFIG DONE: old_style_mean=0.2000 eval_acc_mean=0.1060 eval_per_seed=[0.07, 0.12, 0.18, 0.08, 0.08] skip_rate=0.000% avg_step=34.7ms

[baseline_zeroinit] starting seed=1000 (15000 steps)...
  [seed=1000] step=200/15000 avg_step=8.9ms elapsed=2s eta=131s eval(20)=0.200
  [seed=1000] step=400/15000 avg_step=9.2ms elapsed=4s eta=134s eval(20)=0.200
  [seed=1000] step=600/15000 avg_step=10.0ms elapsed=6s eta=144s eval(20)=0.200
  [seed=1000] step=800/15000 avg_step=10.9ms elapsed=9s eta=155s eval(20)=0.200
  [seed=1000] step=1000/15000 avg_step=11.5ms elapsed=11s eta=160s eval(20)=0.200
  [seed=1000] step=1200/15000 avg_step=12.6ms elapsed=15s eta=173s eval(20)=0.200
  [seed=1000] step=1400/15000 avg_step=13.4ms elapsed=19s eta=182s eval(20)=0.200
  [seed=1000] step=1600/15000 avg_step=13.9ms elapsed=22s eta=187s eval(20)=0.200
  [seed=1000] step=1800/15000 avg_step=14.4ms elapsed=26s eta=190s eval(20)=0.200
  [seed=1000] step=2000/15000 avg_step=14.8ms elapsed=30s eta=192s eval(20)=0.200
  [seed=1000] step=2200/15000 avg_step=15.0ms elapsed=33s eta=192s eval(20)=0.200
  [seed=1000] step=2400/15000 avg_step=15.3ms elapsed=37s eta=192s eval(20)=0.200
  [seed=1000] step=2600/15000 avg_step=15.5ms elapsed=40s eta=192s eval(20)=0.200
  [seed=1000] step=2800/15000 avg_step=15.7ms elapsed=44s eta=191s eval(20)=0.200
  [seed=1000] step=3000/15000 avg_step=15.8ms elapsed=47s eta=190s eval(20)=0.200
  [seed=1000] step=3200/15000 avg_step=15.9ms elapsed=51s eta=188s eval(20)=0.200
  [seed=1000] step=3400/15000 avg_step=16.1ms elapsed=55s eta=186s eval(20)=0.200
  [seed=1000] step=3600/15000 avg_step=16.2ms elapsed=58s eta=184s eval(20)=0.200
  [seed=1000] step=3800/15000 avg_step=16.2ms elapsed=62s eta=182s eval(20)=0.200
  [seed=1000] step=4000/15000 avg_step=16.3ms elapsed=65s eta=180s eval(20)=0.200
  [seed=1000] step=4200/15000 avg_step=16.4ms elapsed=69s eta=177s eval(20)=0.200
  [seed=1000] step=4400/15000 avg_step=16.5ms elapsed=73s eta=175s eval(20)=0.200
  [seed=1000] step=4600/15000 avg_step=16.5ms elapsed=76s eta=172s eval(20)=0.200
  [seed=1000] step=4800/15000 avg_step=16.6ms elapsed=80s eta=169s eval(20)=0.200
  [seed=1000] step=5000/15000 avg_step=16.7ms elapsed=83s eta=167s eval(20)=0.200
  [seed=1000] step=5200/15000 avg_step=16.7ms elapsed=87s eta=164s eval(20)=0.200
  [seed=1000] step=5400/15000 avg_step=16.8ms elapsed=90s eta=161s eval(20)=0.200
  [seed=1000] step=5600/15000 avg_step=16.8ms elapsed=94s eta=158s eval(20)=0.200
  [seed=1000] step=5800/15000 avg_step=16.8ms elapsed=98s eta=155s eval(20)=0.200
  [seed=1000] step=6000/15000 avg_step=16.9ms elapsed=101s eta=152s eval(20)=0.200
  [seed=1000] step=6200/15000 avg_step=16.9ms elapsed=105s eta=149s eval(20)=0.200
  [seed=1000] step=6400/15000 avg_step=17.0ms elapsed=109s eta=146s eval(20)=0.200
  [seed=1000] step=6600/15000 avg_step=17.0ms elapsed=112s eta=143s eval(20)=0.200
  [seed=1000] step=6800/15000 avg_step=17.0ms elapsed=116s eta=140s eval(20)=0.200
  [seed=1000] step=7000/15000 avg_step=17.1ms elapsed=119s eta=136s eval(20)=0.200
  [seed=1000] step=7200/15000 avg_step=17.1ms elapsed=123s eta=133s eval(20)=0.200
  [seed=1000] step=7400/15000 avg_step=17.1ms elapsed=127s eta=130s eval(20)=0.200
  [seed=1000] step=7600/15000 avg_step=17.1ms elapsed=130s eta=127s eval(20)=0.200
  [seed=1000] step=7800/15000 avg_step=17.2ms elapsed=134s eta=124s eval(20)=0.200
  [seed=1000] step=8000/15000 avg_step=17.2ms elapsed=137s eta=120s eval(20)=0.200
  [seed=1000] step=8200/15000 avg_step=17.2ms elapsed=141s eta=117s eval(20)=0.200
  [seed=1000] step=8400/15000 avg_step=17.2ms elapsed=145s eta=114s eval(20)=0.200
  [seed=1000] step=8600/15000 avg_step=17.2ms elapsed=148s eta=110s eval(20)=0.200
  [seed=1000] step=8800/15000 avg_step=17.3ms elapsed=152s eta=107s eval(20)=0.200
  [seed=1000] step=9000/15000 avg_step=17.3ms elapsed=155s eta=104s eval(20)=0.200
  [seed=1000] step=9200/15000 avg_step=17.3ms elapsed=159s eta=100s eval(20)=0.200
  [seed=1000] step=9400/15000 avg_step=17.3ms elapsed=163s eta=97s eval(20)=0.200
  [seed=1000] step=9600/15000 avg_step=17.3ms elapsed=166s eta=94s eval(20)=0.200
  [seed=1000] step=9800/15000 avg_step=17.3ms elapsed=170s eta=90s eval(20)=0.200
  [seed=1000] step=10000/15000 avg_step=17.3ms elapsed=173s eta=87s eval(20)=0.200
  [seed=1000] step=10200/15000 avg_step=17.4ms elapsed=177s eta=83s eval(20)=0.200
  [seed=1000] step=10400/15000 avg_step=17.4ms elapsed=181s eta=80s eval(20)=0.200
  [seed=1000] step=10600/15000 avg_step=17.4ms elapsed=184s eta=76s eval(20)=0.200
  [seed=1000] step=10800/15000 avg_step=17.4ms elapsed=188s eta=73s eval(20)=0.200
  [seed=1000] step=11000/15000 avg_step=17.4ms elapsed=191s eta=70s eval(20)=0.200
  [seed=1000] step=11200/15000 avg_step=17.4ms elapsed=195s eta=66s eval(20)=0.200
  [seed=1000] step=11400/15000 avg_step=17.4ms elapsed=198s eta=63s eval(20)=0.200
  [seed=1000] step=11600/15000 avg_step=17.4ms elapsed=202s eta=59s eval(20)=0.200
  [seed=1000] step=11800/15000 avg_step=17.4ms elapsed=206s eta=56s eval(20)=0.200
  [seed=1000] step=12000/15000 avg_step=17.4ms elapsed=209s eta=52s eval(20)=0.200
  [seed=1000] step=12200/15000 avg_step=17.5ms elapsed=213s eta=49s eval(20)=0.200
  [seed=1000] step=12400/15000 avg_step=17.5ms elapsed=217s eta=45s eval(20)=0.200
  [seed=1000] step=12600/15000 avg_step=17.5ms elapsed=220s eta=42s eval(20)=0.200
  [seed=1000] step=12800/15000 avg_step=17.5ms elapsed=225s eta=39s eval(20)=0.200
  [seed=1000] step=13000/15000 avg_step=17.6ms elapsed=228s eta=35s eval(20)=0.200
  [seed=1000] step=13200/15000 avg_step=17.6ms elapsed=232s eta=32s eval(20)=0.200
  [seed=1000] step=13400/15000 avg_step=17.6ms elapsed=236s eta=28s eval(20)=0.200
  [seed=1000] step=13600/15000 avg_step=17.6ms elapsed=239s eta=25s eval(20)=0.200
  [seed=1000] step=13800/15000 avg_step=17.6ms elapsed=243s eta=21s eval(20)=0.200
  [seed=1000] step=14000/15000 avg_step=17.6ms elapsed=246s eta=18s eval(20)=0.200
  [seed=1000] step=14200/15000 avg_step=17.6ms elapsed=250s eta=14s eval(20)=0.200
  [seed=1000] step=14400/15000 avg_step=17.6ms elapsed=253s eta=11s eval(20)=0.200
  [seed=1000] step=14600/15000 avg_step=17.6ms elapsed=257s eta=7s eval(20)=0.200
  [seed=1000] step=14800/15000 avg_step=17.6ms elapsed=261s eta=4s eval(20)=0.200
  [seed=1000] step=15000/15000 avg_step=17.6ms elapsed=264s eta=0s eval(20)=0.200
[baseline_zeroinit] seed=1000 done: old_style=0.0000 eval_acc(100)=0.0800
[baseline_zeroinit] starting seed=1001 (15000 steps)...
  [seed=1001] step=200/15000 avg_step=8.9ms elapsed=2s eta=132s eval(20)=0.100
  [seed=1001] step=400/15000 avg_step=9.2ms elapsed=4s eta=134s eval(20)=0.100
  [seed=1001] step=600/15000 avg_step=9.9ms elapsed=6s eta=143s eval(20)=0.100
  [seed=1001] step=800/15000 avg_step=10.9ms elapsed=9s eta=154s eval(20)=0.100
  [seed=1001] step=1000/15000 avg_step=11.4ms elapsed=11s eta=160s eval(20)=0.100
  [seed=1001] step=1200/15000 avg_step=12.5ms elapsed=15s eta=172s eval(20)=0.100
  [seed=1001] step=1400/15000 avg_step=13.3ms elapsed=19s eta=181s eval(20)=0.100
  [seed=1001] step=1600/15000 avg_step=13.8ms elapsed=22s eta=186s eval(20)=0.100
  [seed=1001] step=1800/15000 avg_step=14.3ms elapsed=26s eta=189s eval(20)=0.100
  [seed=1001] step=2000/15000 avg_step=14.7ms elapsed=29s eta=191s eval(20)=0.100
  [seed=1001] step=2200/15000 avg_step=15.0ms elapsed=33s eta=191s eval(20)=0.100
  [seed=1001] step=2400/15000 avg_step=15.2ms elapsed=37s eta=192s eval(20)=0.100
  [seed=1001] step=2600/15000 avg_step=15.4ms elapsed=40s eta=191s eval(20)=0.100
  [seed=1001] step=2800/15000 avg_step=15.7ms elapsed=44s eta=191s eval(20)=0.100
  [seed=1001] step=3000/15000 avg_step=15.9ms elapsed=48s eta=190s eval(20)=0.100
  [seed=1001] step=3200/15000 avg_step=16.0ms elapsed=51s eta=189s eval(20)=0.100
  [seed=1001] step=3400/15000 avg_step=16.1ms elapsed=55s eta=187s eval(20)=0.100
  [seed=1001] step=3600/15000 avg_step=16.2ms elapsed=58s eta=185s eval(20)=0.100
  [seed=1001] step=3800/15000 avg_step=16.3ms elapsed=62s eta=183s eval(20)=0.100
  [seed=1001] step=4000/15000 avg_step=16.4ms elapsed=66s eta=180s eval(20)=0.100
  [seed=1001] step=4200/15000 avg_step=16.5ms elapsed=69s eta=178s eval(20)=0.100
  [seed=1001] step=4400/15000 avg_step=16.5ms elapsed=73s eta=175s eval(20)=0.100
  [seed=1001] step=4600/15000 avg_step=16.6ms elapsed=76s eta=173s eval(20)=0.100
  [seed=1001] step=4800/15000 avg_step=16.6ms elapsed=80s eta=170s eval(20)=0.100
  [seed=1001] step=5000/15000 avg_step=16.7ms elapsed=84s eta=167s eval(20)=0.100
  [seed=1001] step=5200/15000 avg_step=16.8ms elapsed=87s eta=164s eval(20)=0.100
  [seed=1001] step=5400/15000 avg_step=16.8ms elapsed=91s eta=161s eval(20)=0.100
  [seed=1001] step=5600/15000 avg_step=16.8ms elapsed=94s eta=158s eval(20)=0.100
  [seed=1001] step=5800/15000 avg_step=16.9ms elapsed=98s eta=155s eval(20)=0.100
  [seed=1001] step=6000/15000 avg_step=16.9ms elapsed=101s eta=152s eval(20)=0.100
  [seed=1001] step=6200/15000 avg_step=16.9ms elapsed=105s eta=149s eval(20)=0.100
  [seed=1001] step=6400/15000 avg_step=17.0ms elapsed=109s eta=146s eval(20)=0.100
  [seed=1001] step=6600/15000 avg_step=17.0ms elapsed=112s eta=143s eval(20)=0.100
  [seed=1001] step=6800/15000 avg_step=17.0ms elapsed=116s eta=140s eval(20)=0.100
  [seed=1001] step=7000/15000 avg_step=17.1ms elapsed=119s eta=137s eval(20)=0.100
  [seed=1001] step=7200/15000 avg_step=17.1ms elapsed=123s eta=133s eval(20)=0.100
  [seed=1001] step=7400/15000 avg_step=17.1ms elapsed=127s eta=130s eval(20)=0.100
  [seed=1001] step=7600/15000 avg_step=17.1ms elapsed=130s eta=127s eval(20)=0.100
  [seed=1001] step=7800/15000 avg_step=17.2ms elapsed=134s eta=124s eval(20)=0.100
  [seed=1001] step=8000/15000 avg_step=17.2ms elapsed=137s eta=120s eval(20)=0.100
  [seed=1001] step=8200/15000 avg_step=17.2ms elapsed=141s eta=117s eval(20)=0.100
  [seed=1001] step=8400/15000 avg_step=17.2ms elapsed=145s eta=114s eval(20)=0.100
  [seed=1001] step=8600/15000 avg_step=17.2ms elapsed=148s eta=110s eval(20)=0.100
  [seed=1001] step=8800/15000 avg_step=17.3ms elapsed=152s eta=107s eval(20)=0.100
  [seed=1001] step=9000/15000 avg_step=17.3ms elapsed=155s eta=104s eval(20)=0.100
  [seed=1001] step=9200/15000 avg_step=17.3ms elapsed=159s eta=100s eval(20)=0.100
  [seed=1001] step=9400/15000 avg_step=17.3ms elapsed=163s eta=97s eval(20)=0.100
  [seed=1001] step=9600/15000 avg_step=17.3ms elapsed=166s eta=94s eval(20)=0.100
  [seed=1001] step=9800/15000 avg_step=17.3ms elapsed=170s eta=90s eval(20)=0.100
  [seed=1001] step=10000/15000 avg_step=17.4ms elapsed=174s eta=87s eval(20)=0.100
  [seed=1001] step=10200/15000 avg_step=17.4ms elapsed=177s eta=83s eval(20)=0.100
  [seed=1001] step=10400/15000 avg_step=17.4ms elapsed=181s eta=80s eval(20)=0.100
  [seed=1001] step=10600/15000 avg_step=17.4ms elapsed=184s eta=77s eval(20)=0.100
  [seed=1001] step=10800/15000 avg_step=17.4ms elapsed=188s eta=73s eval(20)=0.100
  [seed=1001] step=11000/15000 avg_step=17.4ms elapsed=192s eta=70s eval(20)=0.100
  [seed=1001] step=11200/15000 avg_step=17.4ms elapsed=195s eta=66s eval(20)=0.100
  [seed=1001] step=11400/15000 avg_step=17.4ms elapsed=199s eta=63s eval(20)=0.100
  [seed=1001] step=11600/15000 avg_step=17.4ms elapsed=202s eta=59s eval(20)=0.100
  [seed=1001] step=11800/15000 avg_step=17.5ms elapsed=206s eta=56s eval(20)=0.100
  [seed=1001] step=12000/15000 avg_step=17.5ms elapsed=210s eta=52s eval(20)=0.100
  [seed=1001] step=12200/15000 avg_step=17.5ms elapsed=213s eta=49s eval(20)=0.100
  [seed=1001] step=12400/15000 avg_step=17.5ms elapsed=217s eta=45s eval(20)=0.100
  [seed=1001] step=12600/15000 avg_step=17.5ms elapsed=220s eta=42s eval(20)=0.100
  [seed=1001] step=12800/15000 avg_step=17.5ms elapsed=224s eta=38s eval(20)=0.100
  [seed=1001] step=13000/15000 avg_step=17.5ms elapsed=228s eta=35s eval(20)=0.100
  [seed=1001] step=13200/15000 avg_step=17.5ms elapsed=231s eta=32s eval(20)=0.100
  [seed=1001] step=13400/15000 avg_step=17.5ms elapsed=235s eta=28s eval(20)=0.100
  [seed=1001] step=13600/15000 avg_step=17.5ms elapsed=238s eta=25s eval(20)=0.100
  [seed=1001] step=13800/15000 avg_step=17.5ms elapsed=242s eta=21s eval(20)=0.100
  [seed=1001] step=14000/15000 avg_step=17.5ms elapsed=246s eta=18s eval(20)=0.100
  [seed=1001] step=14200/15000 avg_step=17.5ms elapsed=249s eta=14s eval(20)=0.100
  [seed=1001] step=14400/15000 avg_step=17.6ms elapsed=253s eta=11s eval(20)=0.100
  [seed=1001] step=14600/15000 avg_step=17.6ms elapsed=256s eta=7s eval(20)=0.100
  [seed=1001] step=14800/15000 avg_step=17.6ms elapsed=260s eta=4s eval(20)=0.100
  [seed=1001] step=15000/15000 avg_step=17.6ms elapsed=264s eta=0s eval(20)=0.100
[baseline_zeroinit] seed=1001 done: old_style=0.0000 eval_acc(100)=0.0900
[baseline_zeroinit] starting seed=1002 (15000 steps)...
  [seed=1002] step=200/15000 avg_step=8.8ms elapsed=2s eta=131s eval(20)=0.100
  [seed=1002] step=400/15000 avg_step=9.7ms elapsed=4s eta=142s eval(20)=0.100
  [seed=1002] step=600/15000 avg_step=10.3ms elapsed=6s eta=149s eval(20)=0.100
  [seed=1002] step=800/15000 avg_step=11.4ms elapsed=9s eta=162s eval(20)=0.100
  [seed=1002] step=1000/15000 avg_step=11.8ms elapsed=12s eta=166s eval(20)=0.100
  [seed=1002] step=1200/15000 avg_step=12.8ms elapsed=15s eta=177s eval(20)=0.100
  [seed=1002] step=1400/15000 avg_step=13.6ms elapsed=19s eta=185s eval(20)=0.100
  [seed=1002] step=1600/15000 avg_step=14.1ms elapsed=23s eta=189s eval(20)=0.100
  [seed=1002] step=1800/15000 avg_step=14.5ms elapsed=26s eta=192s eval(20)=0.100
  [seed=1002] step=2000/15000 avg_step=14.9ms elapsed=30s eta=193s eval(20)=0.100
  [seed=1002] step=2200/15000 avg_step=15.1ms elapsed=33s eta=194s eval(20)=0.100
  [seed=1002] step=2400/15000 avg_step=15.4ms elapsed=37s eta=194s eval(20)=0.100
  [seed=1002] step=2600/15000 avg_step=15.6ms elapsed=40s eta=193s eval(20)=0.100
  [seed=1002] step=2800/15000 avg_step=15.7ms elapsed=44s eta=192s eval(20)=0.100
  [seed=1002] step=3000/15000 avg_step=15.9ms elapsed=48s eta=190s eval(20)=0.100
  [seed=1002] step=3200/15000 avg_step=16.0ms elapsed=51s eta=189s eval(20)=0.100
  [seed=1002] step=3400/15000 avg_step=16.1ms elapsed=55s eta=187s eval(20)=0.100
  [seed=1002] step=3600/15000 avg_step=16.2ms elapsed=58s eta=185s eval(20)=0.100
  [seed=1002] step=3800/15000 avg_step=16.3ms elapsed=62s eta=182s eval(20)=0.100
  [seed=1002] step=4000/15000 avg_step=16.4ms elapsed=66s eta=181s eval(20)=0.100
  [seed=1002] step=4200/15000 avg_step=16.6ms elapsed=70s eta=179s eval(20)=0.100
  [seed=1002] step=4400/15000 avg_step=16.7ms elapsed=74s eta=177s eval(20)=0.100
  [seed=1002] step=4600/15000 avg_step=16.8ms elapsed=77s eta=175s eval(20)=0.100
  [seed=1002] step=4800/15000 avg_step=16.8ms elapsed=81s eta=172s eval(20)=0.100
  [seed=1002] step=5000/15000 avg_step=16.9ms elapsed=84s eta=169s eval(20)=0.100
  [seed=1002] step=5200/15000 avg_step=16.9ms elapsed=88s eta=166s eval(20)=0.100
  [seed=1002] step=5400/15000 avg_step=17.0ms elapsed=92s eta=163s eval(20)=0.100
  [seed=1002] step=5600/15000 avg_step=17.0ms elapsed=95s eta=160s eval(20)=0.100
  [seed=1002] step=5800/15000 avg_step=17.1ms elapsed=99s eta=157s eval(20)=0.100
  [seed=1002] step=6000/15000 avg_step=17.1ms elapsed=102s eta=154s eval(20)=0.100
  [seed=1002] step=6200/15000 avg_step=17.1ms elapsed=106s eta=151s eval(20)=0.100
  [seed=1002] step=6400/15000 avg_step=17.1ms elapsed=110s eta=147s eval(20)=0.100
  [seed=1002] step=6600/15000 avg_step=17.2ms elapsed=113s eta=144s eval(20)=0.100
  [seed=1002] step=6800/15000 avg_step=17.2ms elapsed=117s eta=141s eval(20)=0.100
  [seed=1002] step=7000/15000 avg_step=17.2ms elapsed=120s eta=138s eval(20)=0.100
  [seed=1002] step=7200/15000 avg_step=17.2ms elapsed=124s eta=134s eval(20)=0.100
  [seed=1002] step=7400/15000 avg_step=17.3ms elapsed=128s eta=131s eval(20)=0.100
  [seed=1002] step=7600/15000 avg_step=17.3ms elapsed=131s eta=128s eval(20)=0.100
  [seed=1002] step=7800/15000 avg_step=17.3ms elapsed=135s eta=124s eval(20)=0.100
  [seed=1002] step=8000/15000 avg_step=17.3ms elapsed=138s eta=121s eval(20)=0.100
  [seed=1002] step=8200/15000 avg_step=17.3ms elapsed=142s eta=118s eval(20)=0.100
  [seed=1002] step=8400/15000 avg_step=17.3ms elapsed=146s eta=114s eval(20)=0.100
  [seed=1002] step=8600/15000 avg_step=17.3ms elapsed=149s eta=111s eval(20)=0.100
  [seed=1002] step=8800/15000 avg_step=17.4ms elapsed=153s eta=108s eval(20)=0.100
  [seed=1002] step=9000/15000 avg_step=17.4ms elapsed=156s eta=104s eval(20)=0.100
  [seed=1002] step=9200/15000 avg_step=17.4ms elapsed=160s eta=101s eval(20)=0.100
  [seed=1002] step=9400/15000 avg_step=17.4ms elapsed=164s eta=97s eval(20)=0.100
  [seed=1002] step=9600/15000 avg_step=17.4ms elapsed=167s eta=94s eval(20)=0.100
  [seed=1002] step=9800/15000 avg_step=17.4ms elapsed=171s eta=91s eval(20)=0.100
  [seed=1002] step=10000/15000 avg_step=17.4ms elapsed=174s eta=87s eval(20)=0.100
  [seed=1002] step=10200/15000 avg_step=17.4ms elapsed=178s eta=84s eval(20)=0.100
  [seed=1002] step=10400/15000 avg_step=17.5ms elapsed=182s eta=80s eval(20)=0.100
  [seed=1002] step=10600/15000 avg_step=17.5ms elapsed=185s eta=77s eval(20)=0.100
  [seed=1002] step=10800/15000 avg_step=17.5ms elapsed=189s eta=73s eval(20)=0.100
  [seed=1002] step=11000/15000 avg_step=17.5ms elapsed=193s eta=70s eval(20)=0.100
  [seed=1002] step=11200/15000 avg_step=17.5ms elapsed=196s eta=67s eval(20)=0.100
  [seed=1002] step=11400/15000 avg_step=17.5ms elapsed=200s eta=63s eval(20)=0.100
  [seed=1002] step=11600/15000 avg_step=17.5ms elapsed=203s eta=60s eval(20)=0.100
  [seed=1002] step=11800/15000 avg_step=17.5ms elapsed=207s eta=56s eval(20)=0.100
  [seed=1002] step=12000/15000 avg_step=17.5ms elapsed=210s eta=53s eval(20)=0.100
  [seed=1002] step=12200/15000 avg_step=17.5ms elapsed=214s eta=49s eval(20)=0.100
  [seed=1002] step=12400/15000 avg_step=17.6ms elapsed=218s eta=46s eval(20)=0.100
  [seed=1002] step=12600/15000 avg_step=17.6ms elapsed=221s eta=42s eval(20)=0.100
  [seed=1002] step=12800/15000 avg_step=17.6ms elapsed=225s eta=39s eval(20)=0.100
  [seed=1002] step=13000/15000 avg_step=17.6ms elapsed=228s eta=35s eval(20)=0.100
  [seed=1002] step=13200/15000 avg_step=17.6ms elapsed=232s eta=32s eval(20)=0.100
  [seed=1002] step=13400/15000 avg_step=17.6ms elapsed=236s eta=28s eval(20)=0.100
  [seed=1002] step=13600/15000 avg_step=17.6ms elapsed=239s eta=25s eval(20)=0.100
  [seed=1002] step=13800/15000 avg_step=17.6ms elapsed=243s eta=21s eval(20)=0.100
  [seed=1002] step=14000/15000 avg_step=17.6ms elapsed=246s eta=18s eval(20)=0.100
  [seed=1002] step=14200/15000 avg_step=17.6ms elapsed=250s eta=14s eval(20)=0.100
  [seed=1002] step=14400/15000 avg_step=17.6ms elapsed=254s eta=11s eval(20)=0.100
  [seed=1002] step=14600/15000 avg_step=17.6ms elapsed=257s eta=7s eval(20)=0.100
  [seed=1002] step=14800/15000 avg_step=17.6ms elapsed=261s eta=4s eval(20)=0.100
  [seed=1002] step=15000/15000 avg_step=17.6ms elapsed=264s eta=0s eval(20)=0.100
[baseline_zeroinit] seed=1002 done: old_style=0.0000 eval_acc(100)=0.1100
[baseline_zeroinit] starting seed=1003 (15000 steps)...
  [seed=1003] step=200/15000 avg_step=9.0ms elapsed=2s eta=133s eval(20)=0.000
  [seed=1003] step=400/15000 avg_step=9.2ms elapsed=4s eta=134s eval(20)=0.000
  [seed=1003] step=600/15000 avg_step=10.0ms elapsed=6s eta=144s eval(20)=0.000
  [seed=1003] step=800/15000 avg_step=10.9ms elapsed=9s eta=155s eval(20)=0.000
  [seed=1003] step=1000/15000 avg_step=11.5ms elapsed=11s eta=161s eval(20)=0.000
  [seed=1003] step=1200/15000 avg_step=12.5ms elapsed=15s eta=173s eval(20)=0.000
  [seed=1003] step=1400/15000 avg_step=13.3ms elapsed=19s eta=181s eval(20)=0.000
  [seed=1003] step=1600/15000 avg_step=14.1ms elapsed=22s eta=188s eval(20)=0.000
  [seed=1003] step=1800/15000 avg_step=14.5ms elapsed=26s eta=191s eval(20)=0.000
  [seed=1003] step=2000/15000 avg_step=14.8ms elapsed=30s eta=193s eval(20)=0.000
  [seed=1003] step=2200/15000 avg_step=15.1ms elapsed=33s eta=193s eval(20)=0.000
  [seed=1003] step=2400/15000 avg_step=15.4ms elapsed=37s eta=193s eval(20)=0.000
  [seed=1003] step=2600/15000 avg_step=15.6ms elapsed=40s eta=193s eval(20)=0.000
  [seed=1003] step=2800/15000 avg_step=15.7ms elapsed=44s eta=192s eval(20)=0.000
  [seed=1003] step=3000/15000 avg_step=15.9ms elapsed=48s eta=191s eval(20)=0.000
  [seed=1003] step=3200/15000 avg_step=16.0ms elapsed=51s eta=189s eval(20)=0.000
  [seed=1003] step=3400/15000 avg_step=16.1ms elapsed=55s eta=187s eval(20)=0.000
  [seed=1003] step=3600/15000 avg_step=16.2ms elapsed=58s eta=185s eval(20)=0.000
  [seed=1003] step=3800/15000 avg_step=16.3ms elapsed=62s eta=183s eval(20)=0.000
  [seed=1003] step=4000/15000 avg_step=16.4ms elapsed=66s eta=180s eval(20)=0.000
  [seed=1003] step=4200/15000 avg_step=16.5ms elapsed=69s eta=178s eval(20)=0.000
  [seed=1003] step=4400/15000 avg_step=16.5ms elapsed=73s eta=175s eval(20)=0.000
  [seed=1003] step=4600/15000 avg_step=16.6ms elapsed=76s eta=173s eval(20)=0.000
  [seed=1003] step=4800/15000 avg_step=16.7ms elapsed=80s eta=170s eval(20)=0.000
  [seed=1003] step=5000/15000 avg_step=16.7ms elapsed=84s eta=167s eval(20)=0.000
  [seed=1003] step=5200/15000 avg_step=16.8ms elapsed=87s eta=164s eval(20)=0.000
  [seed=1003] step=5400/15000 avg_step=16.8ms elapsed=91s eta=161s eval(20)=0.000
  [seed=1003] step=5600/15000 avg_step=16.8ms elapsed=94s eta=158s eval(20)=0.000
  [seed=1003] step=5800/15000 avg_step=16.9ms elapsed=98s eta=155s eval(20)=0.000
  [seed=1003] step=6000/15000 avg_step=16.9ms elapsed=101s eta=152s eval(20)=0.000
  [seed=1003] step=6200/15000 avg_step=16.9ms elapsed=105s eta=149s eval(20)=0.000
  [seed=1003] step=6400/15000 avg_step=17.0ms elapsed=109s eta=146s eval(20)=0.000
  [seed=1003] step=6600/15000 avg_step=17.0ms elapsed=112s eta=143s eval(20)=0.000
  [seed=1003] step=6800/15000 avg_step=17.0ms elapsed=116s eta=140s eval(20)=0.000
  [seed=1003] step=7000/15000 avg_step=17.1ms elapsed=119s eta=136s eval(20)=0.000
  [seed=1003] step=7200/15000 avg_step=17.1ms elapsed=123s eta=133s eval(20)=0.000
  [seed=1003] step=7400/15000 avg_step=17.1ms elapsed=127s eta=130s eval(20)=0.000
  [seed=1003] step=7600/15000 avg_step=17.1ms elapsed=130s eta=127s eval(20)=0.000
  [seed=1003] step=7800/15000 avg_step=17.2ms elapsed=134s eta=124s eval(20)=0.000
  [seed=1003] step=8000/15000 avg_step=17.2ms elapsed=137s eta=120s eval(20)=0.000
  [seed=1003] step=8200/15000 avg_step=17.2ms elapsed=141s eta=117s eval(20)=0.000
  [seed=1003] step=8400/15000 avg_step=17.2ms elapsed=145s eta=114s eval(20)=0.000
  [seed=1003] step=8600/15000 avg_step=17.2ms elapsed=148s eta=110s eval(20)=0.000
  [seed=1003] step=8800/15000 avg_step=17.2ms elapsed=152s eta=107s eval(20)=0.000
  [seed=1003] step=9000/15000 avg_step=17.3ms elapsed=155s eta=104s eval(20)=0.000
  [seed=1003] step=9200/15000 avg_step=17.3ms elapsed=159s eta=100s eval(20)=0.000
  [seed=1003] step=9400/15000 avg_step=17.3ms elapsed=163s eta=97s eval(20)=0.000
  [seed=1003] step=9600/15000 avg_step=17.3ms elapsed=166s eta=93s eval(20)=0.000
  [seed=1003] step=9800/15000 avg_step=17.3ms elapsed=170s eta=90s eval(20)=0.000
  [seed=1003] step=10000/15000 avg_step=17.3ms elapsed=173s eta=87s eval(20)=0.000
  [seed=1003] step=10200/15000 avg_step=17.3ms elapsed=177s eta=83s eval(20)=0.000
  [seed=1003] step=10400/15000 avg_step=17.4ms elapsed=180s eta=80s eval(20)=0.000
  [seed=1003] step=10600/15000 avg_step=17.4ms elapsed=184s eta=76s eval(20)=0.000
  [seed=1003] step=10800/15000 avg_step=17.4ms elapsed=188s eta=73s eval(20)=0.000
  [seed=1003] step=11000/15000 avg_step=17.4ms elapsed=191s eta=70s eval(20)=0.000
  [seed=1003] step=11200/15000 avg_step=17.4ms elapsed=195s eta=66s eval(20)=0.000
  [seed=1003] step=11400/15000 avg_step=17.4ms elapsed=198s eta=63s eval(20)=0.000
  [seed=1003] step=11600/15000 avg_step=17.4ms elapsed=202s eta=59s eval(20)=0.000
  [seed=1003] step=11800/15000 avg_step=17.4ms elapsed=206s eta=56s eval(20)=0.000
  [seed=1003] step=12000/15000 avg_step=17.4ms elapsed=209s eta=52s eval(20)=0.000
  [seed=1003] step=12200/15000 avg_step=17.4ms elapsed=213s eta=49s eval(20)=0.000
  [seed=1003] step=12400/15000 avg_step=17.4ms elapsed=216s eta=45s eval(20)=0.000
  [seed=1003] step=12600/15000 avg_step=17.5ms elapsed=220s eta=42s eval(20)=0.000
  [seed=1003] step=12800/15000 avg_step=17.5ms elapsed=224s eta=38s eval(20)=0.000
  [seed=1003] step=13000/15000 avg_step=17.5ms elapsed=227s eta=35s eval(20)=0.000
  [seed=1003] step=13200/15000 avg_step=17.5ms elapsed=231s eta=31s eval(20)=0.000
  [seed=1003] step=13400/15000 avg_step=17.5ms elapsed=234s eta=28s eval(20)=0.000
  [seed=1003] step=13600/15000 avg_step=17.5ms elapsed=238s eta=24s eval(20)=0.000
  [seed=1003] step=13800/15000 avg_step=17.5ms elapsed=242s eta=21s eval(20)=0.000
  [seed=1003] step=14000/15000 avg_step=17.5ms elapsed=245s eta=18s eval(20)=0.000
  [seed=1003] step=14200/15000 avg_step=17.5ms elapsed=249s eta=14s eval(20)=0.000
  [seed=1003] step=14400/15000 avg_step=17.5ms elapsed=252s eta=11s eval(20)=0.000
  [seed=1003] step=14600/15000 avg_step=17.5ms elapsed=256s eta=7s eval(20)=0.000
  [seed=1003] step=14800/15000 avg_step=17.5ms elapsed=260s eta=4s eval(20)=0.000
  [seed=1003] step=15000/15000 avg_step=17.5ms elapsed=263s eta=0s eval(20)=0.000
[baseline_zeroinit] seed=1003 done: old_style=0.0000 eval_acc(100)=0.0800
[baseline_zeroinit] starting seed=1004 (15000 steps)...
  [seed=1004] step=200/15000 avg_step=8.9ms elapsed=2s eta=132s eval(20)=0.050
  [seed=1004] step=400/15000 avg_step=9.2ms elapsed=4s eta=135s eval(20)=0.050
  [seed=1004] step=600/15000 avg_step=10.0ms elapsed=6s eta=144s eval(20)=0.050
  [seed=1004] step=800/15000 avg_step=10.9ms elapsed=9s eta=155s eval(20)=0.050
  [seed=1004] step=1000/15000 avg_step=11.5ms elapsed=12s eta=161s eval(20)=0.050
  [seed=1004] step=1200/15000 avg_step=12.6ms elapsed=15s eta=174s eval(20)=0.050
  [seed=1004] step=1400/15000 avg_step=13.4ms elapsed=19s eta=182s eval(20)=0.050
  [seed=1004] step=1600/15000 avg_step=13.9ms elapsed=22s eta=187s eval(20)=0.050
  [seed=1004] step=1800/15000 avg_step=14.4ms elapsed=26s eta=190s eval(20)=0.050
  [seed=1004] step=2000/15000 avg_step=14.7ms elapsed=29s eta=191s eval(20)=0.050
  [seed=1004] step=2200/15000 avg_step=15.0ms elapsed=33s eta=192s eval(20)=0.050
  [seed=1004] step=2400/15000 avg_step=15.3ms elapsed=37s eta=192s eval(20)=0.050
  [seed=1004] step=2600/15000 avg_step=15.5ms elapsed=40s eta=192s eval(20)=0.050
  [seed=1004] step=2800/15000 avg_step=15.6ms elapsed=44s eta=191s eval(20)=0.050
  [seed=1004] step=3000/15000 avg_step=15.8ms elapsed=47s eta=189s eval(20)=0.050
  [seed=1004] step=3200/15000 avg_step=15.9ms elapsed=51s eta=188s eval(20)=0.050
  [seed=1004] step=3400/15000 avg_step=16.0ms elapsed=55s eta=186s eval(20)=0.050
  [seed=1004] step=3600/15000 avg_step=16.1ms elapsed=58s eta=184s eval(20)=0.050
  [seed=1004] step=3800/15000 avg_step=16.2ms elapsed=62s eta=182s eval(20)=0.050
  [seed=1004] step=4000/15000 avg_step=16.3ms elapsed=65s eta=179s eval(20)=0.050
  [seed=1004] step=4200/15000 avg_step=16.4ms elapsed=69s eta=177s eval(20)=0.050
  [seed=1004] step=4400/15000 avg_step=16.5ms elapsed=72s eta=175s eval(20)=0.050
  [seed=1004] step=4600/15000 avg_step=16.5ms elapsed=76s eta=172s eval(20)=0.050
  [seed=1004] step=4800/15000 avg_step=16.6ms elapsed=80s eta=169s eval(20)=0.050
  [seed=1004] step=5000/15000 avg_step=16.6ms elapsed=83s eta=166s eval(20)=0.050
  [seed=1004] step=5200/15000 avg_step=16.7ms elapsed=87s eta=164s eval(20)=0.050
  [seed=1004] step=5400/15000 avg_step=16.7ms elapsed=90s eta=161s eval(20)=0.050
  [seed=1004] step=5600/15000 avg_step=16.8ms elapsed=94s eta=158s eval(20)=0.050
  [seed=1004] step=5800/15000 avg_step=16.8ms elapsed=98s eta=155s eval(20)=0.050
  [seed=1004] step=6000/15000 avg_step=16.8ms elapsed=101s eta=152s eval(20)=0.050
  [seed=1004] step=6200/15000 avg_step=16.9ms elapsed=105s eta=149s eval(20)=0.050
  [seed=1004] step=6400/15000 avg_step=16.9ms elapsed=108s eta=146s eval(20)=0.050
  [seed=1004] step=6600/15000 avg_step=17.0ms elapsed=112s eta=142s eval(20)=0.050
  [seed=1004] step=6800/15000 avg_step=17.0ms elapsed=115s eta=139s eval(20)=0.050
  [seed=1004] step=7000/15000 avg_step=17.0ms elapsed=119s eta=136s eval(20)=0.050
  [seed=1004] step=7200/15000 avg_step=17.0ms elapsed=123s eta=133s eval(20)=0.050
  [seed=1004] step=7400/15000 avg_step=17.1ms elapsed=126s eta=130s eval(20)=0.050
  [seed=1004] step=7600/15000 avg_step=17.1ms elapsed=130s eta=126s eval(20)=0.050
  [seed=1004] step=7800/15000 avg_step=17.1ms elapsed=133s eta=123s eval(20)=0.050
  [seed=1004] step=8000/15000 avg_step=17.1ms elapsed=137s eta=120s eval(20)=0.050
  [seed=1004] step=8200/15000 avg_step=17.2ms elapsed=141s eta=117s eval(20)=0.050
  [seed=1004] step=8400/15000 avg_step=17.2ms elapsed=144s eta=113s eval(20)=0.050
  [seed=1004] step=8600/15000 avg_step=17.2ms elapsed=148s eta=110s eval(20)=0.050
  [seed=1004] step=8800/15000 avg_step=17.2ms elapsed=151s eta=107s eval(20)=0.050
  [seed=1004] step=9000/15000 avg_step=17.2ms elapsed=155s eta=103s eval(20)=0.050
  [seed=1004] step=9200/15000 avg_step=17.2ms elapsed=159s eta=100s eval(20)=0.050
  [seed=1004] step=9400/15000 avg_step=17.3ms elapsed=162s eta=97s eval(20)=0.050
  [seed=1004] step=9600/15000 avg_step=17.3ms elapsed=166s eta=93s eval(20)=0.050
  [seed=1004] step=9800/15000 avg_step=17.3ms elapsed=169s eta=90s eval(20)=0.050
  [seed=1004] step=10000/15000 avg_step=17.3ms elapsed=173s eta=86s eval(20)=0.050
  [seed=1004] step=10200/15000 avg_step=17.3ms elapsed=177s eta=83s eval(20)=0.050
  [seed=1004] step=10400/15000 avg_step=17.3ms elapsed=180s eta=80s eval(20)=0.050
  [seed=1004] step=10600/15000 avg_step=17.3ms elapsed=184s eta=76s eval(20)=0.050
  [seed=1004] step=10800/15000 avg_step=17.3ms elapsed=187s eta=73s eval(20)=0.050
  [seed=1004] step=11000/15000 avg_step=17.4ms elapsed=191s eta=69s eval(20)=0.050
  [seed=1004] step=11200/15000 avg_step=17.4ms elapsed=195s eta=66s eval(20)=0.050
  [seed=1004] step=11400/15000 avg_step=17.4ms elapsed=198s eta=63s eval(20)=0.050
  [seed=1004] step=11600/15000 avg_step=17.4ms elapsed=202s eta=59s eval(20)=0.050
  [seed=1004] step=11800/15000 avg_step=17.4ms elapsed=205s eta=56s eval(20)=0.050
  [seed=1004] step=12000/15000 avg_step=17.4ms elapsed=209s eta=52s eval(20)=0.050
  [seed=1004] step=12200/15000 avg_step=17.4ms elapsed=212s eta=49s eval(20)=0.050
  [seed=1004] step=12400/15000 avg_step=17.4ms elapsed=216s eta=45s eval(20)=0.050
  [seed=1004] step=12600/15000 avg_step=17.4ms elapsed=220s eta=42s eval(20)=0.050
  [seed=1004] step=12800/15000 avg_step=17.4ms elapsed=223s eta=38s eval(20)=0.050
  [seed=1004] step=13000/15000 avg_step=17.5ms elapsed=227s eta=35s eval(20)=0.050
  [seed=1004] step=13200/15000 avg_step=17.5ms elapsed=230s eta=31s eval(20)=0.050
  [seed=1004] step=13400/15000 avg_step=17.5ms elapsed=234s eta=28s eval(20)=0.050
  [seed=1004] step=13600/15000 avg_step=17.5ms elapsed=238s eta=24s eval(20)=0.050
  [seed=1004] step=13800/15000 avg_step=17.5ms elapsed=241s eta=21s eval(20)=0.050
  [seed=1004] step=14000/15000 avg_step=17.5ms elapsed=245s eta=17s eval(20)=0.050
  [seed=1004] step=14200/15000 avg_step=17.5ms elapsed=249s eta=14s eval(20)=0.050
  [seed=1004] step=14400/15000 avg_step=17.5ms elapsed=252s eta=11s eval(20)=0.050
  [seed=1004] step=14600/15000 avg_step=17.5ms elapsed=256s eta=7s eval(20)=0.050
  [seed=1004] step=14800/15000 avg_step=17.5ms elapsed=259s eta=4s eval(20)=0.050
  [seed=1004] step=15000/15000 avg_step=17.5ms elapsed=263s eta=0s eval(20)=0.050
[baseline_zeroinit] seed=1004 done: old_style=0.0000 eval_acc(100)=0.0800
[baseline_zeroinit] CONFIG DONE: old_style_mean=0.0000 eval_acc_mean=0.0880 eval_per_seed=[0.08, 0.09, 0.11, 0.08, 0.08] skip_rate=0.000% avg_step=17.6ms

[zeroinit_energy] starting seed=1000 (15000 steps)...
  [seed=1000] step=200/15000 avg_step=16.4ms elapsed=3s eta=243s eval(20)=0.200
  [seed=1000] step=400/15000 avg_step=17.2ms elapsed=7s eta=251s eval(20)=0.200
  [seed=1000] step=600/15000 avg_step=18.7ms elapsed=11s eta=269s eval(20)=0.200
  [seed=1000] step=800/15000 avg_step=20.6ms elapsed=16s eta=292s eval(20)=0.200
  [seed=1000] step=1000/15000 avg_step=21.7ms elapsed=22s eta=304s eval(20)=0.200
  [seed=1000] step=1200/15000 avg_step=23.9ms elapsed=29s eta=329s eval(20)=0.200
  [seed=1000] step=1400/15000 avg_step=25.4ms elapsed=36s eta=346s eval(20)=0.200
  [seed=1000] step=1600/15000 avg_step=26.6ms elapsed=42s eta=356s eval(20)=0.200
  [seed=1000] step=1800/15000 avg_step=27.5ms elapsed=49s eta=363s eval(20)=0.000
  [seed=1000] step=2000/15000 avg_step=28.2ms elapsed=56s eta=367s eval(20)=0.000
  [seed=1000] step=2200/15000 avg_step=28.8ms elapsed=63s eta=369s eval(20)=0.000
  [seed=1000] step=2400/15000 avg_step=29.3ms elapsed=70s eta=369s eval(20)=0.000
  [seed=1000] step=2600/15000 avg_step=29.7ms elapsed=77s eta=368s eval(20)=0.050
  [seed=1000] step=2800/15000 avg_step=30.0ms elapsed=84s eta=366s eval(20)=0.050
  [seed=1000] step=3000/15000 avg_step=30.4ms elapsed=91s eta=364s eval(20)=0.050
  [seed=1000] step=3200/15000 avg_step=30.6ms elapsed=98s eta=361s eval(20)=0.050
  [seed=1000] step=3400/15000 avg_step=30.9ms elapsed=105s eta=358s eval(20)=0.050
  [seed=1000] step=3600/15000 avg_step=31.1ms elapsed=112s eta=354s eval(20)=0.050
  [seed=1000] step=3800/15000 avg_step=31.3ms elapsed=119s eta=350s eval(20)=0.050
  [seed=1000] step=4000/15000 avg_step=31.4ms elapsed=126s eta=346s eval(20)=0.050
  [seed=1000] step=4200/15000 avg_step=31.6ms elapsed=133s eta=341s eval(20)=0.050
  [seed=1000] step=4400/15000 avg_step=31.7ms elapsed=140s eta=336s eval(20)=0.050
  [seed=1000] step=4600/15000 avg_step=31.8ms elapsed=146s eta=331s eval(20)=0.050
  [seed=1000] step=4800/15000 avg_step=32.0ms elapsed=153s eta=326s eval(20)=0.050
  [seed=1000] step=5000/15000 avg_step=32.0ms elapsed=160s eta=320s eval(20)=0.050
  [seed=1000] step=5200/15000 avg_step=32.2ms elapsed=167s eta=315s eval(20)=0.050
  [seed=1000] step=5400/15000 avg_step=32.2ms elapsed=174s eta=309s eval(20)=0.050
  [seed=1000] step=5600/15000 avg_step=32.3ms elapsed=181s eta=304s eval(20)=0.050
  [seed=1000] step=5800/15000 avg_step=32.4ms elapsed=188s eta=298s eval(20)=0.050
  [seed=1000] step=6000/15000 avg_step=32.5ms elapsed=195s eta=292s eval(20)=0.050
  [seed=1000] step=6200/15000 avg_step=32.5ms elapsed=202s eta=286s eval(20)=0.050
  [seed=1000] step=6400/15000 avg_step=32.6ms elapsed=209s eta=281s eval(20)=0.050
  [seed=1000] step=6600/15000 avg_step=32.7ms elapsed=216s eta=274s eval(20)=0.050
  [seed=1000] step=6800/15000 avg_step=32.7ms elapsed=223s eta=268s eval(20)=0.050
  [seed=1000] step=7000/15000 avg_step=32.8ms elapsed=230s eta=262s eval(20)=0.050
  [seed=1000] step=7200/15000 avg_step=32.8ms elapsed=236s eta=256s eval(20)=0.050
  [seed=1000] step=7400/15000 avg_step=32.9ms elapsed=243s eta=250s eval(20)=0.050
  [seed=1000] step=7600/15000 avg_step=32.9ms elapsed=250s eta=244s eval(20)=0.100
  [seed=1000] step=7800/15000 avg_step=33.0ms elapsed=257s eta=237s eval(20)=0.050
  [seed=1000] step=8000/15000 avg_step=33.0ms elapsed=264s eta=231s eval(20)=0.050
  [seed=1000] step=8200/15000 avg_step=33.1ms elapsed=271s eta=225s eval(20)=0.050
  [seed=1000] step=8400/15000 avg_step=33.1ms elapsed=278s eta=219s eval(20)=0.200
  [seed=1000] step=8600/15000 avg_step=33.2ms elapsed=285s eta=212s eval(20)=0.200
  [seed=1000] step=8800/15000 avg_step=33.2ms elapsed=292s eta=206s eval(20)=0.100
  [seed=1000] step=9000/15000 avg_step=33.2ms elapsed=299s eta=199s eval(20)=0.100
  [seed=1000] step=9200/15000 avg_step=33.3ms elapsed=306s eta=193s eval(20)=0.050
  [seed=1000] step=9400/15000 avg_step=33.3ms elapsed=313s eta=186s eval(20)=0.050
  [seed=1000] step=9600/15000 avg_step=33.3ms elapsed=320s eta=180s eval(20)=0.050
  [seed=1000] step=9800/15000 avg_step=33.4ms elapsed=327s eta=173s eval(20)=0.050
  [seed=1000] step=10000/15000 avg_step=33.4ms elapsed=334s eta=167s eval(20)=0.050
  [seed=1000] step=10200/15000 avg_step=33.4ms elapsed=341s eta=160s eval(20)=0.050
  [seed=1000] step=10400/15000 avg_step=33.5ms elapsed=348s eta=154s eval(20)=0.100
  [seed=1000] step=10600/15000 avg_step=33.5ms elapsed=355s eta=147s eval(20)=0.050
  [seed=1000] step=10800/15000 avg_step=33.5ms elapsed=362s eta=141s eval(20)=0.050
  [seed=1000] step=11000/15000 avg_step=33.6ms elapsed=369s eta=134s eval(20)=0.050
  [seed=1000] step=11200/15000 avg_step=33.6ms elapsed=376s eta=128s eval(20)=0.050
  [seed=1000] step=11400/15000 avg_step=33.6ms elapsed=383s eta=121s eval(20)=0.050
  [seed=1000] step=11600/15000 avg_step=33.6ms elapsed=390s eta=114s eval(20)=0.050
  [seed=1000] step=11800/15000 avg_step=33.6ms elapsed=397s eta=108s eval(20)=0.050
  [seed=1000] step=12000/15000 avg_step=33.7ms elapsed=404s eta=101s eval(20)=0.050
  [seed=1000] step=12200/15000 avg_step=33.7ms elapsed=411s eta=94s eval(20)=0.050
  [seed=1000] step=12400/15000 avg_step=33.7ms elapsed=418s eta=88s eval(20)=0.050
  [seed=1000] step=12600/15000 avg_step=33.7ms elapsed=425s eta=81s eval(20)=0.050
  [seed=1000] step=12800/15000 avg_step=33.8ms elapsed=432s eta=74s eval(20)=0.050
  [seed=1000] step=13000/15000 avg_step=33.8ms elapsed=439s eta=68s eval(20)=0.050
  [seed=1000] step=13200/15000 avg_step=33.8ms elapsed=446s eta=61s eval(20)=0.050
  [seed=1000] step=13400/15000 avg_step=33.8ms elapsed=453s eta=54s eval(20)=0.050
  [seed=1000] step=13600/15000 avg_step=33.8ms elapsed=460s eta=47s eval(20)=0.050
  [seed=1000] step=13800/15000 avg_step=33.9ms elapsed=467s eta=41s eval(20)=0.050
  [seed=1000] step=14000/15000 avg_step=33.9ms elapsed=474s eta=34s eval(20)=0.050
  [seed=1000] step=14200/15000 avg_step=33.9ms elapsed=481s eta=27s eval(20)=0.050
  [seed=1000] step=14400/15000 avg_step=33.9ms elapsed=488s eta=20s eval(20)=0.050
  [seed=1000] step=14600/15000 avg_step=33.9ms elapsed=496s eta=14s eval(20)=0.050
  [seed=1000] step=14800/15000 avg_step=34.0ms elapsed=503s eta=7s eval(20)=0.050
  [seed=1000] step=15000/15000 avg_step=34.0ms elapsed=510s eta=0s eval(20)=0.050
[zeroinit_energy] seed=1000 done: old_style=0.3333 eval_acc(100)=0.1400
[zeroinit_energy] starting seed=1001 (15000 steps)...
  [seed=1001] step=200/15000 avg_step=17.3ms elapsed=3s eta=256s eval(20)=0.200
  [seed=1001] step=400/15000 avg_step=18.5ms elapsed=7s eta=270s eval(20)=0.000
  [seed=1001] step=600/15000 avg_step=20.1ms elapsed=12s eta=289s eval(20)=0.050
  [seed=1001] step=800/15000 avg_step=21.9ms elapsed=18s eta=312s eval(20)=0.050
  [seed=1001] step=1000/15000 avg_step=23.1ms elapsed=23s eta=323s eval(20)=0.150
  [seed=1001] step=1200/15000 avg_step=25.2ms elapsed=30s eta=348s eval(20)=0.200
  [seed=1001] step=1400/15000 avg_step=26.6ms elapsed=37s eta=362s eval(20)=0.150
  [seed=1001] step=1600/15000 avg_step=27.7ms elapsed=44s eta=371s eval(20)=0.150
  [seed=1001] step=1800/15000 avg_step=28.4ms elapsed=51s eta=375s eval(20)=0.050
  [seed=1001] step=2000/15000 avg_step=29.1ms elapsed=58s eta=378s eval(20)=0.150
  [seed=1001] step=2200/15000 avg_step=29.6ms elapsed=65s eta=379s eval(20)=0.200
  [seed=1001] step=2400/15000 avg_step=30.0ms elapsed=72s eta=378s eval(20)=0.000
  [seed=1001] step=2600/15000 avg_step=30.4ms elapsed=79s eta=377s eval(20)=0.000
  [seed=1001] step=2800/15000 avg_step=30.7ms elapsed=86s eta=375s eval(20)=0.000
  [seed=1001] step=3000/15000 avg_step=31.0ms elapsed=93s eta=372s eval(20)=0.000
  [seed=1001] step=3200/15000 avg_step=31.2ms elapsed=100s eta=368s eval(20)=0.000
  [seed=1001] step=3400/15000 avg_step=31.5ms elapsed=107s eta=366s eval(20)=0.000
  [seed=1001] step=3600/15000 avg_step=31.7ms elapsed=114s eta=362s eval(20)=0.000
  [seed=1001] step=3800/15000 avg_step=32.0ms elapsed=121s eta=358s eval(20)=0.000
  [seed=1001] step=4000/15000 avg_step=32.2ms elapsed=129s eta=354s eval(20)=0.000
  [seed=1001] step=4200/15000 avg_step=32.4ms elapsed=136s eta=349s eval(20)=0.000
  [seed=1001] step=4400/15000 avg_step=32.5ms elapsed=143s eta=344s eval(20)=0.000
  [seed=1001] step=4600/15000 avg_step=32.6ms elapsed=150s eta=339s eval(20)=0.000
  [seed=1001] step=4800/15000 avg_step=32.8ms elapsed=158s eta=335s eval(20)=0.000
  [seed=1001] step=5000/15000 avg_step=33.0ms elapsed=165s eta=330s eval(20)=0.000
  [seed=1001] step=5200/15000 avg_step=33.0ms elapsed=172s eta=324s eval(20)=0.000
  [seed=1001] step=5400/15000 avg_step=33.1ms elapsed=179s eta=318s eval(20)=0.050
  [seed=1001] step=5600/15000 avg_step=33.2ms elapsed=186s eta=312s eval(20)=0.100
  [seed=1001] step=5800/15000 avg_step=33.3ms elapsed=193s eta=306s eval(20)=0.150
  [seed=1001] step=6000/15000 avg_step=33.4ms elapsed=200s eta=300s eval(20)=0.150
  [seed=1001] step=6200/15000 avg_step=33.4ms elapsed=207s eta=294s eval(20)=0.150
  [seed=1001] step=6400/15000 avg_step=33.5ms elapsed=214s eta=288s eval(20)=0.150
  [seed=1001] step=6600/15000 avg_step=33.5ms elapsed=221s eta=282s eval(20)=0.250
  [seed=1001] step=6800/15000 avg_step=33.7ms elapsed=229s eta=276s eval(20)=0.150
  [seed=1001] step=7000/15000 avg_step=33.7ms elapsed=236s eta=270s eval(20)=0.200
  [seed=1001] step=7200/15000 avg_step=33.7ms elapsed=243s eta=263s eval(20)=0.200
  [seed=1001] step=7400/15000 avg_step=33.8ms elapsed=250s eta=257s eval(20)=0.200
  [seed=1001] step=7600/15000 avg_step=33.8ms elapsed=257s eta=250s eval(20)=0.150
  [seed=1001] step=7800/15000 avg_step=33.9ms elapsed=264s eta=244s eval(20)=0.200
  [seed=1001] step=8000/15000 avg_step=33.9ms elapsed=271s eta=237s eval(20)=0.200
  [seed=1001] step=8200/15000 avg_step=34.0ms elapsed=278s eta=231s eval(20)=0.200
  [seed=1001] step=8400/15000 avg_step=34.0ms elapsed=285s eta=224s eval(20)=0.200
  [seed=1001] step=8600/15000 avg_step=34.0ms elapsed=292s eta=218s eval(20)=0.200
  [seed=1001] step=8800/15000 avg_step=34.0ms elapsed=300s eta=211s eval(20)=0.200
  [seed=1001] step=9000/15000 avg_step=34.1ms elapsed=307s eta=205s eval(20)=0.200
  [seed=1001] step=9200/15000 avg_step=34.1ms elapsed=314s eta=198s eval(20)=0.200
  [seed=1001] step=9400/15000 avg_step=34.2ms elapsed=321s eta=192s eval(20)=0.200
  [seed=1001] step=9600/15000 avg_step=34.2ms elapsed=329s eta=185s eval(20)=0.200
  [seed=1001] step=9800/15000 avg_step=34.3ms elapsed=336s eta=178s eval(20)=0.200
  [seed=1001] step=10000/15000 avg_step=34.3ms elapsed=343s eta=172s eval(20)=0.200
  [seed=1001] step=10200/15000 avg_step=34.4ms elapsed=351s eta=165s eval(20)=0.200
  [seed=1001] step=10400/15000 avg_step=34.5ms elapsed=359s eta=159s eval(20)=0.200
  [seed=1001] step=10600/15000 avg_step=34.6ms elapsed=366s eta=152s eval(20)=0.200
  [seed=1001] step=10800/15000 avg_step=34.6ms elapsed=374s eta=145s eval(20)=0.200
  [seed=1001] step=11000/15000 avg_step=34.6ms elapsed=381s eta=139s eval(20)=0.200
  [seed=1001] step=11200/15000 avg_step=34.7ms elapsed=388s eta=132s eval(20)=0.200
  [seed=1001] step=11400/15000 avg_step=34.7ms elapsed=395s eta=125s eval(20)=0.200
  [seed=1001] step=11600/15000 avg_step=34.7ms elapsed=403s eta=118s eval(20)=0.200
  [seed=1001] step=11800/15000 avg_step=34.8ms elapsed=410s eta=111s eval(20)=0.200
  [seed=1001] step=12000/15000 avg_step=34.8ms elapsed=418s eta=104s eval(20)=0.200
  [seed=1001] step=12200/15000 avg_step=34.8ms elapsed=425s eta=98s eval(20)=0.200
  [seed=1001] step=12400/15000 avg_step=34.9ms elapsed=433s eta=91s eval(20)=0.200
  [seed=1001] step=12600/15000 avg_step=34.9ms elapsed=440s eta=84s eval(20)=0.200
  [seed=1001] step=12800/15000 avg_step=35.0ms elapsed=448s eta=77s eval(20)=0.200
  [seed=1001] step=13000/15000 avg_step=35.0ms elapsed=456s eta=70s eval(20)=0.200
  [seed=1001] step=13200/15000 avg_step=35.1ms elapsed=463s eta=63s eval(20)=0.200
  [seed=1001] step=13400/15000 avg_step=35.1ms elapsed=471s eta=56s eval(20)=0.200
  [seed=1001] step=13600/15000 avg_step=35.1ms elapsed=478s eta=49s eval(20)=0.200
  [seed=1001] step=13800/15000 avg_step=35.2ms elapsed=485s eta=42s eval(20)=0.200
  [seed=1001] step=14000/15000 avg_step=35.2ms elapsed=493s eta=35s eval(20)=0.200
  [seed=1001] step=14200/15000 avg_step=35.2ms elapsed=500s eta=28s eval(20)=0.200
  [seed=1001] step=14400/15000 avg_step=35.3ms elapsed=508s eta=21s eval(20)=0.200
  [seed=1001] step=14600/15000 avg_step=35.3ms elapsed=516s eta=14s eval(20)=0.200
  [seed=1001] step=14800/15000 avg_step=35.4ms elapsed=524s eta=7s eval(20)=0.200
  [seed=1001] step=15000/15000 avg_step=35.4ms elapsed=531s eta=0s eval(20)=0.200
[zeroinit_energy] seed=1001 done: old_style=0.0000 eval_acc(100)=0.1300
[zeroinit_energy] starting seed=1002 (15000 steps)...
  [seed=1002] step=200/15000 avg_step=17.8ms elapsed=4s eta=264s eval(20)=0.300
  [seed=1002] step=400/15000 avg_step=18.8ms elapsed=8s eta=275s eval(20)=0.100
  [seed=1002] step=600/15000 avg_step=20.6ms elapsed=12s eta=296s eval(20)=0.100
  [seed=1002] step=800/15000 avg_step=22.6ms elapsed=18s eta=321s eval(20)=0.100
  [seed=1002] step=1000/15000 avg_step=23.8ms elapsed=24s eta=333s eval(20)=0.100
  [seed=1002] step=1200/15000 avg_step=26.1ms elapsed=31s eta=360s eval(20)=0.100
  [seed=1002] step=1400/15000 avg_step=27.7ms elapsed=39s eta=377s eval(20)=0.100
  [seed=1002] step=1600/15000 avg_step=29.0ms elapsed=46s eta=388s eval(20)=0.100
  [seed=1002] step=1800/15000 avg_step=29.9ms elapsed=54s eta=395s eval(20)=0.100
  [seed=1002] step=2000/15000 avg_step=30.7ms elapsed=61s eta=399s eval(20)=0.350
  [seed=1002] step=2200/15000 avg_step=31.4ms elapsed=69s eta=402s eval(20)=0.300
  [seed=1002] step=2400/15000 avg_step=32.0ms elapsed=77s eta=404s eval(20)=0.300
  [seed=1002] step=2600/15000 avg_step=32.6ms elapsed=85s eta=404s eval(20)=0.300
  [seed=1002] step=2800/15000 avg_step=33.1ms elapsed=93s eta=404s eval(20)=0.300
  [seed=1002] step=3000/15000 avg_step=33.5ms elapsed=101s eta=402s eval(20)=0.300
  [seed=1002] step=3200/15000 avg_step=33.9ms elapsed=108s eta=400s eval(20)=0.250
  [seed=1002] step=3400/15000 avg_step=34.2ms elapsed=116s eta=396s eval(20)=0.300
  [seed=1002] step=3600/15000 avg_step=34.3ms elapsed=124s eta=391s eval(20)=0.300
  [seed=1002] step=3800/15000 avg_step=34.5ms elapsed=131s eta=386s eval(20)=0.100
  [seed=1002] step=4000/15000 avg_step=34.6ms elapsed=138s eta=381s eval(20)=0.200
  [seed=1002] step=4200/15000 avg_step=34.8ms elapsed=146s eta=376s eval(20)=0.300
  [seed=1002] step=4400/15000 avg_step=34.9ms elapsed=154s eta=370s eval(20)=0.300
  [seed=1002] step=4600/15000 avg_step=35.1ms elapsed=162s eta=365s eval(20)=0.300
  [seed=1002] step=4800/15000 avg_step=35.1ms elapsed=169s eta=358s eval(20)=0.100
  [seed=1002] step=5000/15000 avg_step=35.1ms elapsed=176s eta=351s eval(20)=0.100
  [seed=1002] step=5200/15000 avg_step=35.1ms elapsed=183s eta=344s eval(20)=0.100
  [seed=1002] step=5400/15000 avg_step=35.2ms elapsed=190s eta=338s eval(20)=0.100
  [seed=1002] step=5600/15000 avg_step=35.2ms elapsed=197s eta=331s eval(20)=0.100
  [seed=1002] step=5800/15000 avg_step=35.3ms elapsed=205s eta=325s eval(20)=0.100
  [seed=1002] step=6000/15000 avg_step=35.4ms elapsed=212s eta=318s eval(20)=0.300
  [seed=1002] step=6200/15000 avg_step=35.5ms elapsed=220s eta=312s eval(20)=0.300
  [seed=1002] step=6400/15000 avg_step=35.6ms elapsed=228s eta=306s eval(20)=0.300
  [seed=1002] step=6600/15000 avg_step=35.7ms elapsed=236s eta=300s eval(20)=0.300
  [seed=1002] step=6800/15000 avg_step=35.8ms elapsed=243s eta=293s eval(20)=0.300
  [seed=1002] step=7000/15000 avg_step=35.8ms elapsed=251s eta=286s eval(20)=0.300
  [seed=1002] step=7200/15000 avg_step=35.9ms elapsed=258s eta=280s eval(20)=0.300
  [seed=1002] step=7400/15000 avg_step=35.9ms elapsed=266s eta=273s eval(20)=0.300
  [seed=1002] step=7600/15000 avg_step=35.9ms elapsed=273s eta=266s eval(20)=0.300
  [seed=1002] step=7800/15000 avg_step=36.0ms elapsed=281s eta=259s eval(20)=0.300
  [seed=1002] step=8000/15000 avg_step=36.0ms elapsed=288s eta=252s eval(20)=0.300
  [seed=1002] step=8200/15000 avg_step=36.1ms elapsed=296s eta=245s eval(20)=0.300
  [seed=1002] step=8400/15000 avg_step=36.1ms elapsed=303s eta=238s eval(20)=0.250
  [seed=1002] step=8600/15000 avg_step=36.1ms elapsed=311s eta=231s eval(20)=0.300
  [seed=1002] step=8800/15000 avg_step=36.2ms elapsed=318s eta=224s eval(20)=0.250
  [seed=1002] step=9000/15000 avg_step=36.2ms elapsed=326s eta=217s eval(20)=0.300
  [seed=1002] step=9200/15000 avg_step=36.2ms elapsed=333s eta=210s eval(20)=0.300
  [seed=1002] step=9400/15000 avg_step=36.2ms elapsed=341s eta=203s eval(20)=0.300
  [seed=1002] step=9600/15000 avg_step=36.3ms elapsed=348s eta=196s eval(20)=0.300
  [seed=1002] step=9800/15000 avg_step=36.3ms elapsed=356s eta=189s eval(20)=0.300
  [seed=1002] step=10000/15000 avg_step=36.3ms elapsed=363s eta=181s eval(20)=0.300
  [seed=1002] step=10200/15000 avg_step=36.3ms elapsed=370s eta=174s eval(20)=0.300
  [seed=1002] step=10400/15000 avg_step=36.3ms elapsed=378s eta=167s eval(20)=0.300
  [seed=1002] step=10600/15000 avg_step=36.3ms elapsed=385s eta=160s eval(20)=0.300
  [seed=1002] step=10800/15000 avg_step=36.3ms elapsed=392s eta=152s eval(20)=0.300
  [seed=1002] step=11000/15000 avg_step=36.3ms elapsed=399s eta=145s eval(20)=0.300
  [seed=1002] step=11200/15000 avg_step=36.3ms elapsed=407s eta=138s eval(20)=0.300
  [seed=1002] step=11400/15000 avg_step=36.3ms elapsed=414s eta=131s eval(20)=0.300
  [seed=1002] step=11600/15000 avg_step=36.3ms elapsed=421s eta=123s eval(20)=0.300
  [seed=1002] step=11800/15000 avg_step=36.3ms elapsed=429s eta=116s eval(20)=0.300
  [seed=1002] step=12000/15000 avg_step=36.4ms elapsed=436s eta=109s eval(20)=0.300
  [seed=1002] step=12200/15000 avg_step=36.4ms elapsed=444s eta=102s eval(20)=0.300
  [seed=1002] step=12400/15000 avg_step=36.4ms elapsed=451s eta=95s eval(20)=0.300
  [seed=1002] step=12600/15000 avg_step=36.4ms elapsed=459s eta=87s eval(20)=0.300
  [seed=1002] step=12800/15000 avg_step=36.5ms elapsed=467s eta=80s eval(20)=0.300
  [seed=1002] step=13000/15000 avg_step=36.5ms elapsed=474s eta=73s eval(20)=0.300
  [seed=1002] step=13200/15000 avg_step=36.5ms elapsed=482s eta=66s eval(20)=0.300
  [seed=1002] step=13400/15000 avg_step=36.5ms elapsed=489s eta=58s eval(20)=0.300
  [seed=1002] step=13600/15000 avg_step=36.5ms elapsed=497s eta=51s eval(20)=0.100
  [seed=1002] step=13800/15000 avg_step=36.6ms elapsed=504s eta=44s eval(20)=0.100
  [seed=1002] step=14000/15000 avg_step=36.6ms elapsed=512s eta=37s eval(20)=0.100
  [seed=1002] step=14200/15000 avg_step=36.6ms elapsed=520s eta=29s eval(20)=0.100
  [seed=1002] step=14400/15000 avg_step=36.6ms elapsed=527s eta=22s eval(20)=0.100
  [seed=1002] step=14600/15000 avg_step=36.6ms elapsed=534s eta=15s eval(20)=0.300
  [seed=1002] step=14800/15000 avg_step=36.6ms elapsed=542s eta=7s eval(20)=0.300
  [seed=1002] step=15000/15000 avg_step=36.6ms elapsed=549s eta=0s eval(20)=0.300
[zeroinit_energy] seed=1002 done: old_style=0.0000 eval_acc(100)=0.1400
[zeroinit_energy] starting seed=1003 (15000 steps)...
  [seed=1003] step=200/15000 avg_step=18.8ms elapsed=4s eta=278s eval(20)=0.150
  [seed=1003] step=400/15000 avg_step=19.4ms elapsed=8s eta=283s eval(20)=0.000
  [seed=1003] step=600/15000 avg_step=21.1ms elapsed=13s eta=303s eval(20)=0.100
  [seed=1003] step=800/15000 avg_step=23.1ms elapsed=18s eta=328s eval(20)=0.000
  [seed=1003] step=1000/15000 avg_step=24.4ms elapsed=24s eta=342s eval(20)=0.150
  [seed=1003] step=1200/15000 avg_step=26.8ms elapsed=32s eta=370s eval(20)=0.250
  [seed=1003] step=1400/15000 avg_step=28.6ms elapsed=40s eta=389s eval(20)=0.150
  [seed=1003] step=1600/15000 avg_step=30.0ms elapsed=48s eta=402s eval(20)=0.150
  [seed=1003] step=1800/15000 avg_step=31.0ms elapsed=56s eta=410s eval(20)=0.150
  [seed=1003] step=2000/15000 avg_step=31.8ms elapsed=64s eta=413s eval(20)=0.150
  [seed=1003] step=2200/15000 avg_step=32.3ms elapsed=71s eta=413s eval(20)=0.150
  [seed=1003] step=2400/15000 avg_step=32.6ms elapsed=78s eta=411s eval(20)=0.150
  [seed=1003] step=2600/15000 avg_step=32.9ms elapsed=86s eta=408s eval(20)=0.150
  [seed=1003] step=2800/15000 avg_step=33.1ms elapsed=93s eta=403s eval(20)=0.150
  [seed=1003] step=3000/15000 avg_step=33.2ms elapsed=100s eta=399s eval(20)=0.200
  [seed=1003] step=3200/15000 avg_step=33.3ms elapsed=107s eta=393s eval(20)=0.250
  [seed=1003] step=3400/15000 avg_step=33.4ms elapsed=114s eta=388s eval(20)=0.200
  [seed=1003] step=3600/15000 avg_step=33.5ms elapsed=121s eta=382s eval(20)=0.200
  [seed=1003] step=3800/15000 avg_step=33.6ms elapsed=128s eta=376s eval(20)=0.200
  [seed=1003] step=4000/15000 avg_step=33.7ms elapsed=135s eta=370s eval(20)=0.200
  [seed=1003] step=4200/15000 avg_step=33.8ms elapsed=142s eta=365s eval(20)=0.050
  [seed=1003] step=4400/15000 avg_step=33.9ms elapsed=149s eta=359s eval(20)=0.100
  [seed=1003] step=4600/15000 avg_step=34.1ms elapsed=157s eta=354s eval(20)=0.100
  [seed=1003] step=4800/15000 avg_step=34.1ms elapsed=164s eta=348s eval(20)=0.100
  [seed=1003] step=5000/15000 avg_step=34.1ms elapsed=171s eta=341s eval(20)=0.100
  [seed=1003] step=5200/15000 avg_step=34.2ms elapsed=178s eta=335s eval(20)=0.100
  [seed=1003] step=5400/15000 avg_step=34.3ms elapsed=185s eta=329s eval(20)=0.100
  [seed=1003] step=5600/15000 avg_step=34.3ms elapsed=192s eta=323s eval(20)=0.100
  [seed=1003] step=5800/15000 avg_step=34.4ms elapsed=200s eta=316s eval(20)=0.100
  [seed=1003] step=6000/15000 avg_step=34.4ms elapsed=206s eta=310s eval(20)=0.100
  [seed=1003] step=6200/15000 avg_step=34.4ms elapsed=213s eta=303s eval(20)=0.100
  [seed=1003] step=6400/15000 avg_step=34.4ms elapsed=220s eta=296s eval(20)=0.100
  [seed=1003] step=6600/15000 avg_step=34.5ms elapsed=228s eta=290s eval(20)=0.100
  [seed=1003] step=6800/15000 avg_step=34.6ms elapsed=235s eta=283s eval(20)=0.100
  [seed=1003] step=7000/15000 avg_step=34.6ms elapsed=242s eta=277s eval(20)=0.100
  [seed=1003] step=7200/15000 avg_step=34.7ms elapsed=250s eta=271s eval(20)=0.100
  [seed=1003] step=7400/15000 avg_step=34.7ms elapsed=257s eta=264s eval(20)=0.100
  [seed=1003] step=7600/15000 avg_step=34.8ms elapsed=264s eta=257s eval(20)=0.100
  [seed=1003] step=7800/15000 avg_step=34.8ms elapsed=271s eta=250s eval(20)=0.100
  [seed=1003] step=8000/15000 avg_step=34.8ms elapsed=278s eta=244s eval(20)=0.100
  [seed=1003] step=8200/15000 avg_step=34.8ms elapsed=285s eta=237s eval(20)=0.100
  [seed=1003] step=8400/15000 avg_step=34.8ms elapsed=293s eta=230s eval(20)=0.200
  [seed=1003] step=8600/15000 avg_step=34.9ms elapsed=300s eta=223s eval(20)=0.100
  [seed=1003] step=8800/15000 avg_step=34.9ms elapsed=307s eta=216s eval(20)=0.100
  [seed=1003] step=9000/15000 avg_step=34.9ms elapsed=314s eta=209s eval(20)=0.100
  [seed=1003] step=9200/15000 avg_step=34.9ms elapsed=321s eta=203s eval(20)=0.100
  [seed=1003] step=9400/15000 avg_step=34.9ms elapsed=328s eta=196s eval(20)=0.100
  [seed=1003] step=9600/15000 avg_step=34.9ms elapsed=335s eta=189s eval(20)=0.100
  [seed=1003] step=9800/15000 avg_step=34.9ms elapsed=342s eta=182s eval(20)=0.100
  [seed=1003] step=10000/15000 avg_step=34.9ms elapsed=349s eta=175s eval(20)=0.100
  [seed=1003] step=10200/15000 avg_step=34.9ms elapsed=356s eta=168s eval(20)=0.100
  [seed=1003] step=10400/15000 avg_step=34.9ms elapsed=363s eta=161s eval(20)=0.100
  [seed=1003] step=10600/15000 avg_step=34.9ms elapsed=370s eta=154s eval(20)=0.100
  [seed=1003] step=10800/15000 avg_step=34.9ms elapsed=377s eta=147s eval(20)=0.100
  [seed=1003] step=11000/15000 avg_step=35.0ms elapsed=385s eta=140s eval(20)=0.100
  [seed=1003] step=11200/15000 avg_step=35.0ms elapsed=392s eta=133s eval(20)=0.100
  [seed=1003] step=11400/15000 avg_step=35.0ms elapsed=399s eta=126s eval(20)=0.100
  [seed=1003] step=11600/15000 avg_step=35.0ms elapsed=406s eta=119s eval(20)=0.100
  [seed=1003] step=11800/15000 avg_step=35.0ms elapsed=413s eta=112s eval(20)=0.100
  [seed=1003] step=12000/15000 avg_step=35.0ms elapsed=420s eta=105s eval(20)=0.100
  [seed=1003] step=12200/15000 avg_step=35.1ms elapsed=428s eta=98s eval(20)=0.100
  [seed=1003] step=12400/15000 avg_step=35.1ms elapsed=435s eta=91s eval(20)=0.100
  [seed=1003] step=12600/15000 avg_step=35.1ms elapsed=442s eta=84s eval(20)=0.100
  [seed=1003] step=12800/15000 avg_step=35.1ms elapsed=449s eta=77s eval(20)=0.100
  [seed=1003] step=13000/15000 avg_step=35.1ms elapsed=457s eta=70s eval(20)=0.100
  [seed=1003] step=13200/15000 avg_step=35.1ms elapsed=464s eta=63s eval(20)=0.100
  [seed=1003] step=13400/15000 avg_step=35.2ms elapsed=471s eta=56s eval(20)=0.100
  [seed=1003] step=13600/15000 avg_step=35.2ms elapsed=479s eta=49s eval(20)=0.100
  [seed=1003] step=13800/15000 avg_step=35.2ms elapsed=486s eta=42s eval(20)=0.100
  [seed=1003] step=14000/15000 avg_step=35.2ms elapsed=493s eta=35s eval(20)=0.100
  [seed=1003] step=14200/15000 avg_step=35.2ms elapsed=500s eta=28s eval(20)=0.100
  [seed=1003] step=14400/15000 avg_step=35.3ms elapsed=508s eta=21s eval(20)=0.100
  [seed=1003] step=14600/15000 avg_step=35.3ms elapsed=515s eta=14s eval(20)=0.100
  [seed=1003] step=14800/15000 avg_step=35.3ms elapsed=522s eta=7s eval(20)=0.100
  [seed=1003] step=15000/15000 avg_step=35.3ms elapsed=530s eta=0s eval(20)=0.100
[zeroinit_energy] seed=1003 done: old_style=0.6667 eval_acc(100)=0.1100
[zeroinit_energy] starting seed=1004 (15000 steps)...
  [seed=1004] step=200/15000 avg_step=17.2ms elapsed=3s eta=255s eval(20)=0.100
  [seed=1004] step=400/15000 avg_step=18.0ms elapsed=7s eta=263s eval(20)=0.050
  [seed=1004] step=600/15000 avg_step=19.9ms elapsed=12s eta=286s eval(20)=0.050
  [seed=1004] step=800/15000 avg_step=22.0ms elapsed=18s eta=312s eval(20)=0.050
  [seed=1004] step=1000/15000 avg_step=23.1ms elapsed=23s eta=324s eval(20)=0.050
  [seed=1004] step=1200/15000 avg_step=25.4ms elapsed=30s eta=350s eval(20)=0.050
  [seed=1004] step=1400/15000 avg_step=26.9ms elapsed=38s eta=366s eval(20)=0.050
  [seed=1004] step=1600/15000 avg_step=28.2ms elapsed=45s eta=378s eval(20)=0.150
  [seed=1004] step=1800/15000 avg_step=29.2ms elapsed=53s eta=386s eval(20)=0.150
  [seed=1004] step=2000/15000 avg_step=30.0ms elapsed=60s eta=390s eval(20)=0.150
  [seed=1004] step=2200/15000 avg_step=30.6ms elapsed=67s eta=392s eval(20)=0.150
  [seed=1004] step=2400/15000 avg_step=31.1ms elapsed=75s eta=392s eval(20)=0.050
  [seed=1004] step=2600/15000 avg_step=31.6ms elapsed=82s eta=392s eval(20)=0.150
  [seed=1004] step=2800/15000 avg_step=32.0ms elapsed=90s eta=391s eval(20)=0.150
  [seed=1004] step=3000/15000 avg_step=32.3ms elapsed=97s eta=388s eval(20)=0.150
  [seed=1004] step=3200/15000 avg_step=32.6ms elapsed=104s eta=385s eval(20)=0.100
  [seed=1004] step=3400/15000 avg_step=32.9ms elapsed=112s eta=382s eval(20)=0.150
  [seed=1004] step=3600/15000 avg_step=33.2ms elapsed=119s eta=378s eval(20)=0.100
  [seed=1004] step=3800/15000 avg_step=33.5ms elapsed=127s eta=375s eval(20)=0.100
  [seed=1004] step=4000/15000 avg_step=33.9ms elapsed=136s eta=373s eval(20)=0.150
  [seed=1004] step=4200/15000 avg_step=34.2ms elapsed=144s eta=369s eval(20)=0.100
  [seed=1004] step=4400/15000 avg_step=34.4ms elapsed=151s eta=364s eval(20)=0.100
  [seed=1004] step=4600/15000 avg_step=34.5ms elapsed=159s eta=359s eval(20)=0.100
  [seed=1004] step=4800/15000 avg_step=34.7ms elapsed=166s eta=354s eval(20)=0.100
  [seed=1004] step=5000/15000 avg_step=34.8ms elapsed=174s eta=348s eval(20)=0.100
  [seed=1004] step=5200/15000 avg_step=34.9ms elapsed=182s eta=342s eval(20)=0.100
  [seed=1004] step=5400/15000 avg_step=35.0ms elapsed=189s eta=336s eval(20)=0.100
  [seed=1004] step=5600/15000 avg_step=35.1ms elapsed=197s eta=330s eval(20)=0.100
  [seed=1004] step=5800/15000 avg_step=35.2ms elapsed=204s eta=324s eval(20)=0.100
  [seed=1004] step=6000/15000 avg_step=35.2ms elapsed=211s eta=317s eval(20)=0.050
  [seed=1004] step=6200/15000 avg_step=35.3ms elapsed=219s eta=311s eval(20)=0.050
  [seed=1004] step=6400/15000 avg_step=35.4ms elapsed=226s eta=304s eval(20)=0.100
  [seed=1004] step=6600/15000 avg_step=35.4ms elapsed=234s eta=298s eval(20)=0.150
  [seed=1004] step=6800/15000 avg_step=35.5ms elapsed=241s eta=291s eval(20)=0.050
  [seed=1004] step=7000/15000 avg_step=35.5ms elapsed=249s eta=284s eval(20)=0.050
  [seed=1004] step=7200/15000 avg_step=35.6ms elapsed=256s eta=278s eval(20)=0.050
  [seed=1004] step=7400/15000 avg_step=35.6ms elapsed=264s eta=271s eval(20)=0.050
  [seed=1004] step=7600/15000 avg_step=35.7ms elapsed=271s eta=264s eval(20)=0.050
  [seed=1004] step=7800/15000 avg_step=35.7ms elapsed=279s eta=257s eval(20)=0.050
  [seed=1004] step=8000/15000 avg_step=35.8ms elapsed=286s eta=251s eval(20)=0.050
  [seed=1004] step=8200/15000 avg_step=35.9ms elapsed=294s eta=244s eval(20)=0.050
  [seed=1004] step=8400/15000 avg_step=35.9ms elapsed=302s eta=237s eval(20)=0.050
  [seed=1004] step=8600/15000 avg_step=36.0ms elapsed=310s eta=230s eval(20)=0.050
  [seed=1004] step=8800/15000 avg_step=36.1ms elapsed=318s eta=224s eval(20)=0.050
  [seed=1004] step=9000/15000 avg_step=36.2ms elapsed=326s eta=217s eval(20)=0.050
  [seed=1004] step=9200/15000 avg_step=36.3ms elapsed=334s eta=210s eval(20)=0.050
  [seed=1004] step=9400/15000 avg_step=36.3ms elapsed=342s eta=203s eval(20)=0.050
  [seed=1004] step=9600/15000 avg_step=36.4ms elapsed=349s eta=196s eval(20)=0.050
  [seed=1004] step=9800/15000 avg_step=36.4ms elapsed=357s eta=189s eval(20)=0.050
  [seed=1004] step=10000/15000 avg_step=36.4ms elapsed=364s eta=182s eval(20)=0.050
  [seed=1004] step=10200/15000 avg_step=36.4ms elapsed=372s eta=175s eval(20)=0.050
  [seed=1004] step=10400/15000 avg_step=36.5ms elapsed=379s eta=168s eval(20)=0.050
  [seed=1004] step=10600/15000 avg_step=36.5ms elapsed=387s eta=161s eval(20)=0.050
  [seed=1004] step=10800/15000 avg_step=36.5ms elapsed=394s eta=153s eval(20)=0.050
  [seed=1004] step=11000/15000 avg_step=36.5ms elapsed=402s eta=146s eval(20)=0.050
  [seed=1004] step=11200/15000 avg_step=36.5ms elapsed=409s eta=139s eval(20)=0.050
  [seed=1004] step=11400/15000 avg_step=36.6ms elapsed=417s eta=132s eval(20)=0.050
  [seed=1004] step=11600/15000 avg_step=36.6ms elapsed=424s eta=124s eval(20)=0.050
  [seed=1004] step=11800/15000 avg_step=36.6ms elapsed=432s eta=117s eval(20)=0.050
  [seed=1004] step=12000/15000 avg_step=36.6ms elapsed=439s eta=110s eval(20)=0.050
  [seed=1004] step=12200/15000 avg_step=36.6ms elapsed=447s eta=103s eval(20)=0.050
  [seed=1004] step=12400/15000 avg_step=36.6ms elapsed=454s eta=95s eval(20)=0.050
  [seed=1004] step=12600/15000 avg_step=36.7ms elapsed=462s eta=88s eval(20)=0.050
  [seed=1004] step=12800/15000 avg_step=36.7ms elapsed=469s eta=81s eval(20)=0.050
  [seed=1004] step=13000/15000 avg_step=36.7ms elapsed=477s eta=73s eval(20)=0.050
  [seed=1004] step=13200/15000 avg_step=36.7ms elapsed=484s eta=66s eval(20)=0.050
  [seed=1004] step=13400/15000 avg_step=36.7ms elapsed=492s eta=59s eval(20)=0.050
  [seed=1004] step=13600/15000 avg_step=36.7ms elapsed=499s eta=51s eval(20)=0.050
  [seed=1004] step=13800/15000 avg_step=36.7ms elapsed=507s eta=44s eval(20)=0.050
  [seed=1004] step=14000/15000 avg_step=36.7ms elapsed=514s eta=37s eval(20)=0.050
  [seed=1004] step=14200/15000 avg_step=36.7ms elapsed=522s eta=29s eval(20)=0.050
  [seed=1004] step=14400/15000 avg_step=36.8ms elapsed=529s eta=22s eval(20)=0.050
  [seed=1004] step=14600/15000 avg_step=36.8ms elapsed=537s eta=15s eval(20)=0.050
  [seed=1004] step=14800/15000 avg_step=36.8ms elapsed=544s eta=7s eval(20)=0.050
  [seed=1004] step=15000/15000 avg_step=36.8ms elapsed=552s eta=0s eval(20)=0.050
[zeroinit_energy] seed=1004 done: old_style=0.3333 eval_acc(100)=0.1100
[zeroinit_energy] CONFIG DONE: old_style_mean=0.2667 eval_acc_mean=0.1260 eval_per_seed=[0.14, 0.13, 0.14, 0.11, 0.11] skip_rate=0.000% avg_step=35.7ms

[zeroinit_rank1] starting seed=1000 (15000 steps)...
  [seed=1000] step=200/15000 avg_step=9.9ms elapsed=2s eta=146s eval(20)=0.200
  [seed=1000] step=400/15000 avg_step=10.0ms elapsed=4s eta=146s eval(20)=0.200
  [seed=1000] step=600/15000 avg_step=10.8ms elapsed=6s eta=155s eval(20)=0.200
  [seed=1000] step=800/15000 avg_step=11.8ms elapsed=9s eta=168s eval(20)=0.200
  [seed=1000] step=1000/15000 avg_step=12.4ms elapsed=12s eta=174s eval(20)=0.200
  [seed=1000] step=1200/15000 avg_step=13.6ms elapsed=16s eta=187s eval(20)=0.200
  [seed=1000] step=1400/15000 avg_step=14.4ms elapsed=20s eta=196s eval(20)=0.200
  [seed=1000] step=1600/15000 avg_step=15.0ms elapsed=24s eta=201s eval(20)=0.200
  [seed=1000] step=1800/15000 avg_step=15.5ms elapsed=28s eta=204s eval(20)=0.200
  [seed=1000] step=2000/15000 avg_step=15.9ms elapsed=32s eta=207s eval(20)=0.200
  [seed=1000] step=2200/15000 avg_step=16.2ms elapsed=36s eta=208s eval(20)=0.200
  [seed=1000] step=2400/15000 avg_step=16.5ms elapsed=40s eta=208s eval(20)=0.200
  [seed=1000] step=2600/15000 avg_step=16.7ms elapsed=43s eta=207s eval(20)=0.200
  [seed=1000] step=2800/15000 avg_step=16.9ms elapsed=47s eta=206s eval(20)=0.200
  [seed=1000] step=3000/15000 avg_step=17.0ms elapsed=51s eta=204s eval(20)=0.200
  [seed=1000] step=3200/15000 avg_step=17.2ms elapsed=55s eta=203s eval(20)=0.200
  [seed=1000] step=3400/15000 avg_step=17.3ms elapsed=59s eta=201s eval(20)=0.200
  [seed=1000] step=3600/15000 avg_step=17.4ms elapsed=63s eta=199s eval(20)=0.200
  [seed=1000] step=3800/15000 avg_step=17.5ms elapsed=67s eta=196s eval(20)=0.200
  [seed=1000] step=4000/15000 avg_step=17.6ms elapsed=70s eta=194s eval(20)=0.200
  [seed=1000] step=4200/15000 avg_step=17.7ms elapsed=74s eta=191s eval(20)=0.200
  [seed=1000] step=4400/15000 avg_step=17.8ms elapsed=78s eta=188s eval(20)=0.200
  [seed=1000] step=4600/15000 avg_step=17.9ms elapsed=82s eta=186s eval(20)=0.200
  [seed=1000] step=4800/15000 avg_step=17.9ms elapsed=86s eta=183s eval(20)=0.200
  [seed=1000] step=5000/15000 avg_step=17.9ms elapsed=90s eta=179s eval(20)=0.200
  [seed=1000] step=5200/15000 avg_step=18.0ms elapsed=94s eta=176s eval(20)=0.200
  [seed=1000] step=5400/15000 avg_step=18.0ms elapsed=97s eta=173s eval(20)=0.200
  [seed=1000] step=5600/15000 avg_step=18.0ms elapsed=101s eta=169s eval(20)=0.200
  [seed=1000] step=5800/15000 avg_step=18.0ms elapsed=105s eta=166s eval(20)=0.200
  [seed=1000] step=6000/15000 avg_step=18.0ms elapsed=108s eta=162s eval(20)=0.200
  [seed=1000] step=6200/15000 avg_step=18.0ms elapsed=112s eta=159s eval(20)=0.200
  [seed=1000] step=6400/15000 avg_step=18.0ms elapsed=115s eta=155s eval(20)=0.200
  [seed=1000] step=6600/15000 avg_step=18.0ms elapsed=119s eta=151s eval(20)=0.200
  [seed=1000] step=6800/15000 avg_step=18.0ms elapsed=123s eta=148s eval(20)=0.200
  [seed=1000] step=7000/15000 avg_step=18.0ms elapsed=126s eta=144s eval(20)=0.200
  [seed=1000] step=7200/15000 avg_step=18.0ms elapsed=130s eta=140s eval(20)=0.200
  [seed=1000] step=7400/15000 avg_step=18.0ms elapsed=133s eta=137s eval(20)=0.200
  [seed=1000] step=7600/15000 avg_step=18.0ms elapsed=137s eta=133s eval(20)=0.200
  [seed=1000] step=7800/15000 avg_step=18.0ms elapsed=140s eta=130s eval(20)=0.200
  [seed=1000] step=8000/15000 avg_step=18.0ms elapsed=144s eta=126s eval(20)=0.200
  [seed=1000] step=8200/15000 avg_step=18.0ms elapsed=148s eta=122s eval(20)=0.200
  [seed=1000] step=8400/15000 avg_step=18.0ms elapsed=151s eta=119s eval(20)=0.200
  [seed=1000] step=8600/15000 avg_step=18.0ms elapsed=155s eta=115s eval(20)=0.200
  [seed=1000] step=8800/15000 avg_step=18.0ms elapsed=158s eta=112s eval(20)=0.200
  [seed=1000] step=9000/15000 avg_step=18.0ms elapsed=162s eta=108s eval(20)=0.200
  [seed=1000] step=9200/15000 avg_step=18.0ms elapsed=165s eta=104s eval(20)=0.200
  [seed=1000] step=9400/15000 avg_step=18.0ms elapsed=169s eta=101s eval(20)=0.200
  [seed=1000] step=9600/15000 avg_step=18.0ms elapsed=173s eta=97s eval(20)=0.200
  [seed=1000] step=9800/15000 avg_step=18.0ms elapsed=176s eta=94s eval(20)=0.200
  [seed=1000] step=10000/15000 avg_step=18.0ms elapsed=180s eta=90s eval(20)=0.200
  [seed=1000] step=10200/15000 avg_step=18.0ms elapsed=183s eta=86s eval(20)=0.200
  [seed=1000] step=10400/15000 avg_step=18.0ms elapsed=187s eta=83s eval(20)=0.200
  [seed=1000] step=10600/15000 avg_step=18.0ms elapsed=191s eta=79s eval(20)=0.200
  [seed=1000] step=10800/15000 avg_step=18.0ms elapsed=194s eta=76s eval(20)=0.200
  [seed=1000] step=11000/15000 avg_step=18.0ms elapsed=198s eta=72s eval(20)=0.200
  [seed=1000] step=11200/15000 avg_step=18.0ms elapsed=201s eta=68s eval(20)=0.200
  [seed=1000] step=11400/15000 avg_step=18.0ms elapsed=205s eta=65s eval(20)=0.200
  [seed=1000] step=11600/15000 avg_step=18.0ms elapsed=209s eta=61s eval(20)=0.200
  [seed=1000] step=11800/15000 avg_step=18.0ms elapsed=212s eta=58s eval(20)=0.200
  [seed=1000] step=12000/15000 avg_step=18.0ms elapsed=216s eta=54s eval(20)=0.200
  [seed=1000] step=12200/15000 avg_step=18.0ms elapsed=219s eta=50s eval(20)=0.200
  [seed=1000] step=12400/15000 avg_step=18.0ms elapsed=223s eta=47s eval(20)=0.200
  [seed=1000] step=12600/15000 avg_step=18.0ms elapsed=227s eta=43s eval(20)=0.200
  [seed=1000] step=12800/15000 avg_step=18.0ms elapsed=230s eta=40s eval(20)=0.200
  [seed=1000] step=13000/15000 avg_step=18.0ms elapsed=234s eta=36s eval(20)=0.200
  [seed=1000] step=13200/15000 avg_step=18.0ms elapsed=237s eta=32s eval(20)=0.200
  [seed=1000] step=13400/15000 avg_step=18.0ms elapsed=241s eta=29s eval(20)=0.200
  [seed=1000] step=13600/15000 avg_step=18.0ms elapsed=245s eta=25s eval(20)=0.200
  [seed=1000] step=13800/15000 avg_step=18.0ms elapsed=248s eta=22s eval(20)=0.200
  [seed=1000] step=14000/15000 avg_step=18.0ms elapsed=252s eta=18s eval(20)=0.200
  [seed=1000] step=14200/15000 avg_step=18.0ms elapsed=255s eta=14s eval(20)=0.200
  [seed=1000] step=14400/15000 avg_step=18.0ms elapsed=259s eta=11s eval(20)=0.200
  [seed=1000] step=14600/15000 avg_step=18.0ms elapsed=263s eta=7s eval(20)=0.200
  [seed=1000] step=14800/15000 avg_step=18.0ms elapsed=266s eta=4s eval(20)=0.200
  [seed=1000] step=15000/15000 avg_step=18.0ms elapsed=270s eta=0s eval(20)=0.200
[zeroinit_rank1] seed=1000 done: old_style=0.0000 eval_acc(100)=0.0800
[zeroinit_rank1] starting seed=1001 (15000 steps)...
  [seed=1001] step=200/15000 avg_step=9.0ms elapsed=2s eta=133s eval(20)=0.100
  [seed=1001] step=400/15000 avg_step=9.2ms elapsed=4s eta=134s eval(20)=0.100
  [seed=1001] step=600/15000 avg_step=9.9ms elapsed=6s eta=143s eval(20)=0.100
  [seed=1001] step=800/15000 avg_step=10.9ms elapsed=9s eta=154s eval(20)=0.100
  [seed=1001] step=1000/15000 avg_step=11.4ms elapsed=11s eta=160s eval(20)=0.100
  [seed=1001] step=1200/15000 avg_step=12.5ms elapsed=15s eta=172s eval(20)=0.100
  [seed=1001] step=1400/15000 avg_step=13.3ms elapsed=19s eta=181s eval(20)=0.100
  [seed=1001] step=1600/15000 avg_step=13.9ms elapsed=22s eta=186s eval(20)=0.100
  [seed=1001] step=1800/15000 avg_step=14.3ms elapsed=26s eta=189s eval(20)=0.100
  [seed=1001] step=2000/15000 avg_step=14.7ms elapsed=29s eta=191s eval(20)=0.100
  [seed=1001] step=2200/15000 avg_step=15.0ms elapsed=33s eta=192s eval(20)=0.100
  [seed=1001] step=2400/15000 avg_step=15.2ms elapsed=37s eta=192s eval(20)=0.100
  [seed=1001] step=2600/15000 avg_step=15.4ms elapsed=40s eta=191s eval(20)=0.100
  [seed=1001] step=2800/15000 avg_step=15.6ms elapsed=44s eta=191s eval(20)=0.100
  [seed=1001] step=3000/15000 avg_step=15.8ms elapsed=47s eta=190s eval(20)=0.100
  [seed=1001] step=3200/15000 avg_step=15.9ms elapsed=51s eta=188s eval(20)=0.100
  [seed=1001] step=3400/15000 avg_step=16.1ms elapsed=55s eta=187s eval(20)=0.100
  [seed=1001] step=3600/15000 avg_step=16.2ms elapsed=58s eta=185s eval(20)=0.100
  [seed=1001] step=3800/15000 avg_step=16.3ms elapsed=62s eta=183s eval(20)=0.100
  [seed=1001] step=4000/15000 avg_step=16.4ms elapsed=66s eta=180s eval(20)=0.100
  [seed=1001] step=4200/15000 avg_step=16.5ms elapsed=69s eta=178s eval(20)=0.100
  [seed=1001] step=4400/15000 avg_step=16.5ms elapsed=73s eta=175s eval(20)=0.100
  [seed=1001] step=4600/15000 avg_step=16.6ms elapsed=76s eta=173s eval(20)=0.100
  [seed=1001] step=4800/15000 avg_step=16.7ms elapsed=80s eta=170s eval(20)=0.100
  [seed=1001] step=5000/15000 avg_step=16.7ms elapsed=84s eta=167s eval(20)=0.100
  [seed=1001] step=5200/15000 avg_step=16.8ms elapsed=87s eta=164s eval(20)=0.100
  [seed=1001] step=5400/15000 avg_step=16.8ms elapsed=91s eta=161s eval(20)=0.100
  [seed=1001] step=5600/15000 avg_step=16.8ms elapsed=94s eta=158s eval(20)=0.100
  [seed=1001] step=5800/15000 avg_step=16.9ms elapsed=98s eta=155s eval(20)=0.100
  [seed=1001] step=6000/15000 avg_step=16.9ms elapsed=101s eta=152s eval(20)=0.100
  [seed=1001] step=6200/15000 avg_step=16.9ms elapsed=105s eta=149s eval(20)=0.100
  [seed=1001] step=6400/15000 avg_step=17.0ms elapsed=109s eta=146s eval(20)=0.100
  [seed=1001] step=6600/15000 avg_step=17.0ms elapsed=112s eta=143s eval(20)=0.100
  [seed=1001] step=6800/15000 avg_step=17.0ms elapsed=116s eta=140s eval(20)=0.100
  [seed=1001] step=7000/15000 avg_step=17.1ms elapsed=119s eta=137s eval(20)=0.100
  [seed=1001] step=7200/15000 avg_step=17.1ms elapsed=123s eta=133s eval(20)=0.100
  [seed=1001] step=7400/15000 avg_step=17.1ms elapsed=127s eta=130s eval(20)=0.100
  [seed=1001] step=7600/15000 avg_step=17.1ms elapsed=130s eta=127s eval(20)=0.100
  [seed=1001] step=7800/15000 avg_step=17.2ms elapsed=134s eta=124s eval(20)=0.100
  [seed=1001] step=8000/15000 avg_step=17.2ms elapsed=137s eta=120s eval(20)=0.100
  [seed=1001] step=8200/15000 avg_step=17.2ms elapsed=141s eta=117s eval(20)=0.100
  [seed=1001] step=8400/15000 avg_step=17.2ms elapsed=145s eta=114s eval(20)=0.100
  [seed=1001] step=8600/15000 avg_step=17.2ms elapsed=148s eta=110s eval(20)=0.100
  [seed=1001] step=8800/15000 avg_step=17.2ms elapsed=152s eta=107s eval(20)=0.100
  [seed=1001] step=9000/15000 avg_step=17.3ms elapsed=155s eta=104s eval(20)=0.100
  [seed=1001] step=9200/15000 avg_step=17.3ms elapsed=159s eta=100s eval(20)=0.100
  [seed=1001] step=9400/15000 avg_step=17.3ms elapsed=163s eta=97s eval(20)=0.100
  [seed=1001] step=9600/15000 avg_step=17.3ms elapsed=166s eta=93s eval(20)=0.100
  [seed=1001] step=9800/15000 avg_step=17.3ms elapsed=170s eta=90s eval(20)=0.100
  [seed=1001] step=10000/15000 avg_step=17.3ms elapsed=173s eta=87s eval(20)=0.100
  [seed=1001] step=10200/15000 avg_step=17.3ms elapsed=177s eta=83s eval(20)=0.100
  [seed=1001] step=10400/15000 avg_step=17.3ms elapsed=180s eta=80s eval(20)=0.100
  [seed=1001] step=10600/15000 avg_step=17.4ms elapsed=184s eta=76s eval(20)=0.100
  [seed=1001] step=10800/15000 avg_step=17.4ms elapsed=188s eta=73s eval(20)=0.100
  [seed=1001] step=11000/15000 avg_step=17.4ms elapsed=191s eta=70s eval(20)=0.100
  [seed=1001] step=11200/15000 avg_step=17.4ms elapsed=195s eta=66s eval(20)=0.100
  [seed=1001] step=11400/15000 avg_step=17.4ms elapsed=198s eta=63s eval(20)=0.100
  [seed=1001] step=11600/15000 avg_step=17.4ms elapsed=202s eta=59s eval(20)=0.100
  [seed=1001] step=11800/15000 avg_step=17.4ms elapsed=206s eta=56s eval(20)=0.100
  [seed=1001] step=12000/15000 avg_step=17.4ms elapsed=209s eta=52s eval(20)=0.100
  [seed=1001] step=12200/15000 avg_step=17.4ms elapsed=213s eta=49s eval(20)=0.100
  [seed=1001] step=12400/15000 avg_step=17.4ms elapsed=216s eta=45s eval(20)=0.100
  [seed=1001] step=12600/15000 avg_step=17.5ms elapsed=220s eta=42s eval(20)=0.100
  [seed=1001] step=12800/15000 avg_step=17.5ms elapsed=223s eta=38s eval(20)=0.100
  [seed=1001] step=13000/15000 avg_step=17.5ms elapsed=227s eta=35s eval(20)=0.100
  [seed=1001] step=13200/15000 avg_step=17.5ms elapsed=231s eta=31s eval(20)=0.100
  [seed=1001] step=13400/15000 avg_step=17.5ms elapsed=234s eta=28s eval(20)=0.100
  [seed=1001] step=13600/15000 avg_step=17.5ms elapsed=238s eta=24s eval(20)=0.100
  [seed=1001] step=13800/15000 avg_step=17.5ms elapsed=241s eta=21s eval(20)=0.100
  [seed=1001] step=14000/15000 avg_step=17.5ms elapsed=245s eta=18s eval(20)=0.100
  [seed=1001] step=14200/15000 avg_step=17.5ms elapsed=249s eta=14s eval(20)=0.100
  [seed=1001] step=14400/15000 avg_step=17.5ms elapsed=252s eta=11s eval(20)=0.100
  [seed=1001] step=14600/15000 avg_step=17.5ms elapsed=256s eta=7s eval(20)=0.100
  [seed=1001] step=14800/15000 avg_step=17.5ms elapsed=259s eta=4s eval(20)=0.100
  [seed=1001] step=15000/15000 avg_step=17.5ms elapsed=263s eta=0s eval(20)=0.100
[zeroinit_rank1] seed=1001 done: old_style=0.0000 eval_acc(100)=0.0900
[zeroinit_rank1] starting seed=1002 (15000 steps)...
  [seed=1002] step=200/15000 avg_step=9.0ms elapsed=2s eta=133s eval(20)=0.100
  [seed=1002] step=400/15000 avg_step=9.2ms elapsed=4s eta=134s eval(20)=0.100
  [seed=1002] step=600/15000 avg_step=10.0ms elapsed=6s eta=144s eval(20)=0.100
  [seed=1002] step=800/15000 avg_step=10.9ms elapsed=9s eta=155s eval(20)=0.100
  [seed=1002] step=1000/15000 avg_step=11.5ms elapsed=11s eta=161s eval(20)=0.100
  [seed=1002] step=1200/15000 avg_step=12.5ms elapsed=15s eta=173s eval(20)=0.100
  [seed=1002] step=1400/15000 avg_step=13.3ms elapsed=19s eta=181s eval(20)=0.100
  [seed=1002] step=1600/15000 avg_step=13.9ms elapsed=22s eta=186s eval(20)=0.100
  [seed=1002] step=1800/15000 avg_step=14.3ms elapsed=26s eta=189s eval(20)=0.100
  [seed=1002] step=2000/15000 avg_step=14.7ms elapsed=29s eta=191s eval(20)=0.100
  [seed=1002] step=2200/15000 avg_step=15.0ms elapsed=33s eta=191s eval(20)=0.100
  [seed=1002] step=2400/15000 avg_step=15.2ms elapsed=37s eta=192s eval(20)=0.100
  [seed=1002] step=2600/15000 avg_step=15.4ms elapsed=40s eta=191s eval(20)=0.100
  [seed=1002] step=2800/15000 avg_step=15.6ms elapsed=44s eta=190s eval(20)=0.100
  [seed=1002] step=3000/15000 avg_step=15.8ms elapsed=47s eta=189s eval(20)=0.100
  [seed=1002] step=3200/15000 avg_step=15.9ms elapsed=51s eta=188s eval(20)=0.100
  [seed=1002] step=3400/15000 avg_step=16.0ms elapsed=54s eta=186s eval(20)=0.100
  [seed=1002] step=3600/15000 avg_step=16.1ms elapsed=58s eta=184s eval(20)=0.100
  [seed=1002] step=3800/15000 avg_step=16.2ms elapsed=62s eta=182s eval(20)=0.100
  [seed=1002] step=4000/15000 avg_step=16.3ms elapsed=65s eta=179s eval(20)=0.100
  [seed=1002] step=4200/15000 avg_step=16.4ms elapsed=69s eta=177s eval(20)=0.100
  [seed=1002] step=4400/15000 avg_step=16.5ms elapsed=72s eta=174s eval(20)=0.100
  [seed=1002] step=4600/15000 avg_step=16.5ms elapsed=76s eta=172s eval(20)=0.100
  [seed=1002] step=4800/15000 avg_step=16.6ms elapsed=80s eta=169s eval(20)=0.100
  [seed=1002] step=5000/15000 avg_step=16.7ms elapsed=83s eta=167s eval(20)=0.100
  [seed=1002] step=5200/15000 avg_step=16.7ms elapsed=87s eta=164s eval(20)=0.100
  [seed=1002] step=5400/15000 avg_step=16.8ms elapsed=91s eta=161s eval(20)=0.100
  [seed=1002] step=5600/15000 avg_step=16.9ms elapsed=94s eta=158s eval(20)=0.100
  [seed=1002] step=5800/15000 avg_step=16.9ms elapsed=98s eta=156s eval(20)=0.100
  [seed=1002] step=6000/15000 avg_step=17.0ms elapsed=102s eta=153s eval(20)=0.100
  [seed=1002] step=6200/15000 avg_step=17.0ms elapsed=106s eta=150s eval(20)=0.100
  [seed=1002] step=6400/15000 avg_step=17.1ms elapsed=109s eta=147s eval(20)=0.100
  [seed=1002] step=6600/15000 avg_step=17.1ms elapsed=113s eta=144s eval(20)=0.100
  [seed=1002] step=6800/15000 avg_step=17.2ms elapsed=117s eta=141s eval(20)=0.100
  [seed=1002] step=7000/15000 avg_step=17.2ms elapsed=121s eta=138s eval(20)=0.100
  [seed=1002] step=7200/15000 avg_step=17.3ms elapsed=124s eta=135s eval(20)=0.100
  [seed=1002] step=7400/15000 avg_step=17.3ms elapsed=128s eta=131s eval(20)=0.100
  [seed=1002] step=7600/15000 avg_step=17.3ms elapsed=132s eta=128s eval(20)=0.100
  [seed=1002] step=7800/15000 avg_step=17.4ms elapsed=136s eta=125s eval(20)=0.100
  [seed=1002] step=8000/15000 avg_step=17.4ms elapsed=139s eta=122s eval(20)=0.100
  [seed=1002] step=8200/15000 avg_step=17.5ms elapsed=143s eta=119s eval(20)=0.100
  [seed=1002] step=8400/15000 avg_step=17.5ms elapsed=147s eta=115s eval(20)=0.100
  [seed=1002] step=8600/15000 avg_step=17.5ms elapsed=151s eta=112s eval(20)=0.100
  [seed=1002] step=8800/15000 avg_step=17.6ms elapsed=155s eta=109s eval(20)=0.100
  [seed=1002] step=9000/15000 avg_step=17.6ms elapsed=159s eta=106s eval(20)=0.100
  [seed=1002] step=9200/15000 avg_step=17.6ms elapsed=162s eta=102s eval(20)=0.100
  [seed=1002] step=9400/15000 avg_step=17.7ms elapsed=166s eta=99s eval(20)=0.100
  [seed=1002] step=9600/15000 avg_step=17.7ms elapsed=170s eta=96s eval(20)=0.100
  [seed=1002] step=9800/15000 avg_step=17.7ms elapsed=174s eta=92s eval(20)=0.100
  [seed=1002] step=10000/15000 avg_step=17.8ms elapsed=178s eta=89s eval(20)=0.100
  [seed=1002] step=10200/15000 avg_step=17.8ms elapsed=181s eta=85s eval(20)=0.100
  [seed=1002] step=10400/15000 avg_step=17.8ms elapsed=185s eta=82s eval(20)=0.100
  [seed=1002] step=10600/15000 avg_step=17.8ms elapsed=189s eta=78s eval(20)=0.100
  [seed=1002] step=10800/15000 avg_step=17.9ms elapsed=193s eta=75s eval(20)=0.100
  [seed=1002] step=11000/15000 avg_step=17.9ms elapsed=197s eta=72s eval(20)=0.100
  [seed=1002] step=11200/15000 avg_step=17.9ms elapsed=201s eta=68s eval(20)=0.100
  [seed=1002] step=11400/15000 avg_step=18.0ms elapsed=205s eta=65s eval(20)=0.100
  [seed=1002] step=11600/15000 avg_step=18.0ms elapsed=209s eta=61s eval(20)=0.100
  [seed=1002] step=11800/15000 avg_step=18.1ms elapsed=213s eta=58s eval(20)=0.100
  [seed=1002] step=12000/15000 avg_step=18.1ms elapsed=218s eta=54s eval(20)=0.100
  [seed=1002] step=12200/15000 avg_step=18.2ms elapsed=222s eta=51s eval(20)=0.100
  [seed=1002] step=12400/15000 avg_step=18.2ms elapsed=226s eta=47s eval(20)=0.100
  [seed=1002] step=12600/15000 avg_step=18.3ms elapsed=230s eta=44s eval(20)=0.100
  [seed=1002] step=12800/15000 avg_step=18.3ms elapsed=234s eta=40s eval(20)=0.100
  [seed=1002] step=13000/15000 avg_step=18.3ms elapsed=238s eta=37s eval(20)=0.100
  [seed=1002] step=13200/15000 avg_step=18.3ms elapsed=242s eta=33s eval(20)=0.100
  [seed=1002] step=13400/15000 avg_step=18.3ms elapsed=246s eta=29s eval(20)=0.100
  [seed=1002] step=13600/15000 avg_step=18.3ms elapsed=250s eta=26s eval(20)=0.100
  [seed=1002] step=13800/15000 avg_step=18.4ms elapsed=253s eta=22s eval(20)=0.100
  [seed=1002] step=14000/15000 avg_step=18.4ms elapsed=257s eta=18s eval(20)=0.100
  [seed=1002] step=14200/15000 avg_step=18.4ms elapsed=261s eta=15s eval(20)=0.100
  [seed=1002] step=14400/15000 avg_step=18.4ms elapsed=265s eta=11s eval(20)=0.100
  [seed=1002] step=14600/15000 avg_step=18.4ms elapsed=269s eta=7s eval(20)=0.100
  [seed=1002] step=14800/15000 avg_step=18.4ms elapsed=273s eta=4s eval(20)=0.100
  [seed=1002] step=15000/15000 avg_step=18.5ms elapsed=277s eta=0s eval(20)=0.100
[zeroinit_rank1] seed=1002 done: old_style=0.0000 eval_acc(100)=0.1100
[zeroinit_rank1] starting seed=1003 (15000 steps)...
  [seed=1003] step=200/15000 avg_step=9.7ms elapsed=2s eta=144s eval(20)=0.000
  [seed=1003] step=400/15000 avg_step=9.9ms elapsed=4s eta=145s eval(20)=0.000
  [seed=1003] step=600/15000 avg_step=10.8ms elapsed=6s eta=156s eval(20)=0.000
  [seed=1003] step=800/15000 avg_step=11.8ms elapsed=9s eta=168s eval(20)=0.000
  [seed=1003] step=1000/15000 avg_step=12.4ms elapsed=12s eta=173s eval(20)=0.000
  [seed=1003] step=1200/15000 avg_step=13.5ms elapsed=16s eta=187s eval(20)=0.000
  [seed=1003] step=1400/15000 avg_step=14.4ms elapsed=20s eta=196s eval(20)=0.000
  [seed=1003] step=1600/15000 avg_step=15.0ms elapsed=24s eta=201s eval(20)=0.000
  [seed=1003] step=1800/15000 avg_step=15.5ms elapsed=28s eta=204s eval(20)=0.000
  [seed=1003] step=2000/15000 avg_step=15.9ms elapsed=32s eta=206s eval(20)=0.000
  [seed=1003] step=2200/15000 avg_step=16.2ms elapsed=36s eta=207s eval(20)=0.000
  [seed=1003] step=2400/15000 avg_step=16.4ms elapsed=39s eta=207s eval(20)=0.000
  [seed=1003] step=2600/15000 avg_step=16.7ms elapsed=43s eta=206s eval(20)=0.000
  [seed=1003] step=2800/15000 avg_step=16.8ms elapsed=47s eta=205s eval(20)=0.000
  [seed=1003] step=3000/15000 avg_step=17.0ms elapsed=51s eta=204s eval(20)=0.000
  [seed=1003] step=3200/15000 avg_step=17.1ms elapsed=55s eta=202s eval(20)=0.000
  [seed=1003] step=3400/15000 avg_step=17.3ms elapsed=59s eta=200s eval(20)=0.000
  [seed=1003] step=3600/15000 avg_step=17.4ms elapsed=63s eta=198s eval(20)=0.000
  [seed=1003] step=3800/15000 avg_step=17.5ms elapsed=66s eta=196s eval(20)=0.000
  [seed=1003] step=4000/15000 avg_step=17.6ms elapsed=70s eta=193s eval(20)=0.000
  [seed=1003] step=4200/15000 avg_step=17.7ms elapsed=74s eta=191s eval(20)=0.000
  [seed=1003] step=4400/15000 avg_step=17.7ms elapsed=78s eta=188s eval(20)=0.000
  [seed=1003] step=4600/15000 avg_step=17.8ms elapsed=82s eta=185s eval(20)=0.000
  [seed=1003] step=4800/15000 avg_step=17.9ms elapsed=86s eta=182s eval(20)=0.000
  [seed=1003] step=5000/15000 avg_step=17.9ms elapsed=90s eta=179s eval(20)=0.000
  [seed=1003] step=5200/15000 avg_step=18.0ms elapsed=94s eta=176s eval(20)=0.000
  [seed=1003] step=5400/15000 avg_step=18.0ms elapsed=97s eta=173s eval(20)=0.000
  [seed=1003] step=5600/15000 avg_step=18.1ms elapsed=101s eta=170s eval(20)=0.000
  [seed=1003] step=5800/15000 avg_step=18.2ms elapsed=105s eta=167s eval(20)=0.000
  [seed=1003] step=6000/15000 avg_step=18.2ms elapsed=109s eta=164s eval(20)=0.000
  [seed=1003] step=6200/15000 avg_step=18.2ms elapsed=113s eta=160s eval(20)=0.000
  [seed=1003] step=6400/15000 avg_step=18.3ms elapsed=117s eta=157s eval(20)=0.000
  [seed=1003] step=6600/15000 avg_step=18.3ms elapsed=121s eta=154s eval(20)=0.000
  [seed=1003] step=6800/15000 avg_step=18.3ms elapsed=125s eta=150s eval(20)=0.000
  [seed=1003] step=7000/15000 avg_step=18.3ms elapsed=128s eta=147s eval(20)=0.000
  [seed=1003] step=7200/15000 avg_step=18.4ms elapsed=132s eta=143s eval(20)=0.000
  [seed=1003] step=7400/15000 avg_step=18.4ms elapsed=136s eta=140s eval(20)=0.000
  [seed=1003] step=7600/15000 avg_step=18.4ms elapsed=140s eta=136s eval(20)=0.000
  [seed=1003] step=7800/15000 avg_step=18.4ms elapsed=144s eta=133s eval(20)=0.000
  [seed=1003] step=8000/15000 avg_step=18.5ms elapsed=148s eta=129s eval(20)=0.000
  [seed=1003] step=8200/15000 avg_step=18.5ms elapsed=152s eta=126s eval(20)=0.000
  [seed=1003] step=8400/15000 avg_step=18.5ms elapsed=156s eta=122s eval(20)=0.000
  [seed=1003] step=8600/15000 avg_step=18.5ms elapsed=159s eta=119s eval(20)=0.000
  [seed=1003] step=8800/15000 avg_step=18.6ms elapsed=163s eta=115s eval(20)=0.000
  [seed=1003] step=9000/15000 avg_step=18.6ms elapsed=167s eta=111s eval(20)=0.000
  [seed=1003] step=9200/15000 avg_step=18.6ms elapsed=171s eta=108s eval(20)=0.000
  [seed=1003] step=9400/15000 avg_step=18.6ms elapsed=175s eta=104s eval(20)=0.000
  [seed=1003] step=9600/15000 avg_step=18.6ms elapsed=179s eta=101s eval(20)=0.000
  [seed=1003] step=9800/15000 avg_step=18.6ms elapsed=183s eta=97s eval(20)=0.000
  [seed=1003] step=10000/15000 avg_step=18.7ms elapsed=187s eta=93s eval(20)=0.000
  [seed=1003] step=10200/15000 avg_step=18.7ms elapsed=190s eta=90s eval(20)=0.000
  [seed=1003] step=10400/15000 avg_step=18.7ms elapsed=194s eta=86s eval(20)=0.000
  [seed=1003] step=10600/15000 avg_step=18.7ms elapsed=198s eta=82s eval(20)=0.000
  [seed=1003] step=10800/15000 avg_step=18.7ms elapsed=202s eta=79s eval(20)=0.000
  [seed=1003] step=11000/15000 avg_step=18.7ms elapsed=206s eta=75s eval(20)=0.000
  [seed=1003] step=11200/15000 avg_step=18.7ms elapsed=210s eta=71s eval(20)=0.000
  [seed=1003] step=11400/15000 avg_step=18.7ms elapsed=214s eta=67s eval(20)=0.000
  [seed=1003] step=11600/15000 avg_step=18.8ms elapsed=218s eta=64s eval(20)=0.000
  [seed=1003] step=11800/15000 avg_step=18.8ms elapsed=221s eta=60s eval(20)=0.000
  [seed=1003] step=12000/15000 avg_step=18.8ms elapsed=225s eta=56s eval(20)=0.000
  [seed=1003] step=12200/15000 avg_step=18.8ms elapsed=229s eta=53s eval(20)=0.000
  [seed=1003] step=12400/15000 avg_step=18.8ms elapsed=233s eta=49s eval(20)=0.000
  [seed=1003] step=12600/15000 avg_step=18.8ms elapsed=237s eta=45s eval(20)=0.000
  [seed=1003] step=12800/15000 avg_step=18.8ms elapsed=241s eta=41s eval(20)=0.000
  [seed=1003] step=13000/15000 avg_step=18.8ms elapsed=245s eta=38s eval(20)=0.000
  [seed=1003] step=13200/15000 avg_step=18.8ms elapsed=249s eta=34s eval(20)=0.000
  [seed=1003] step=13400/15000 avg_step=18.8ms elapsed=253s eta=30s eval(20)=0.000
  [seed=1003] step=13600/15000 avg_step=18.9ms elapsed=257s eta=26s eval(20)=0.000
  [seed=1003] step=13800/15000 avg_step=18.9ms elapsed=261s eta=23s eval(20)=0.000
  [seed=1003] step=14000/15000 avg_step=18.9ms elapsed=265s eta=19s eval(20)=0.000
  [seed=1003] step=14200/15000 avg_step=18.9ms elapsed=269s eta=15s eval(20)=0.000
  [seed=1003] step=14400/15000 avg_step=18.9ms elapsed=273s eta=11s eval(20)=0.000
  [seed=1003] step=14600/15000 avg_step=18.9ms elapsed=277s eta=8s eval(20)=0.000
  [seed=1003] step=14800/15000 avg_step=19.0ms elapsed=280s eta=4s eval(20)=0.000
  [seed=1003] step=15000/15000 avg_step=19.0ms elapsed=285s eta=0s eval(20)=0.000
[zeroinit_rank1] seed=1003 done: old_style=0.0000 eval_acc(100)=0.0800
[zeroinit_rank1] starting seed=1004 (15000 steps)...
  [seed=1004] step=200/15000 avg_step=10.0ms elapsed=2s eta=148s eval(20)=0.050
  [seed=1004] step=400/15000 avg_step=10.3ms elapsed=4s eta=150s eval(20)=0.050
  [seed=1004] step=600/15000 avg_step=11.2ms elapsed=7s eta=161s eval(20)=0.050
  [seed=1004] step=800/15000 avg_step=12.2ms elapsed=10s eta=173s eval(20)=0.050
  [seed=1004] step=1000/15000 avg_step=12.8ms elapsed=13s eta=180s eval(20)=0.050
  [seed=1004] step=1200/15000 avg_step=14.1ms elapsed=17s eta=194s eval(20)=0.050
  [seed=1004] step=1400/15000 avg_step=15.0ms elapsed=21s eta=204s eval(20)=0.050
  [seed=1004] step=1600/15000 avg_step=15.8ms elapsed=25s eta=211s eval(20)=0.050
  [seed=1004] step=1800/15000 avg_step=16.2ms elapsed=29s eta=214s eval(20)=0.050
  [seed=1004] step=2000/15000 avg_step=16.7ms elapsed=33s eta=217s eval(20)=0.050
  [seed=1004] step=2200/15000 avg_step=17.1ms elapsed=38s eta=219s eval(20)=0.050
  [seed=1004] step=2400/15000 avg_step=17.4ms elapsed=42s eta=219s eval(20)=0.050
  [seed=1004] step=2600/15000 avg_step=17.7ms elapsed=46s eta=219s eval(20)=0.050
  [seed=1004] step=2800/15000 avg_step=17.9ms elapsed=50s eta=219s eval(20)=0.050
  [seed=1004] step=3000/15000 avg_step=18.1ms elapsed=54s eta=218s eval(20)=0.050
  [seed=1004] step=3200/15000 avg_step=18.3ms elapsed=59s eta=216s eval(20)=0.050
  [seed=1004] step=3400/15000 avg_step=18.5ms elapsed=63s eta=215s eval(20)=0.050
  [seed=1004] step=3600/15000 avg_step=18.6ms elapsed=67s eta=212s eval(20)=0.050
  [seed=1004] step=3800/15000 avg_step=18.8ms elapsed=71s eta=210s eval(20)=0.050
  [seed=1004] step=4000/15000 avg_step=18.9ms elapsed=75s eta=207s eval(20)=0.050
  [seed=1004] step=4200/15000 avg_step=18.9ms elapsed=80s eta=205s eval(20)=0.050
  [seed=1004] step=4400/15000 avg_step=19.0ms elapsed=84s eta=201s eval(20)=0.050
  [seed=1004] step=4600/15000 avg_step=19.1ms elapsed=88s eta=198s eval(20)=0.050
  [seed=1004] step=4800/15000 avg_step=19.1ms elapsed=92s eta=195s eval(20)=0.050
  [seed=1004] step=5000/15000 avg_step=19.2ms elapsed=96s eta=192s eval(20)=0.050
  [seed=1004] step=5200/15000 avg_step=19.3ms elapsed=100s eta=189s eval(20)=0.050
  [seed=1004] step=5400/15000 avg_step=19.3ms elapsed=104s eta=186s eval(20)=0.050
  [seed=1004] step=5600/15000 avg_step=19.4ms elapsed=109s eta=182s eval(20)=0.050
  [seed=1004] step=5800/15000 avg_step=19.4ms elapsed=113s eta=179s eval(20)=0.050
  [seed=1004] step=6000/15000 avg_step=19.5ms elapsed=117s eta=175s eval(20)=0.050
  [seed=1004] step=6200/15000 avg_step=19.5ms elapsed=121s eta=172s eval(20)=0.050
  [seed=1004] step=6400/15000 avg_step=19.6ms elapsed=125s eta=168s eval(20)=0.050
  [seed=1004] step=6600/15000 avg_step=19.6ms elapsed=129s eta=165s eval(20)=0.050
  [seed=1004] step=6800/15000 avg_step=19.6ms elapsed=134s eta=161s eval(20)=0.050
  [seed=1004] step=7000/15000 avg_step=19.7ms elapsed=138s eta=157s eval(20)=0.050
  [seed=1004] step=7200/15000 avg_step=19.7ms elapsed=142s eta=154s eval(20)=0.050
  [seed=1004] step=7400/15000 avg_step=19.7ms elapsed=146s eta=150s eval(20)=0.050
  [seed=1004] step=7600/15000 avg_step=19.7ms elapsed=150s eta=146s eval(20)=0.050
  [seed=1004] step=7800/15000 avg_step=19.7ms elapsed=154s eta=142s eval(20)=0.050
  [seed=1004] step=8000/15000 avg_step=19.8ms elapsed=158s eta=138s eval(20)=0.050
  [seed=1004] step=8200/15000 avg_step=19.8ms elapsed=162s eta=135s eval(20)=0.050
  [seed=1004] step=8400/15000 avg_step=19.8ms elapsed=167s eta=131s eval(20)=0.050
  [seed=1004] step=8600/15000 avg_step=19.9ms elapsed=171s eta=127s eval(20)=0.050
  [seed=1004] step=8800/15000 avg_step=19.9ms elapsed=175s eta=123s eval(20)=0.050
  [seed=1004] step=9000/15000 avg_step=19.9ms elapsed=179s eta=119s eval(20)=0.050
  [seed=1004] step=9200/15000 avg_step=19.9ms elapsed=183s eta=116s eval(20)=0.050
  [seed=1004] step=9400/15000 avg_step=19.9ms elapsed=187s eta=112s eval(20)=0.050
  [seed=1004] step=9600/15000 avg_step=19.9ms elapsed=191s eta=108s eval(20)=0.050
  [seed=1004] step=9800/15000 avg_step=20.0ms elapsed=196s eta=104s eval(20)=0.050
  [seed=1004] step=10000/15000 avg_step=20.0ms elapsed=200s eta=100s eval(20)=0.050
  [seed=1004] step=10200/15000 avg_step=20.0ms elapsed=204s eta=96s eval(20)=0.050
  [seed=1004] step=10400/15000 avg_step=20.0ms elapsed=208s eta=92s eval(20)=0.050
  [seed=1004] step=10600/15000 avg_step=20.0ms elapsed=212s eta=88s eval(20)=0.050
  [seed=1004] step=10800/15000 avg_step=20.0ms elapsed=216s eta=84s eval(20)=0.050
  [seed=1004] step=11000/15000 avg_step=20.0ms elapsed=220s eta=80s eval(20)=0.050
  [seed=1004] step=11200/15000 avg_step=20.0ms elapsed=224s eta=76s eval(20)=0.050
  [seed=1004] step=11400/15000 avg_step=20.0ms elapsed=228s eta=72s eval(20)=0.050
  [seed=1004] step=11600/15000 avg_step=20.0ms elapsed=232s eta=68s eval(20)=0.050
  [seed=1004] step=11800/15000 avg_step=20.0ms elapsed=236s eta=64s eval(20)=0.050
  [seed=1004] step=12000/15000 avg_step=20.0ms elapsed=240s eta=60s eval(20)=0.050
  [seed=1004] step=12200/15000 avg_step=19.9ms elapsed=243s eta=56s eval(20)=0.050
  [seed=1004] step=12400/15000 avg_step=19.9ms elapsed=247s eta=52s eval(20)=0.050
  [seed=1004] step=12600/15000 avg_step=19.9ms elapsed=251s eta=48s eval(20)=0.050
  [seed=1004] step=12800/15000 avg_step=19.9ms elapsed=255s eta=44s eval(20)=0.050
  [seed=1004] step=13000/15000 avg_step=19.9ms elapsed=259s eta=40s eval(20)=0.050
  [seed=1004] step=13200/15000 avg_step=19.9ms elapsed=263s eta=36s eval(20)=0.050
  [seed=1004] step=13400/15000 avg_step=19.9ms elapsed=267s eta=32s eval(20)=0.050
  [seed=1004] step=13600/15000 avg_step=19.9ms elapsed=270s eta=28s eval(20)=0.050
  [seed=1004] step=13800/15000 avg_step=19.9ms elapsed=274s eta=24s eval(20)=0.050
  [seed=1004] step=14000/15000 avg_step=19.9ms elapsed=278s eta=20s eval(20)=0.050
  [seed=1004] step=14200/15000 avg_step=19.9ms elapsed=282s eta=16s eval(20)=0.050
  [seed=1004] step=14400/15000 avg_step=19.9ms elapsed=286s eta=12s eval(20)=0.050
  [seed=1004] step=14600/15000 avg_step=19.8ms elapsed=290s eta=8s eval(20)=0.050
  [seed=1004] step=14800/15000 avg_step=19.8ms elapsed=294s eta=4s eval(20)=0.050
  [seed=1004] step=15000/15000 avg_step=19.8ms elapsed=298s eta=0s eval(20)=0.050
[zeroinit_rank1] seed=1004 done: old_style=0.0000 eval_acc(100)=0.0800
[zeroinit_rank1] CONFIG DONE: old_style_mean=0.0000 eval_acc_mean=0.0880 eval_per_seed=[0.08, 0.09, 0.11, 0.08, 0.08] skip_rate=0.000% avg_step=18.6ms

[zeroinit_rank2] starting seed=1000 (15000 steps)...
  [seed=1000] step=200/15000 avg_step=10.0ms elapsed=2s eta=149s eval(20)=0.200
  [seed=1000] step=400/15000 avg_step=10.4ms elapsed=4s eta=152s eval(20)=0.200
  [seed=1000] step=600/15000 avg_step=11.3ms elapsed=7s eta=162s eval(20)=0.200
  [seed=1000] step=800/15000 avg_step=12.3ms elapsed=10s eta=175s eval(20)=0.200
  [seed=1000] step=1000/15000 avg_step=13.0ms elapsed=13s eta=181s eval(20)=0.200
  [seed=1000] step=1200/15000 avg_step=14.2ms elapsed=17s eta=196s eval(20)=0.200
  [seed=1000] step=1400/15000 avg_step=15.0ms elapsed=21s eta=204s eval(20)=0.200
  [seed=1000] step=1600/15000 avg_step=15.7ms elapsed=25s eta=210s eval(20)=0.200
  [seed=1000] step=1800/15000 avg_step=16.2ms elapsed=29s eta=214s eval(20)=0.200
  [seed=1000] step=2000/15000 avg_step=16.6ms elapsed=33s eta=216s eval(20)=0.200
  [seed=1000] step=2200/15000 avg_step=17.0ms elapsed=37s eta=217s eval(20)=0.200
  [seed=1000] step=2400/15000 avg_step=17.2ms elapsed=41s eta=216s eval(20)=0.200
  [seed=1000] step=2600/15000 avg_step=17.3ms elapsed=45s eta=215s eval(20)=0.200
  [seed=1000] step=2800/15000 avg_step=17.4ms elapsed=49s eta=213s eval(20)=0.200
  [seed=1000] step=3000/15000 avg_step=17.5ms elapsed=53s eta=210s eval(20)=0.200
  [seed=1000] step=3200/15000 avg_step=17.6ms elapsed=56s eta=208s eval(20)=0.200
  [seed=1000] step=3400/15000 avg_step=17.7ms elapsed=60s eta=205s eval(20)=0.200
  [seed=1000] step=3600/15000 avg_step=17.7ms elapsed=64s eta=202s eval(20)=0.200
  [seed=1000] step=3800/15000 avg_step=17.8ms elapsed=68s eta=199s eval(20)=0.200
  [seed=1000] step=4000/15000 avg_step=17.8ms elapsed=71s eta=196s eval(20)=0.200
  [seed=1000] step=4200/15000 avg_step=17.9ms elapsed=75s eta=193s eval(20)=0.200
  [seed=1000] step=4400/15000 avg_step=17.9ms elapsed=79s eta=190s eval(20)=0.200
  [seed=1000] step=4600/15000 avg_step=18.0ms elapsed=83s eta=187s eval(20)=0.200
  [seed=1000] step=4800/15000 avg_step=18.0ms elapsed=86s eta=184s eval(20)=0.200
  [seed=1000] step=5000/15000 avg_step=18.0ms elapsed=90s eta=180s eval(20)=0.200
  [seed=1000] step=5200/15000 avg_step=18.1ms elapsed=94s eta=177s eval(20)=0.200
  [seed=1000] step=5400/15000 avg_step=18.1ms elapsed=98s eta=174s eval(20)=0.200
  [seed=1000] step=5600/15000 avg_step=18.1ms elapsed=101s eta=170s eval(20)=0.200
  [seed=1000] step=5800/15000 avg_step=18.1ms elapsed=105s eta=167s eval(20)=0.200
  [seed=1000] step=6000/15000 avg_step=18.2ms elapsed=109s eta=164s eval(20)=0.200
  [seed=1000] step=6200/15000 avg_step=18.2ms elapsed=113s eta=160s eval(20)=0.200
  [seed=1000] step=6400/15000 avg_step=18.2ms elapsed=117s eta=157s eval(20)=0.200
  [seed=1000] step=6600/15000 avg_step=18.3ms elapsed=121s eta=153s eval(20)=0.200
  [seed=1000] step=6800/15000 avg_step=18.3ms elapsed=125s eta=150s eval(20)=0.200
  [seed=1000] step=7000/15000 avg_step=18.4ms elapsed=129s eta=147s eval(20)=0.200
  [seed=1000] step=7200/15000 avg_step=18.4ms elapsed=133s eta=144s eval(20)=0.200
  [seed=1000] step=7400/15000 avg_step=18.5ms elapsed=137s eta=140s eval(20)=0.200
  [seed=1000] step=7600/15000 avg_step=18.5ms elapsed=141s eta=137s eval(20)=0.200
  [seed=1000] step=7800/15000 avg_step=18.5ms elapsed=144s eta=133s eval(20)=0.200
  [seed=1000] step=8000/15000 avg_step=18.5ms elapsed=148s eta=130s eval(20)=0.200
  [seed=1000] step=8200/15000 avg_step=18.6ms elapsed=152s eta=126s eval(20)=0.200
  [seed=1000] step=8400/15000 avg_step=18.6ms elapsed=156s eta=123s eval(20)=0.200
  [seed=1000] step=8600/15000 avg_step=18.6ms elapsed=160s eta=119s eval(20)=0.200
  [seed=1000] step=8800/15000 avg_step=18.7ms elapsed=164s eta=116s eval(20)=0.200
  [seed=1000] step=9000/15000 avg_step=18.7ms elapsed=168s eta=112s eval(20)=0.200
  [seed=1000] step=9200/15000 avg_step=18.7ms elapsed=172s eta=109s eval(20)=0.200
  [seed=1000] step=9400/15000 avg_step=18.7ms elapsed=176s eta=105s eval(20)=0.200
  [seed=1000] step=9600/15000 avg_step=18.8ms elapsed=180s eta=101s eval(20)=0.200
  [seed=1000] step=9800/15000 avg_step=18.8ms elapsed=184s eta=98s eval(20)=0.200
  [seed=1000] step=10000/15000 avg_step=18.8ms elapsed=188s eta=94s eval(20)=0.200
  [seed=1000] step=10200/15000 avg_step=18.8ms elapsed=192s eta=90s eval(20)=0.200
  [seed=1000] step=10400/15000 avg_step=18.8ms elapsed=196s eta=87s eval(20)=0.200
  [seed=1000] step=10600/15000 avg_step=18.9ms elapsed=200s eta=83s eval(20)=0.200
  [seed=1000] step=10800/15000 avg_step=18.9ms elapsed=204s eta=79s eval(20)=0.200
  [seed=1000] step=11000/15000 avg_step=18.9ms elapsed=208s eta=76s eval(20)=0.200
  [seed=1000] step=11200/15000 avg_step=18.9ms elapsed=212s eta=72s eval(20)=0.200
  [seed=1000] step=11400/15000 avg_step=18.9ms elapsed=216s eta=68s eval(20)=0.200
  [seed=1000] step=11600/15000 avg_step=19.0ms elapsed=220s eta=64s eval(20)=0.200
  [seed=1000] step=11800/15000 avg_step=19.0ms elapsed=224s eta=61s eval(20)=0.200
  [seed=1000] step=12000/15000 avg_step=19.0ms elapsed=228s eta=57s eval(20)=0.200
  [seed=1000] step=12200/15000 avg_step=19.0ms elapsed=232s eta=53s eval(20)=0.200
  [seed=1000] step=12400/15000 avg_step=19.0ms elapsed=236s eta=49s eval(20)=0.200
  [seed=1000] step=12600/15000 avg_step=19.0ms elapsed=240s eta=46s eval(20)=0.200
  [seed=1000] step=12800/15000 avg_step=19.0ms elapsed=244s eta=42s eval(20)=0.200
  [seed=1000] step=13000/15000 avg_step=19.1ms elapsed=248s eta=38s eval(20)=0.200
  [seed=1000] step=13200/15000 avg_step=19.1ms elapsed=252s eta=34s eval(20)=0.200
  [seed=1000] step=13400/15000 avg_step=19.1ms elapsed=256s eta=31s eval(20)=0.200
  [seed=1000] step=13600/15000 avg_step=19.1ms elapsed=260s eta=27s eval(20)=0.200
  [seed=1000] step=13800/15000 avg_step=19.1ms elapsed=264s eta=23s eval(20)=0.200
  [seed=1000] step=14000/15000 avg_step=19.1ms elapsed=268s eta=19s eval(20)=0.200
  [seed=1000] step=14200/15000 avg_step=19.1ms elapsed=272s eta=15s eval(20)=0.200
  [seed=1000] step=14400/15000 avg_step=19.1ms elapsed=276s eta=11s eval(20)=0.200
  [seed=1000] step=14600/15000 avg_step=19.1ms elapsed=280s eta=8s eval(20)=0.200
  [seed=1000] step=14800/15000 avg_step=19.2ms elapsed=284s eta=4s eval(20)=0.200
  [seed=1000] step=15000/15000 avg_step=19.2ms elapsed=288s eta=0s eval(20)=0.200
[zeroinit_rank2] seed=1000 done: old_style=0.0000 eval_acc(100)=0.0800
[zeroinit_rank2] starting seed=1001 (15000 steps)...
  [seed=1001] step=200/15000 avg_step=10.1ms elapsed=2s eta=150s eval(20)=0.100
  [seed=1001] step=400/15000 avg_step=10.6ms elapsed=4s eta=155s eval(20)=0.100
  [seed=1001] step=600/15000 avg_step=11.3ms elapsed=7s eta=163s eval(20)=0.100
  [seed=1001] step=800/15000 avg_step=12.3ms elapsed=10s eta=174s eval(20)=0.100
  [seed=1001] step=1000/15000 avg_step=12.9ms elapsed=13s eta=181s eval(20)=0.100
  [seed=1001] step=1200/15000 avg_step=14.1ms elapsed=17s eta=194s eval(20)=0.100
  [seed=1001] step=1400/15000 avg_step=14.9ms elapsed=21s eta=202s eval(20)=0.100
  [seed=1001] step=1600/15000 avg_step=15.5ms elapsed=25s eta=207s eval(20)=0.100
  [seed=1001] step=1800/15000 avg_step=16.0ms elapsed=29s eta=211s eval(20)=0.100
  [seed=1001] step=2000/15000 avg_step=16.4ms elapsed=33s eta=213s eval(20)=0.100
  [seed=1001] step=2200/15000 avg_step=16.7ms elapsed=37s eta=213s eval(20)=0.100
  [seed=1001] step=2400/15000 avg_step=16.9ms elapsed=41s eta=213s eval(20)=0.100
  [seed=1001] step=2600/15000 avg_step=17.1ms elapsed=45s eta=212s eval(20)=0.100
  [seed=1001] step=2800/15000 avg_step=17.3ms elapsed=49s eta=211s eval(20)=0.100
  [seed=1001] step=3000/15000 avg_step=17.5ms elapsed=52s eta=210s eval(20)=0.100
  [seed=1001] step=3200/15000 avg_step=17.6ms elapsed=56s eta=208s eval(20)=0.100
  [seed=1001] step=3400/15000 avg_step=17.8ms elapsed=60s eta=206s eval(20)=0.100
  [seed=1001] step=3600/15000 avg_step=17.9ms elapsed=64s eta=204s eval(20)=0.100
  [seed=1001] step=3800/15000 avg_step=18.0ms elapsed=68s eta=201s eval(20)=0.100
  [seed=1001] step=4000/15000 avg_step=18.1ms elapsed=72s eta=199s eval(20)=0.100
  [seed=1001] step=4200/15000 avg_step=18.2ms elapsed=76s eta=196s eval(20)=0.100
  [seed=1001] step=4400/15000 avg_step=18.2ms elapsed=80s eta=193s eval(20)=0.100
  [seed=1001] step=4600/15000 avg_step=18.3ms elapsed=84s eta=191s eval(20)=0.100
  [seed=1001] step=4800/15000 avg_step=18.4ms elapsed=88s eta=188s eval(20)=0.100
  [seed=1001] step=5000/15000 avg_step=18.5ms elapsed=92s eta=185s eval(20)=0.100
  [seed=1001] step=5200/15000 avg_step=18.5ms elapsed=96s eta=181s eval(20)=0.100
  [seed=1001] step=5400/15000 avg_step=18.6ms elapsed=100s eta=179s eval(20)=0.100
  [seed=1001] step=5600/15000 avg_step=18.7ms elapsed=105s eta=176s eval(20)=0.100
  [seed=1001] step=5800/15000 avg_step=18.8ms elapsed=109s eta=173s eval(20)=0.100
  [seed=1001] step=6000/15000 avg_step=18.8ms elapsed=113s eta=169s eval(20)=0.100
  [seed=1001] step=6200/15000 avg_step=18.8ms elapsed=117s eta=166s eval(20)=0.100
  [seed=1001] step=6400/15000 avg_step=18.9ms elapsed=121s eta=162s eval(20)=0.100
  [seed=1001] step=6600/15000 avg_step=18.9ms elapsed=125s eta=159s eval(20)=0.100
  [seed=1001] step=6800/15000 avg_step=18.9ms elapsed=129s eta=155s eval(20)=0.100
  [seed=1001] step=7000/15000 avg_step=19.0ms elapsed=133s eta=152s eval(20)=0.100
  [seed=1001] step=7200/15000 avg_step=19.0ms elapsed=137s eta=148s eval(20)=0.100
  [seed=1001] step=7400/15000 avg_step=19.0ms elapsed=141s eta=144s eval(20)=0.100
  [seed=1001] step=7600/15000 avg_step=19.0ms elapsed=145s eta=141s eval(20)=0.100
  [seed=1001] step=7800/15000 avg_step=19.1ms elapsed=149s eta=137s eval(20)=0.100
  [seed=1001] step=8000/15000 avg_step=19.1ms elapsed=153s eta=134s eval(20)=0.100
  [seed=1001] step=8200/15000 avg_step=19.1ms elapsed=157s eta=130s eval(20)=0.100
  [seed=1001] step=8400/15000 avg_step=19.1ms elapsed=161s eta=126s eval(20)=0.100
  [seed=1001] step=8600/15000 avg_step=19.1ms elapsed=165s eta=122s eval(20)=0.100
  [seed=1001] step=8800/15000 avg_step=19.2ms elapsed=169s eta=119s eval(20)=0.100
  [seed=1001] step=9000/15000 avg_step=19.2ms elapsed=173s eta=115s eval(20)=0.100
  [seed=1001] step=9200/15000 avg_step=19.2ms elapsed=177s eta=111s eval(20)=0.100
  [seed=1001] step=9400/15000 avg_step=19.2ms elapsed=181s eta=108s eval(20)=0.100
  [seed=1001] step=9600/15000 avg_step=19.2ms elapsed=185s eta=104s eval(20)=0.100
  [seed=1001] step=9800/15000 avg_step=19.2ms elapsed=189s eta=100s eval(20)=0.100
  [seed=1001] step=10000/15000 avg_step=19.3ms elapsed=193s eta=96s eval(20)=0.100
  [seed=1001] step=10200/15000 avg_step=19.3ms elapsed=197s eta=93s eval(20)=0.100
  [seed=1001] step=10400/15000 avg_step=19.3ms elapsed=201s eta=89s eval(20)=0.100
  [seed=1001] step=10600/15000 avg_step=19.3ms elapsed=205s eta=85s eval(20)=0.100
  [seed=1001] step=10800/15000 avg_step=19.4ms elapsed=209s eta=81s eval(20)=0.100
  [seed=1001] step=11000/15000 avg_step=19.4ms elapsed=213s eta=77s eval(20)=0.100
  [seed=1001] step=11200/15000 avg_step=19.4ms elapsed=217s eta=74s eval(20)=0.100
  [seed=1001] step=11400/15000 avg_step=19.4ms elapsed=221s eta=70s eval(20)=0.100
  [seed=1001] step=11600/15000 avg_step=19.4ms elapsed=225s eta=66s eval(20)=0.100
  [seed=1001] step=11800/15000 avg_step=19.4ms elapsed=229s eta=62s eval(20)=0.100
  [seed=1001] step=12000/15000 avg_step=19.4ms elapsed=233s eta=58s eval(20)=0.100
  [seed=1001] step=12200/15000 avg_step=19.5ms elapsed=237s eta=54s eval(20)=0.100
  [seed=1001] step=12400/15000 avg_step=19.5ms elapsed=242s eta=51s eval(20)=0.100
  [seed=1001] step=12600/15000 avg_step=19.5ms elapsed=245s eta=47s eval(20)=0.100
  [seed=1001] step=12800/15000 avg_step=19.5ms elapsed=250s eta=43s eval(20)=0.100
  [seed=1001] step=13000/15000 avg_step=19.5ms elapsed=254s eta=39s eval(20)=0.100
  [seed=1001] step=13200/15000 avg_step=19.5ms elapsed=258s eta=35s eval(20)=0.100
  [seed=1001] step=13400/15000 avg_step=19.5ms elapsed=262s eta=31s eval(20)=0.100
  [seed=1001] step=13600/15000 avg_step=19.6ms elapsed=266s eta=27s eval(20)=0.100
  [seed=1001] step=13800/15000 avg_step=19.6ms elapsed=270s eta=23s eval(20)=0.100
  [seed=1001] step=14000/15000 avg_step=19.6ms elapsed=274s eta=20s eval(20)=0.100
  [seed=1001] step=14200/15000 avg_step=19.6ms elapsed=278s eta=16s eval(20)=0.100
  [seed=1001] step=14400/15000 avg_step=19.6ms elapsed=282s eta=12s eval(20)=0.100
  [seed=1001] step=14600/15000 avg_step=19.6ms elapsed=286s eta=8s eval(20)=0.100
  [seed=1001] step=14800/15000 avg_step=19.6ms elapsed=290s eta=4s eval(20)=0.100
  [seed=1001] step=15000/15000 avg_step=19.6ms elapsed=295s eta=0s eval(20)=0.100
[zeroinit_rank2] seed=1001 done: old_style=0.0000 eval_acc(100)=0.0900
[zeroinit_rank2] starting seed=1002 (15000 steps)...
  [seed=1002] step=200/15000 avg_step=9.9ms elapsed=2s eta=147s eval(20)=0.100
  [seed=1002] step=400/15000 avg_step=10.3ms elapsed=4s eta=150s eval(20)=0.100
  [seed=1002] step=600/15000 avg_step=11.1ms elapsed=7s eta=159s eval(20)=0.100
  [seed=1002] step=800/15000 avg_step=12.2ms elapsed=10s eta=174s eval(20)=0.100
  [seed=1002] step=1000/15000 avg_step=12.8ms elapsed=13s eta=179s eval(20)=0.100
  [seed=1002] step=1200/15000 avg_step=14.1ms elapsed=17s eta=195s eval(20)=0.100
  [seed=1002] step=1400/15000 avg_step=14.9ms elapsed=21s eta=203s eval(20)=0.100
  [seed=1002] step=1600/15000 avg_step=15.6ms elapsed=25s eta=209s eval(20)=0.100
  [seed=1002] step=1800/15000 avg_step=16.1ms elapsed=29s eta=213s eval(20)=0.100
  [seed=1002] step=2000/15000 avg_step=16.5ms elapsed=33s eta=214s eval(20)=0.100
  [seed=1002] step=2200/15000 avg_step=16.8ms elapsed=37s eta=215s eval(20)=0.100
  [seed=1002] step=2400/15000 avg_step=17.0ms elapsed=41s eta=215s eval(20)=0.100
  [seed=1002] step=2600/15000 avg_step=17.2ms elapsed=45s eta=214s eval(20)=0.100
  [seed=1002] step=2800/15000 avg_step=17.4ms elapsed=49s eta=212s eval(20)=0.100
  [seed=1002] step=3000/15000 avg_step=17.6ms elapsed=53s eta=211s eval(20)=0.100
  [seed=1002] step=3200/15000 avg_step=17.7ms elapsed=57s eta=209s eval(20)=0.100
  [seed=1002] step=3400/15000 avg_step=17.9ms elapsed=61s eta=207s eval(20)=0.100
  [seed=1002] step=3600/15000 avg_step=18.0ms elapsed=65s eta=205s eval(20)=0.100
  [seed=1002] step=3800/15000 avg_step=18.1ms elapsed=69s eta=203s eval(20)=0.100
  [seed=1002] step=4000/15000 avg_step=18.2ms elapsed=73s eta=200s eval(20)=0.100
  [seed=1002] step=4200/15000 avg_step=18.2ms elapsed=77s eta=197s eval(20)=0.100
  [seed=1002] step=4400/15000 avg_step=18.3ms elapsed=81s eta=194s eval(20)=0.100
  [seed=1002] step=4600/15000 avg_step=18.4ms elapsed=84s eta=191s eval(20)=0.100
  [seed=1002] step=4800/15000 avg_step=18.4ms elapsed=88s eta=188s eval(20)=0.100
  [seed=1002] step=5000/15000 avg_step=18.5ms elapsed=92s eta=185s eval(20)=0.100
  [seed=1002] step=5200/15000 avg_step=18.6ms elapsed=97s eta=182s eval(20)=0.100
  [seed=1002] step=5400/15000 avg_step=18.7ms elapsed=101s eta=179s eval(20)=0.100
  [seed=1002] step=5600/15000 avg_step=18.8ms elapsed=105s eta=177s eval(20)=0.100
  [seed=1002] step=5800/15000 avg_step=18.8ms elapsed=109s eta=173s eval(20)=0.100
  [seed=1002] step=6000/15000 avg_step=18.9ms elapsed=114s eta=170s eval(20)=0.100
  [seed=1002] step=6200/15000 avg_step=19.0ms elapsed=118s eta=167s eval(20)=0.100
  [seed=1002] step=6400/15000 avg_step=19.1ms elapsed=122s eta=164s eval(20)=0.100
  [seed=1002] step=6600/15000 avg_step=19.1ms elapsed=126s eta=161s eval(20)=0.100
  [seed=1002] step=6800/15000 avg_step=19.2ms elapsed=131s eta=157s eval(20)=0.100
  [seed=1002] step=7000/15000 avg_step=19.3ms elapsed=135s eta=154s eval(20)=0.100
  [seed=1002] step=7200/15000 avg_step=19.3ms elapsed=139s eta=150s eval(20)=0.100
  [seed=1002] step=7400/15000 avg_step=19.3ms elapsed=143s eta=147s eval(20)=0.100
  [seed=1002] step=7600/15000 avg_step=19.3ms elapsed=146s eta=143s eval(20)=0.100
  [seed=1002] step=7800/15000 avg_step=19.3ms elapsed=150s eta=139s eval(20)=0.100
  [seed=1002] step=8000/15000 avg_step=19.3ms elapsed=154s eta=135s eval(20)=0.100
  [seed=1002] step=8200/15000 avg_step=19.3ms elapsed=158s eta=131s eval(20)=0.100
  [seed=1002] step=8400/15000 avg_step=19.3ms elapsed=162s eta=127s eval(20)=0.100
  [seed=1002] step=8600/15000 avg_step=19.3ms elapsed=166s eta=123s eval(20)=0.100
  [seed=1002] step=8800/15000 avg_step=19.3ms elapsed=170s eta=119s eval(20)=0.100
  [seed=1002] step=9000/15000 avg_step=19.3ms elapsed=173s eta=116s eval(20)=0.100
  [seed=1002] step=9200/15000 avg_step=19.3ms elapsed=177s eta=112s eval(20)=0.100
  [seed=1002] step=9400/15000 avg_step=19.3ms elapsed=181s eta=108s eval(20)=0.100
  [seed=1002] step=9600/15000 avg_step=19.2ms elapsed=185s eta=104s eval(20)=0.100
  [seed=1002] step=9800/15000 avg_step=19.2ms elapsed=189s eta=100s eval(20)=0.100
  [seed=1002] step=10000/15000 avg_step=19.2ms elapsed=192s eta=96s eval(20)=0.100
  [seed=1002] step=10200/15000 avg_step=19.2ms elapsed=196s eta=92s eval(20)=0.100
  [seed=1002] step=10400/15000 avg_step=19.2ms elapsed=200s eta=88s eval(20)=0.100
  [seed=1002] step=10600/15000 avg_step=19.2ms elapsed=204s eta=85s eval(20)=0.100
  [seed=1002] step=10800/15000 avg_step=19.2ms elapsed=208s eta=81s eval(20)=0.100
  [seed=1002] step=11000/15000 avg_step=19.2ms elapsed=212s eta=77s eval(20)=0.100
  [seed=1002] step=11200/15000 avg_step=19.2ms elapsed=215s eta=73s eval(20)=0.100
  [seed=1002] step=11400/15000 avg_step=19.2ms elapsed=219s eta=69s eval(20)=0.100
  [seed=1002] step=11600/15000 avg_step=19.2ms elapsed=223s eta=65s eval(20)=0.100
  [seed=1002] step=11800/15000 avg_step=19.2ms elapsed=227s eta=62s eval(20)=0.100
  [seed=1002] step=12000/15000 avg_step=19.2ms elapsed=231s eta=58s eval(20)=0.100
  [seed=1002] step=12200/15000 avg_step=19.2ms elapsed=235s eta=54s eval(20)=0.100
  [seed=1002] step=12400/15000 avg_step=19.3ms elapsed=239s eta=50s eval(20)=0.100
  [seed=1002] step=12600/15000 avg_step=19.3ms elapsed=243s eta=46s eval(20)=0.100
  [seed=1002] step=12800/15000 avg_step=19.3ms elapsed=247s eta=42s eval(20)=0.100
  [seed=1002] step=13000/15000 avg_step=19.3ms elapsed=251s eta=39s eval(20)=0.100
  [seed=1002] step=13200/15000 avg_step=19.4ms elapsed=255s eta=35s eval(20)=0.100
  [seed=1002] step=13400/15000 avg_step=19.4ms elapsed=260s eta=31s eval(20)=0.100
  [seed=1002] step=13600/15000 avg_step=19.4ms elapsed=264s eta=27s eval(20)=0.100
  [seed=1002] step=13800/15000 avg_step=19.5ms elapsed=269s eta=23s eval(20)=0.100
  [seed=1002] step=14000/15000 avg_step=19.5ms elapsed=273s eta=19s eval(20)=0.100
  [seed=1002] step=14200/15000 avg_step=19.5ms elapsed=277s eta=16s eval(20)=0.100
  [seed=1002] step=14400/15000 avg_step=19.5ms elapsed=281s eta=12s eval(20)=0.100
  [seed=1002] step=14600/15000 avg_step=19.6ms elapsed=285s eta=8s eval(20)=0.100
  [seed=1002] step=14800/15000 avg_step=19.6ms elapsed=290s eta=4s eval(20)=0.100
  [seed=1002] step=15000/15000 avg_step=19.6ms elapsed=294s eta=0s eval(20)=0.100
[zeroinit_rank2] seed=1002 done: old_style=0.0000 eval_acc(100)=0.1100
[zeroinit_rank2] starting seed=1003 (15000 steps)...
  [seed=1003] step=200/15000 avg_step=10.0ms elapsed=2s eta=148s eval(20)=0.000
  [seed=1003] step=400/15000 avg_step=10.6ms elapsed=4s eta=155s eval(20)=0.000
  [seed=1003] step=600/15000 avg_step=11.5ms elapsed=7s eta=165s eval(20)=0.000
  [seed=1003] step=800/15000 avg_step=12.5ms elapsed=10s eta=177s eval(20)=0.000
  [seed=1003] step=1000/15000 avg_step=13.0ms elapsed=13s eta=181s eval(20)=0.000
  [seed=1003] step=1200/15000 avg_step=14.2ms elapsed=17s eta=195s eval(20)=0.000
  [seed=1003] step=1400/15000 avg_step=15.0ms elapsed=21s eta=204s eval(20)=0.000
  [seed=1003] step=1600/15000 avg_step=15.6ms elapsed=25s eta=208s eval(20)=0.000
  [seed=1003] step=1800/15000 avg_step=16.0ms elapsed=29s eta=211s eval(20)=0.000
  [seed=1003] step=2000/15000 avg_step=16.3ms elapsed=33s eta=212s eval(20)=0.000
  [seed=1003] step=2200/15000 avg_step=16.6ms elapsed=36s eta=212s eval(20)=0.000
  [seed=1003] step=2400/15000 avg_step=16.8ms elapsed=40s eta=211s eval(20)=0.000
  [seed=1003] step=2600/15000 avg_step=16.9ms elapsed=44s eta=210s eval(20)=0.000
  [seed=1003] step=2800/15000 avg_step=17.1ms elapsed=48s eta=208s eval(20)=0.000
  [seed=1003] step=3000/15000 avg_step=17.2ms elapsed=52s eta=206s eval(20)=0.000
  [seed=1003] step=3200/15000 avg_step=17.3ms elapsed=55s eta=204s eval(20)=0.000
  [seed=1003] step=3400/15000 avg_step=17.4ms elapsed=59s eta=202s eval(20)=0.000
  [seed=1003] step=3600/15000 avg_step=17.5ms elapsed=63s eta=199s eval(20)=0.000
  [seed=1003] step=3800/15000 avg_step=17.5ms elapsed=67s eta=196s eval(20)=0.000
  [seed=1003] step=4000/15000 avg_step=17.6ms elapsed=70s eta=194s eval(20)=0.000
  [seed=1003] step=4200/15000 avg_step=17.6ms elapsed=74s eta=191s eval(20)=0.000
  [seed=1003] step=4400/15000 avg_step=17.7ms elapsed=78s eta=188s eval(20)=0.000
  [seed=1003] step=4600/15000 avg_step=17.7ms elapsed=82s eta=185s eval(20)=0.000
  [seed=1003] step=4800/15000 avg_step=17.8ms elapsed=85s eta=181s eval(20)=0.000
  [seed=1003] step=5000/15000 avg_step=17.8ms elapsed=89s eta=178s eval(20)=0.000
  [seed=1003] step=5200/15000 avg_step=17.9ms elapsed=93s eta=175s eval(20)=0.000
  [seed=1003] step=5400/15000 avg_step=17.9ms elapsed=97s eta=172s eval(20)=0.000
  [seed=1003] step=5600/15000 avg_step=17.9ms elapsed=100s eta=169s eval(20)=0.000
  [seed=1003] step=5800/15000 avg_step=18.0ms elapsed=104s eta=165s eval(20)=0.000
  [seed=1003] step=6000/15000 avg_step=18.0ms elapsed=108s eta=162s eval(20)=0.000
  [seed=1003] step=6200/15000 avg_step=18.0ms elapsed=112s eta=159s eval(20)=0.000
  [seed=1003] step=6400/15000 avg_step=18.0ms elapsed=115s eta=155s eval(20)=0.000
  [seed=1003] step=6600/15000 avg_step=18.1ms elapsed=119s eta=152s eval(20)=0.000
  [seed=1003] step=6800/15000 avg_step=18.1ms elapsed=123s eta=148s eval(20)=0.000
  [seed=1003] step=7000/15000 avg_step=18.1ms elapsed=127s eta=145s eval(20)=0.000
  [seed=1003] step=7200/15000 avg_step=18.1ms elapsed=130s eta=141s eval(20)=0.000
  [seed=1003] step=7400/15000 avg_step=18.1ms elapsed=134s eta=138s eval(20)=0.000
  [seed=1003] step=7600/15000 avg_step=18.1ms elapsed=138s eta=134s eval(20)=0.000
  [seed=1003] step=7800/15000 avg_step=18.2ms elapsed=142s eta=131s eval(20)=0.000
  [seed=1003] step=8000/15000 avg_step=18.2ms elapsed=145s eta=127s eval(20)=0.000
  [seed=1003] step=8200/15000 avg_step=18.2ms elapsed=149s eta=124s eval(20)=0.000
  [seed=1003] step=8400/15000 avg_step=18.2ms elapsed=153s eta=120s eval(20)=0.000
  [seed=1003] step=8600/15000 avg_step=18.2ms elapsed=157s eta=117s eval(20)=0.000
  [seed=1003] step=8800/15000 avg_step=18.2ms elapsed=160s eta=113s eval(20)=0.000
  [seed=1003] step=9000/15000 avg_step=18.2ms elapsed=164s eta=109s eval(20)=0.000
  [seed=1003] step=9200/15000 avg_step=18.3ms elapsed=168s eta=106s eval(20)=0.000
  [seed=1003] step=9400/15000 avg_step=18.3ms elapsed=172s eta=102s eval(20)=0.000
  [seed=1003] step=9600/15000 avg_step=18.3ms elapsed=175s eta=99s eval(20)=0.000
  [seed=1003] step=9800/15000 avg_step=18.3ms elapsed=179s eta=95s eval(20)=0.000
  [seed=1003] step=10000/15000 avg_step=18.3ms elapsed=183s eta=91s eval(20)=0.000
  [seed=1003] step=10200/15000 avg_step=18.3ms elapsed=187s eta=88s eval(20)=0.000
  [seed=1003] step=10400/15000 avg_step=18.3ms elapsed=190s eta=84s eval(20)=0.000
  [seed=1003] step=10600/15000 avg_step=18.3ms elapsed=194s eta=81s eval(20)=0.000
  [seed=1003] step=10800/15000 avg_step=18.3ms elapsed=198s eta=77s eval(20)=0.000
  [seed=1003] step=11000/15000 avg_step=18.3ms elapsed=202s eta=73s eval(20)=0.000
  [seed=1003] step=11200/15000 avg_step=18.3ms elapsed=205s eta=70s eval(20)=0.000
  [seed=1003] step=11400/15000 avg_step=18.4ms elapsed=209s eta=66s eval(20)=0.000
  [seed=1003] step=11600/15000 avg_step=18.4ms elapsed=213s eta=62s eval(20)=0.000
  [seed=1003] step=11800/15000 avg_step=18.4ms elapsed=217s eta=59s eval(20)=0.000
  [seed=1003] step=12000/15000 avg_step=18.4ms elapsed=220s eta=55s eval(20)=0.000
  [seed=1003] step=12200/15000 avg_step=18.4ms elapsed=224s eta=51s eval(20)=0.000
  [seed=1003] step=12400/15000 avg_step=18.4ms elapsed=228s eta=48s eval(20)=0.000
  [seed=1003] step=12600/15000 avg_step=18.4ms elapsed=232s eta=44s eval(20)=0.000
  [seed=1003] step=12800/15000 avg_step=18.4ms elapsed=236s eta=40s eval(20)=0.000
  [seed=1003] step=13000/15000 avg_step=18.4ms elapsed=239s eta=37s eval(20)=0.000
  [seed=1003] step=13200/15000 avg_step=18.4ms elapsed=243s eta=33s eval(20)=0.000
  [seed=1003] step=13400/15000 avg_step=18.4ms elapsed=247s eta=29s eval(20)=0.000
  [seed=1003] step=13600/15000 avg_step=18.4ms elapsed=251s eta=26s eval(20)=0.000
  [seed=1003] step=13800/15000 avg_step=18.4ms elapsed=254s eta=22s eval(20)=0.000
  [seed=1003] step=14000/15000 avg_step=18.4ms elapsed=258s eta=18s eval(20)=0.000
  [seed=1003] step=14200/15000 avg_step=18.4ms elapsed=262s eta=15s eval(20)=0.000
  [seed=1003] step=14400/15000 avg_step=18.5ms elapsed=266s eta=11s eval(20)=0.000
  [seed=1003] step=14600/15000 avg_step=18.5ms elapsed=269s eta=7s eval(20)=0.000
  [seed=1003] step=14800/15000 avg_step=18.5ms elapsed=273s eta=4s eval(20)=0.000
  [seed=1003] step=15000/15000 avg_step=18.5ms elapsed=277s eta=0s eval(20)=0.000
[zeroinit_rank2] seed=1003 done: old_style=0.0000 eval_acc(100)=0.0800
[zeroinit_rank2] starting seed=1004 (15000 steps)...
  [seed=1004] step=200/15000 avg_step=9.2ms elapsed=2s eta=136s eval(20)=0.050
  [seed=1004] step=400/15000 avg_step=9.5ms elapsed=4s eta=139s eval(20)=0.050
  [seed=1004] step=600/15000 avg_step=10.3ms elapsed=6s eta=149s eval(20)=0.050
  [seed=1004] step=800/15000 avg_step=11.6ms elapsed=9s eta=165s eval(20)=0.050
  [seed=1004] step=1000/15000 avg_step=12.2ms elapsed=12s eta=170s eval(20)=0.050
  [seed=1004] step=1200/15000 avg_step=13.3ms elapsed=16s eta=183s eval(20)=0.050
  [seed=1004] step=1400/15000 avg_step=14.0ms elapsed=20s eta=191s eval(20)=0.050
  [seed=1004] step=1600/15000 avg_step=14.6ms elapsed=23s eta=196s eval(20)=0.050
  [seed=1004] step=1800/15000 avg_step=15.1ms elapsed=27s eta=199s eval(20)=0.050
  [seed=1004] step=2000/15000 avg_step=15.5ms elapsed=31s eta=201s eval(20)=0.050
  [seed=1004] step=2200/15000 avg_step=15.8ms elapsed=35s eta=202s eval(20)=0.050
  [seed=1004] step=2400/15000 avg_step=16.0ms elapsed=38s eta=202s eval(20)=0.050
  [seed=1004] step=2600/15000 avg_step=16.2ms elapsed=42s eta=201s eval(20)=0.050
  [seed=1004] step=2800/15000 avg_step=16.4ms elapsed=46s eta=200s eval(20)=0.050
  [seed=1004] step=3000/15000 avg_step=16.6ms elapsed=50s eta=199s eval(20)=0.050
  [seed=1004] step=3200/15000 avg_step=16.7ms elapsed=53s eta=197s eval(20)=0.050
  [seed=1004] step=3400/15000 avg_step=16.8ms elapsed=57s eta=195s eval(20)=0.050
  [seed=1004] step=3600/15000 avg_step=16.9ms elapsed=61s eta=193s eval(20)=0.050
  [seed=1004] step=3800/15000 avg_step=17.0ms elapsed=65s eta=191s eval(20)=0.050
  [seed=1004] step=4000/15000 avg_step=17.1ms elapsed=69s eta=189s eval(20)=0.050
  [seed=1004] step=4200/15000 avg_step=17.2ms elapsed=72s eta=186s eval(20)=0.050
  [seed=1004] step=4400/15000 avg_step=17.3ms elapsed=76s eta=183s eval(20)=0.050
  [seed=1004] step=4600/15000 avg_step=17.4ms elapsed=80s eta=181s eval(20)=0.050
  [seed=1004] step=4800/15000 avg_step=17.4ms elapsed=84s eta=178s eval(20)=0.050
  [seed=1004] step=5000/15000 avg_step=17.5ms elapsed=87s eta=175s eval(20)=0.050
  [seed=1004] step=5200/15000 avg_step=17.6ms elapsed=91s eta=172s eval(20)=0.050
  [seed=1004] step=5400/15000 avg_step=17.6ms elapsed=95s eta=169s eval(20)=0.050
  [seed=1004] step=5600/15000 avg_step=17.7ms elapsed=99s eta=166s eval(20)=0.050
  [seed=1004] step=5800/15000 avg_step=17.7ms elapsed=103s eta=163s eval(20)=0.050
  [seed=1004] step=6000/15000 avg_step=17.7ms elapsed=106s eta=160s eval(20)=0.050
  [seed=1004] step=6200/15000 avg_step=17.8ms elapsed=110s eta=156s eval(20)=0.050
  [seed=1004] step=6400/15000 avg_step=17.8ms elapsed=114s eta=153s eval(20)=0.050
  [seed=1004] step=6600/15000 avg_step=17.9ms elapsed=118s eta=150s eval(20)=0.050
  [seed=1004] step=6800/15000 avg_step=17.9ms elapsed=122s eta=147s eval(20)=0.050
  [seed=1004] step=7000/15000 avg_step=17.9ms elapsed=125s eta=143s eval(20)=0.050
  [seed=1004] step=7200/15000 avg_step=17.9ms elapsed=129s eta=140s eval(20)=0.050
  [seed=1004] step=7400/15000 avg_step=18.0ms elapsed=133s eta=136s eval(20)=0.050
  [seed=1004] step=7600/15000 avg_step=18.0ms elapsed=137s eta=133s eval(20)=0.050
  [seed=1004] step=7800/15000 avg_step=18.0ms elapsed=140s eta=130s eval(20)=0.050
  [seed=1004] step=8000/15000 avg_step=18.0ms elapsed=144s eta=126s eval(20)=0.050
  [seed=1004] step=8200/15000 avg_step=18.0ms elapsed=148s eta=123s eval(20)=0.050
  [seed=1004] step=8400/15000 avg_step=18.0ms elapsed=152s eta=119s eval(20)=0.050
  [seed=1004] step=8600/15000 avg_step=18.1ms elapsed=155s eta=116s eval(20)=0.050
  [seed=1004] step=8800/15000 avg_step=18.1ms elapsed=159s eta=112s eval(20)=0.050
  [seed=1004] step=9000/15000 avg_step=18.1ms elapsed=163s eta=109s eval(20)=0.050
  [seed=1004] step=9200/15000 avg_step=18.1ms elapsed=167s eta=105s eval(20)=0.050
  [seed=1004] step=9400/15000 avg_step=18.1ms elapsed=170s eta=102s eval(20)=0.050
  [seed=1004] step=9600/15000 avg_step=18.2ms elapsed=174s eta=98s eval(20)=0.050
  [seed=1004] step=9800/15000 avg_step=18.2ms elapsed=178s eta=95s eval(20)=0.050
  [seed=1004] step=10000/15000 avg_step=18.2ms elapsed=182s eta=91s eval(20)=0.050
  [seed=1004] step=10200/15000 avg_step=18.3ms elapsed=186s eta=88s eval(20)=0.050
  [seed=1004] step=10400/15000 avg_step=18.3ms elapsed=190s eta=84s eval(20)=0.050
  [seed=1004] step=10600/15000 avg_step=18.3ms elapsed=194s eta=81s eval(20)=0.050
  [seed=1004] step=10800/15000 avg_step=18.3ms elapsed=198s eta=77s eval(20)=0.050
  [seed=1004] step=11000/15000 avg_step=18.4ms elapsed=202s eta=73s eval(20)=0.050
  [seed=1004] step=11200/15000 avg_step=18.4ms elapsed=206s eta=70s eval(20)=0.050
  [seed=1004] step=11400/15000 avg_step=18.4ms elapsed=210s eta=66s eval(20)=0.050
  [seed=1004] step=11600/15000 avg_step=18.4ms elapsed=214s eta=63s eval(20)=0.050
  [seed=1004] step=11800/15000 avg_step=18.4ms elapsed=218s eta=59s eval(20)=0.050
  [seed=1004] step=12000/15000 avg_step=18.5ms elapsed=222s eta=55s eval(20)=0.050
  [seed=1004] step=12200/15000 avg_step=18.5ms elapsed=225s eta=52s eval(20)=0.050
  [seed=1004] step=12400/15000 avg_step=18.5ms elapsed=230s eta=48s eval(20)=0.050
  [seed=1004] step=12600/15000 avg_step=18.5ms elapsed=234s eta=44s eval(20)=0.050
  [seed=1004] step=12800/15000 avg_step=18.6ms elapsed=237s eta=41s eval(20)=0.050
  [seed=1004] step=13000/15000 avg_step=18.6ms elapsed=242s eta=37s eval(20)=0.050
  [seed=1004] step=13200/15000 avg_step=18.6ms elapsed=246s eta=33s eval(20)=0.050
  [seed=1004] step=13400/15000 avg_step=18.6ms elapsed=250s eta=30s eval(20)=0.050
  [seed=1004] step=13600/15000 avg_step=18.7ms elapsed=254s eta=26s eval(20)=0.050
  [seed=1004] step=13800/15000 avg_step=18.7ms elapsed=258s eta=22s eval(20)=0.050
  [seed=1004] step=14000/15000 avg_step=18.7ms elapsed=262s eta=19s eval(20)=0.050
  [seed=1004] step=14200/15000 avg_step=18.7ms elapsed=266s eta=15s eval(20)=0.050
  [seed=1004] step=14400/15000 avg_step=18.7ms elapsed=270s eta=11s eval(20)=0.050
  [seed=1004] step=14600/15000 avg_step=18.8ms elapsed=274s eta=8s eval(20)=0.050
  [seed=1004] step=14800/15000 avg_step=18.8ms elapsed=278s eta=4s eval(20)=0.050
  [seed=1004] step=15000/15000 avg_step=18.8ms elapsed=282s eta=0s eval(20)=0.050
[zeroinit_rank2] seed=1004 done: old_style=0.0000 eval_acc(100)=0.0800
[zeroinit_rank2] CONFIG DONE: old_style_mean=0.0000 eval_acc_mean=0.0880 eval_per_seed=[0.08, 0.09, 0.11, 0.08, 0.08] skip_rate=0.000% avg_step=19.1ms

[zeroinit_energy_rank1] starting seed=1000 (15000 steps)...
  [seed=1000] step=200/15000 avg_step=17.9ms elapsed=4s eta=264s eval(20)=0.100
  [seed=1000] step=400/15000 avg_step=18.7ms elapsed=7s eta=273s eval(20)=0.000
  [seed=1000] step=600/15000 avg_step=20.7ms elapsed=12s eta=298s eval(20)=0.150
  [seed=1000] step=800/15000 avg_step=23.0ms elapsed=18s eta=327s eval(20)=0.150
  [seed=1000] step=1000/15000 avg_step=24.3ms elapsed=24s eta=340s eval(20)=0.150
  [seed=1000] step=1200/15000 avg_step=26.6ms elapsed=32s eta=367s eval(20)=0.000
  [seed=1000] step=1400/15000 avg_step=28.4ms elapsed=40s eta=386s eval(20)=0.000
  [seed=1000] step=1600/15000 avg_step=29.6ms elapsed=47s eta=396s eval(20)=0.100
  [seed=1000] step=1800/15000 avg_step=30.5ms elapsed=55s eta=403s eval(20)=0.050
  [seed=1000] step=2000/15000 avg_step=31.3ms elapsed=63s eta=407s eval(20)=0.000
  [seed=1000] step=2200/15000 avg_step=32.0ms elapsed=70s eta=409s eval(20)=0.050
  [seed=1000] step=2400/15000 avg_step=32.5ms elapsed=78s eta=409s eval(20)=0.150
  [seed=1000] step=2600/15000 avg_step=32.7ms elapsed=85s eta=406s eval(20)=0.150
  [seed=1000] step=2800/15000 avg_step=33.1ms elapsed=93s eta=403s eval(20)=0.150
  [seed=1000] step=3000/15000 avg_step=33.3ms elapsed=100s eta=400s eval(20)=0.150
  [seed=1000] step=3200/15000 avg_step=33.5ms elapsed=107s eta=395s eval(20)=0.150
  [seed=1000] step=3400/15000 avg_step=33.6ms elapsed=114s eta=390s eval(20)=0.150
  [seed=1000] step=3600/15000 avg_step=33.7ms elapsed=121s eta=384s eval(20)=0.150
  [seed=1000] step=3800/15000 avg_step=33.8ms elapsed=128s eta=378s eval(20)=0.150
  [seed=1000] step=4000/15000 avg_step=33.8ms elapsed=135s eta=372s eval(20)=0.150
  [seed=1000] step=4200/15000 avg_step=33.9ms elapsed=142s eta=366s eval(20)=0.150
  [seed=1000] step=4400/15000 avg_step=33.9ms elapsed=149s eta=359s eval(20)=0.150
  [seed=1000] step=4600/15000 avg_step=33.9ms elapsed=156s eta=353s eval(20)=0.150
  [seed=1000] step=4800/15000 avg_step=34.0ms elapsed=163s eta=347s eval(20)=0.150
  [seed=1000] step=5000/15000 avg_step=34.0ms elapsed=170s eta=340s eval(20)=0.150
  [seed=1000] step=5200/15000 avg_step=34.0ms elapsed=177s eta=334s eval(20)=0.150
  [seed=1000] step=5400/15000 avg_step=34.1ms elapsed=184s eta=327s eval(20)=0.150
  [seed=1000] step=5600/15000 avg_step=34.1ms elapsed=191s eta=321s eval(20)=0.150
  [seed=1000] step=5800/15000 avg_step=34.1ms elapsed=198s eta=314s eval(20)=0.150
  [seed=1000] step=6000/15000 avg_step=34.2ms elapsed=205s eta=308s eval(20)=0.150
  [seed=1000] step=6200/15000 avg_step=34.2ms elapsed=212s eta=301s eval(20)=0.150
  [seed=1000] step=6400/15000 avg_step=34.2ms elapsed=219s eta=294s eval(20)=0.150
  [seed=1000] step=6600/15000 avg_step=34.3ms elapsed=226s eta=288s eval(20)=0.150
  [seed=1000] step=6800/15000 avg_step=34.3ms elapsed=233s eta=281s eval(20)=0.150
  [seed=1000] step=7000/15000 avg_step=34.3ms elapsed=240s eta=274s eval(20)=0.150
  [seed=1000] step=7200/15000 avg_step=34.3ms elapsed=247s eta=267s eval(20)=0.150
  [seed=1000] step=7400/15000 avg_step=34.3ms elapsed=254s eta=261s eval(20)=0.150
  [seed=1000] step=7600/15000 avg_step=34.3ms elapsed=261s eta=254s eval(20)=0.150
  [seed=1000] step=7800/15000 avg_step=34.4ms elapsed=268s eta=247s eval(20)=0.150
  [seed=1000] step=8000/15000 avg_step=34.4ms elapsed=275s eta=241s eval(20)=0.150
  [seed=1000] step=8200/15000 avg_step=34.4ms elapsed=282s eta=234s eval(20)=0.150
  [seed=1000] step=8400/15000 avg_step=34.4ms elapsed=289s eta=227s eval(20)=0.150
  [seed=1000] step=8600/15000 avg_step=34.4ms elapsed=296s eta=220s eval(20)=0.150
  [seed=1000] step=8800/15000 avg_step=34.4ms elapsed=303s eta=213s eval(20)=0.150
  [seed=1000] step=9000/15000 avg_step=34.4ms elapsed=310s eta=206s eval(20)=0.150
  [seed=1000] step=9200/15000 avg_step=34.4ms elapsed=317s eta=200s eval(20)=0.150
  [seed=1000] step=9400/15000 avg_step=34.4ms elapsed=323s eta=193s eval(20)=0.150
  [seed=1000] step=9600/15000 avg_step=34.4ms elapsed=330s eta=186s eval(20)=0.150
  [seed=1000] step=9800/15000 avg_step=34.4ms elapsed=337s eta=179s eval(20)=0.050
  [seed=1000] step=10000/15000 avg_step=34.4ms elapsed=344s eta=172s eval(20)=0.200
  [seed=1000] step=10200/15000 avg_step=34.4ms elapsed=351s eta=165s eval(20)=0.200
  [seed=1000] step=10400/15000 avg_step=34.5ms elapsed=359s eta=159s eval(20)=0.000
  [seed=1000] step=10600/15000 avg_step=34.5ms elapsed=366s eta=152s eval(20)=0.050
  [seed=1000] step=10800/15000 avg_step=34.5ms elapsed=372s eta=145s eval(20)=0.050
  [seed=1000] step=11000/15000 avg_step=34.5ms elapsed=379s eta=138s eval(20)=0.100
  [seed=1000] step=11200/15000 avg_step=34.5ms elapsed=386s eta=131s eval(20)=0.050
  [seed=1000] step=11400/15000 avg_step=34.5ms elapsed=393s eta=124s eval(20)=0.050
  [seed=1000] step=11600/15000 avg_step=34.5ms elapsed=401s eta=117s eval(20)=0.050
  [seed=1000] step=11800/15000 avg_step=34.5ms elapsed=408s eta=111s eval(20)=0.050
  [seed=1000] step=12000/15000 avg_step=34.5ms elapsed=415s eta=104s eval(20)=0.050
  [seed=1000] step=12200/15000 avg_step=34.5ms elapsed=421s eta=97s eval(20)=0.050
  [seed=1000] step=12400/15000 avg_step=34.5ms elapsed=428s eta=90s eval(20)=0.050
  [seed=1000] step=12600/15000 avg_step=34.6ms elapsed=435s eta=83s eval(20)=0.050
  [seed=1000] step=12800/15000 avg_step=34.5ms elapsed=442s eta=76s eval(20)=0.050
  [seed=1000] step=13000/15000 avg_step=34.6ms elapsed=449s eta=69s eval(20)=0.050
  [seed=1000] step=13200/15000 avg_step=34.6ms elapsed=456s eta=62s eval(20)=0.050
  [seed=1000] step=13400/15000 avg_step=34.6ms elapsed=463s eta=55s eval(20)=0.050
  [seed=1000] step=13600/15000 avg_step=34.6ms elapsed=470s eta=48s eval(20)=0.050
  [seed=1000] step=13800/15000 avg_step=34.6ms elapsed=477s eta=41s eval(20)=0.050
  [seed=1000] step=14000/15000 avg_step=34.6ms elapsed=484s eta=35s eval(20)=0.050
  [seed=1000] step=14200/15000 avg_step=34.6ms elapsed=491s eta=28s eval(20)=0.050
  [seed=1000] step=14400/15000 avg_step=34.6ms elapsed=498s eta=21s eval(20)=0.200
  [seed=1000] step=14600/15000 avg_step=34.6ms elapsed=505s eta=14s eval(20)=0.050
  [seed=1000] step=14800/15000 avg_step=34.6ms elapsed=512s eta=7s eval(20)=0.050
  [seed=1000] step=15000/15000 avg_step=34.6ms elapsed=519s eta=0s eval(20)=0.050
[zeroinit_energy_rank1] seed=1000 done: old_style=0.0000 eval_acc(100)=0.0900
[zeroinit_energy_rank1] starting seed=1001 (15000 steps)...
  [seed=1001] step=200/15000 avg_step=16.5ms elapsed=3s eta=244s eval(20)=0.100
  [seed=1001] step=400/15000 avg_step=17.2ms elapsed=7s eta=251s eval(20)=0.000
  [seed=1001] step=600/15000 avg_step=18.7ms elapsed=11s eta=270s eval(20)=0.000
  [seed=1001] step=800/15000 avg_step=21.0ms elapsed=17s eta=298s eval(20)=0.150
  [seed=1001] step=1000/15000 avg_step=22.3ms elapsed=22s eta=312s eval(20)=0.150
  [seed=1001] step=1200/15000 avg_step=24.6ms elapsed=30s eta=340s eval(20)=0.150
  [seed=1001] step=1400/15000 avg_step=26.3ms elapsed=37s eta=358s eval(20)=0.150
  [seed=1001] step=1600/15000 avg_step=27.7ms elapsed=44s eta=371s eval(20)=0.150
  [seed=1001] step=1800/15000 avg_step=28.7ms elapsed=52s eta=379s eval(20)=0.100
  [seed=1001] step=2000/15000 avg_step=29.7ms elapsed=59s eta=387s eval(20)=0.200
  [seed=1001] step=2200/15000 avg_step=30.5ms elapsed=67s eta=390s eval(20)=0.100
  [seed=1001] step=2400/15000 avg_step=31.0ms elapsed=75s eta=391s eval(20)=0.100
  [seed=1001] step=2600/15000 avg_step=31.5ms elapsed=82s eta=390s eval(20)=0.100
  [seed=1001] step=2800/15000 avg_step=31.8ms elapsed=89s eta=388s eval(20)=0.100
  [seed=1001] step=3000/15000 avg_step=32.1ms elapsed=96s eta=386s eval(20)=0.100
  [seed=1001] step=3200/15000 avg_step=32.4ms elapsed=104s eta=383s eval(20)=0.100
  [seed=1001] step=3400/15000 avg_step=32.7ms elapsed=111s eta=379s eval(20)=0.100
  [seed=1001] step=3600/15000 avg_step=32.9ms elapsed=119s eta=375s eval(20)=0.100
  [seed=1001] step=3800/15000 avg_step=33.1ms elapsed=126s eta=371s eval(20)=0.200
  [seed=1001] step=4000/15000 avg_step=33.3ms elapsed=133s eta=366s eval(20)=0.150
  [seed=1001] step=4200/15000 avg_step=33.5ms elapsed=141s eta=361s eval(20)=0.100
  [seed=1001] step=4400/15000 avg_step=33.6ms elapsed=148s eta=357s eval(20)=0.100
  [seed=1001] step=4600/15000 avg_step=33.8ms elapsed=156s eta=352s eval(20)=0.100
  [seed=1001] step=4800/15000 avg_step=34.0ms elapsed=163s eta=347s eval(20)=0.100
  [seed=1001] step=5000/15000 avg_step=34.3ms elapsed=171s eta=343s eval(20)=0.100
  [seed=1001] step=5200/15000 avg_step=34.5ms elapsed=179s eta=338s eval(20)=0.100
  [seed=1001] step=5400/15000 avg_step=34.6ms elapsed=187s eta=332s eval(20)=0.100
  [seed=1001] step=5600/15000 avg_step=34.8ms elapsed=195s eta=327s eval(20)=0.100
  [seed=1001] step=5800/15000 avg_step=34.8ms elapsed=202s eta=320s eval(20)=0.100
  [seed=1001] step=6000/15000 avg_step=34.9ms elapsed=209s eta=314s eval(20)=0.100
  [seed=1001] step=6200/15000 avg_step=34.9ms elapsed=216s eta=307s eval(20)=0.100
  [seed=1001] step=6400/15000 avg_step=34.9ms elapsed=224s eta=300s eval(20)=0.100
  [seed=1001] step=6600/15000 avg_step=35.0ms elapsed=231s eta=294s eval(20)=0.100
  [seed=1001] step=6800/15000 avg_step=35.0ms elapsed=238s eta=287s eval(20)=0.200
  [seed=1001] step=7000/15000 avg_step=35.0ms elapsed=245s eta=280s eval(20)=0.200
  [seed=1001] step=7200/15000 avg_step=35.0ms elapsed=252s eta=273s eval(20)=0.100
  [seed=1001] step=7400/15000 avg_step=35.0ms elapsed=259s eta=266s eval(20)=0.100
  [seed=1001] step=7600/15000 avg_step=35.1ms elapsed=266s eta=259s eval(20)=0.100
  [seed=1001] step=7800/15000 avg_step=35.1ms elapsed=274s eta=253s eval(20)=0.200
  [seed=1001] step=8000/15000 avg_step=35.1ms elapsed=281s eta=246s eval(20)=0.200
  [seed=1001] step=8200/15000 avg_step=35.1ms elapsed=288s eta=239s eval(20)=0.100
  [seed=1001] step=8400/15000 avg_step=35.2ms elapsed=295s eta=232s eval(20)=0.100
  [seed=1001] step=8600/15000 avg_step=35.2ms elapsed=303s eta=225s eval(20)=0.100
  [seed=1001] step=8800/15000 avg_step=35.2ms elapsed=310s eta=218s eval(20)=0.100
  [seed=1001] step=9000/15000 avg_step=35.2ms elapsed=317s eta=211s eval(20)=0.200
  [seed=1001] step=9200/15000 avg_step=35.2ms elapsed=324s eta=204s eval(20)=0.200
  [seed=1001] step=9400/15000 avg_step=35.2ms elapsed=331s eta=197s eval(20)=0.200
  [seed=1001] step=9600/15000 avg_step=35.2ms elapsed=338s eta=190s eval(20)=0.200
  [seed=1001] step=9800/15000 avg_step=35.2ms elapsed=345s eta=183s eval(20)=0.200
  [seed=1001] step=10000/15000 avg_step=35.3ms elapsed=353s eta=176s eval(20)=0.200
  [seed=1001] step=10200/15000 avg_step=35.3ms elapsed=360s eta=169s eval(20)=0.200
  [seed=1001] step=10400/15000 avg_step=35.3ms elapsed=367s eta=162s eval(20)=0.200
  [seed=1001] step=10600/15000 avg_step=35.3ms elapsed=374s eta=155s eval(20)=0.200
  [seed=1001] step=10800/15000 avg_step=35.3ms elapsed=381s eta=148s eval(20)=0.200
  [seed=1001] step=11000/15000 avg_step=35.3ms elapsed=388s eta=141s eval(20)=0.200
  [seed=1001] step=11200/15000 avg_step=35.3ms elapsed=396s eta=134s eval(20)=0.200
  [seed=1001] step=11400/15000 avg_step=35.3ms elapsed=403s eta=127s eval(20)=0.250
  [seed=1001] step=11600/15000 avg_step=35.3ms elapsed=410s eta=120s eval(20)=0.250
  [seed=1001] step=11800/15000 avg_step=35.4ms elapsed=417s eta=113s eval(20)=0.100
  [seed=1001] step=12000/15000 avg_step=35.4ms elapsed=424s eta=106s eval(20)=0.100
  [seed=1001] step=12200/15000 avg_step=35.4ms elapsed=432s eta=99s eval(20)=0.100
  [seed=1001] step=12400/15000 avg_step=35.4ms elapsed=439s eta=92s eval(20)=0.100
  [seed=1001] step=12600/15000 avg_step=35.4ms elapsed=446s eta=85s eval(20)=0.000
  [seed=1001] step=12800/15000 avg_step=35.4ms elapsed=453s eta=78s eval(20)=0.100
  [seed=1001] step=13000/15000 avg_step=35.4ms elapsed=460s eta=71s eval(20)=0.100
  [seed=1001] step=13200/15000 avg_step=35.4ms elapsed=468s eta=64s eval(20)=0.100
  [seed=1001] step=13400/15000 avg_step=35.4ms elapsed=475s eta=57s eval(20)=0.100
  [seed=1001] step=13600/15000 avg_step=35.4ms elapsed=482s eta=50s eval(20)=0.100
  [seed=1001] step=13800/15000 avg_step=35.4ms elapsed=489s eta=43s eval(20)=0.100
  [seed=1001] step=14000/15000 avg_step=35.4ms elapsed=496s eta=35s eval(20)=0.100
  [seed=1001] step=14200/15000 avg_step=35.5ms elapsed=503s eta=28s eval(20)=0.100
  [seed=1001] step=14400/15000 avg_step=35.5ms elapsed=510s eta=21s eval(20)=0.100
  [seed=1001] step=14600/15000 avg_step=35.5ms elapsed=518s eta=14s eval(20)=0.100
  [seed=1001] step=14800/15000 avg_step=35.5ms elapsed=525s eta=7s eval(20)=0.100
  [seed=1001] step=15000/15000 avg_step=35.5ms elapsed=532s eta=0s eval(20)=0.100
[zeroinit_energy_rank1] seed=1001 done: old_style=0.0000 eval_acc(100)=0.0900
[zeroinit_energy_rank1] starting seed=1002 (15000 steps)...
  [seed=1002] step=200/15000 avg_step=17.1ms elapsed=3s eta=252s eval(20)=0.100
  [seed=1002] step=400/15000 avg_step=17.9ms elapsed=7s eta=261s eval(20)=0.000
  [seed=1002] step=600/15000 avg_step=19.4ms elapsed=12s eta=280s eval(20)=0.050
  [seed=1002] step=800/15000 avg_step=21.3ms elapsed=17s eta=303s eval(20)=0.100
  [seed=1002] step=1000/15000 avg_step=22.5ms elapsed=22s eta=315s eval(20)=0.150
  [seed=1002] step=1200/15000 avg_step=24.7ms elapsed=30s eta=341s eval(20)=0.050
  [seed=1002] step=1400/15000 avg_step=26.4ms elapsed=37s eta=359s eval(20)=0.100
  [seed=1002] step=1600/15000 avg_step=27.6ms elapsed=44s eta=370s eval(20)=0.100
  [seed=1002] step=1800/15000 avg_step=28.5ms elapsed=51s eta=376s eval(20)=0.300
  [seed=1002] step=2000/15000 avg_step=29.2ms elapsed=58s eta=380s eval(20)=0.300
  [seed=1002] step=2200/15000 avg_step=29.8ms elapsed=66s eta=382s eval(20)=0.300
  [seed=1002] step=2400/15000 avg_step=30.3ms elapsed=73s eta=382s eval(20)=0.300
  [seed=1002] step=2600/15000 avg_step=30.7ms elapsed=80s eta=381s eval(20)=0.300
  [seed=1002] step=2800/15000 avg_step=31.1ms elapsed=87s eta=379s eval(20)=0.300
  [seed=1002] step=3000/15000 avg_step=31.4ms elapsed=94s eta=377s eval(20)=0.300
  [seed=1002] step=3200/15000 avg_step=31.7ms elapsed=101s eta=374s eval(20)=0.300
  [seed=1002] step=3400/15000 avg_step=31.9ms elapsed=108s eta=370s eval(20)=0.300
  [seed=1002] step=3600/15000 avg_step=32.1ms elapsed=116s eta=366s eval(20)=0.300
  [seed=1002] step=3800/15000 avg_step=32.3ms elapsed=123s eta=362s eval(20)=0.100
  [seed=1002] step=4000/15000 avg_step=32.5ms elapsed=130s eta=357s eval(20)=0.100
  [seed=1002] step=4200/15000 avg_step=32.6ms elapsed=137s eta=352s eval(20)=0.100
  [seed=1002] step=4400/15000 avg_step=32.8ms elapsed=144s eta=348s eval(20)=0.000
  [seed=1002] step=4600/15000 avg_step=33.0ms elapsed=152s eta=343s eval(20)=0.150
  [seed=1002] step=4800/15000 avg_step=33.2ms elapsed=159s eta=338s eval(20)=0.100
  [seed=1002] step=5000/15000 avg_step=33.3ms elapsed=166s eta=333s eval(20)=0.100
  [seed=1002] step=5200/15000 avg_step=33.4ms elapsed=173s eta=327s eval(20)=0.100
  [seed=1002] step=5400/15000 avg_step=33.4ms elapsed=180s eta=321s eval(20)=0.100
  [seed=1002] step=5600/15000 avg_step=33.5ms elapsed=187s eta=315s eval(20)=0.100
  [seed=1002] step=5800/15000 avg_step=33.5ms elapsed=194s eta=308s eval(20)=0.300
  [seed=1002] step=6000/15000 avg_step=33.6ms elapsed=201s eta=302s eval(20)=0.300
  [seed=1002] step=6200/15000 avg_step=33.6ms elapsed=208s eta=296s eval(20)=0.350
  [seed=1002] step=6400/15000 avg_step=33.6ms elapsed=215s eta=289s eval(20)=0.300
  [seed=1002] step=6600/15000 avg_step=33.7ms elapsed=222s eta=283s eval(20)=0.300
  [seed=1002] step=6800/15000 avg_step=33.7ms elapsed=229s eta=276s eval(20)=0.300
  [seed=1002] step=7000/15000 avg_step=33.7ms elapsed=236s eta=270s eval(20)=0.300
  [seed=1002] step=7200/15000 avg_step=33.7ms elapsed=243s eta=263s eval(20)=0.300
  [seed=1002] step=7400/15000 avg_step=33.8ms elapsed=250s eta=257s eval(20)=0.300
  [seed=1002] step=7600/15000 avg_step=33.8ms elapsed=257s eta=250s eval(20)=0.300
  [seed=1002] step=7800/15000 avg_step=33.8ms elapsed=264s eta=244s eval(20)=0.100
  [seed=1002] step=8000/15000 avg_step=33.9ms elapsed=271s eta=237s eval(20)=0.100
  [seed=1002] step=8200/15000 avg_step=33.9ms elapsed=278s eta=231s eval(20)=0.100
  [seed=1002] step=8400/15000 avg_step=33.9ms elapsed=285s eta=224s eval(20)=0.100
  [seed=1002] step=8600/15000 avg_step=34.0ms elapsed=292s eta=217s eval(20)=0.100
  [seed=1002] step=8800/15000 avg_step=34.0ms elapsed=299s eta=211s eval(20)=0.100
  [seed=1002] step=9000/15000 avg_step=34.0ms elapsed=306s eta=204s eval(20)=0.100
  [seed=1002] step=9200/15000 avg_step=34.0ms elapsed=313s eta=197s eval(20)=0.100
  [seed=1002] step=9400/15000 avg_step=34.0ms elapsed=320s eta=190s eval(20)=0.100
  [seed=1002] step=9600/15000 avg_step=34.0ms elapsed=327s eta=184s eval(20)=0.100
  [seed=1002] step=9800/15000 avg_step=34.0ms elapsed=334s eta=177s eval(20)=0.100
  [seed=1002] step=10000/15000 avg_step=34.1ms elapsed=341s eta=170s eval(20)=0.100
  [seed=1002] step=10200/15000 avg_step=34.1ms elapsed=347s eta=163s eval(20)=0.100
  [seed=1002] step=10400/15000 avg_step=34.1ms elapsed=354s eta=157s eval(20)=0.050
  [seed=1002] step=10600/15000 avg_step=34.1ms elapsed=361s eta=150s eval(20)=0.000
  [seed=1002] step=10800/15000 avg_step=34.1ms elapsed=368s eta=143s eval(20)=0.000
  [seed=1002] step=11000/15000 avg_step=34.1ms elapsed=375s eta=137s eval(20)=0.000
  [seed=1002] step=11200/15000 avg_step=34.1ms elapsed=382s eta=130s eval(20)=0.000
  [seed=1002] step=11400/15000 avg_step=34.1ms elapsed=389s eta=123s eval(20)=0.000
  [seed=1002] step=11600/15000 avg_step=34.2ms elapsed=396s eta=116s eval(20)=0.000
  [seed=1002] step=11800/15000 avg_step=34.2ms elapsed=403s eta=109s eval(20)=0.000
  [seed=1002] step=12000/15000 avg_step=34.2ms elapsed=410s eta=103s eval(20)=0.100
  [seed=1002] step=12200/15000 avg_step=34.2ms elapsed=417s eta=96s eval(20)=0.100
  [seed=1002] step=12400/15000 avg_step=34.2ms elapsed=424s eta=89s eval(20)=0.100
  [seed=1002] step=12600/15000 avg_step=34.2ms elapsed=431s eta=82s eval(20)=0.100
  [seed=1002] step=12800/15000 avg_step=34.2ms elapsed=438s eta=75s eval(20)=0.000
  [seed=1002] step=13000/15000 avg_step=34.2ms elapsed=445s eta=68s eval(20)=0.000
  [seed=1002] step=13200/15000 avg_step=34.2ms elapsed=452s eta=62s eval(20)=0.000
  [seed=1002] step=13400/15000 avg_step=34.2ms elapsed=459s eta=55s eval(20)=0.000
  [seed=1002] step=13600/15000 avg_step=34.3ms elapsed=466s eta=48s eval(20)=0.000
  [seed=1002] step=13800/15000 avg_step=34.3ms elapsed=473s eta=41s eval(20)=0.000
  [seed=1002] step=14000/15000 avg_step=34.3ms elapsed=480s eta=34s eval(20)=0.000
  [seed=1002] step=14200/15000 avg_step=34.3ms elapsed=487s eta=27s eval(20)=0.000
  [seed=1002] step=14400/15000 avg_step=34.3ms elapsed=494s eta=21s eval(20)=0.000
  [seed=1002] step=14600/15000 avg_step=34.3ms elapsed=501s eta=14s eval(20)=0.000
  [seed=1002] step=14800/15000 avg_step=34.3ms elapsed=508s eta=7s eval(20)=0.000
  [seed=1002] step=15000/15000 avg_step=34.3ms elapsed=514s eta=0s eval(20)=0.000
[zeroinit_energy_rank1] seed=1002 done: old_style=0.0000 eval_acc(100)=0.0300
[zeroinit_energy_rank1] starting seed=1003 (15000 steps)...
  [seed=1003] step=200/15000 avg_step=16.5ms elapsed=3s eta=245s eval(20)=0.000
  [seed=1003] step=400/15000 avg_step=17.3ms elapsed=7s eta=253s eval(20)=0.000
  [seed=1003] step=600/15000 avg_step=18.9ms elapsed=11s eta=272s eval(20)=0.000
  [seed=1003] step=800/15000 avg_step=20.8ms elapsed=17s eta=295s eval(20)=0.100
  [seed=1003] step=1000/15000 avg_step=22.0ms elapsed=22s eta=308s eval(20)=0.000
  [seed=1003] step=1200/15000 avg_step=24.3ms elapsed=29s eta=336s eval(20)=0.000
  [seed=1003] step=1400/15000 avg_step=26.1ms elapsed=37s eta=355s eval(20)=0.000
  [seed=1003] step=1600/15000 avg_step=27.4ms elapsed=44s eta=366s eval(20)=0.000
  [seed=1003] step=1800/15000 avg_step=28.3ms elapsed=51s eta=374s eval(20)=0.000
  [seed=1003] step=2000/15000 avg_step=29.2ms elapsed=58s eta=379s eval(20)=0.000
  [seed=1003] step=2200/15000 avg_step=29.9ms elapsed=66s eta=382s eval(20)=0.100
  [seed=1003] step=2400/15000 avg_step=30.4ms elapsed=73s eta=383s eval(20)=0.000
  [seed=1003] step=2600/15000 avg_step=30.9ms elapsed=80s eta=383s eval(20)=0.000
  [seed=1003] step=2800/15000 avg_step=31.3ms elapsed=88s eta=382s eval(20)=0.000
  [seed=1003] step=3000/15000 avg_step=31.7ms elapsed=95s eta=380s eval(20)=0.000
  [seed=1003] step=3200/15000 avg_step=32.0ms elapsed=102s eta=377s eval(20)=0.050
  [seed=1003] step=3400/15000 avg_step=32.2ms elapsed=110s eta=374s eval(20)=0.000
  [seed=1003] step=3600/15000 avg_step=32.5ms elapsed=117s eta=370s eval(20)=0.000
  [seed=1003] step=3800/15000 avg_step=32.7ms elapsed=124s eta=366s eval(20)=0.000
  [seed=1003] step=4000/15000 avg_step=32.9ms elapsed=132s eta=362s eval(20)=0.000
  [seed=1003] step=4200/15000 avg_step=33.1ms elapsed=139s eta=357s eval(20)=0.000
  [seed=1003] step=4400/15000 avg_step=33.3ms elapsed=146s eta=353s eval(20)=0.000
  [seed=1003] step=4600/15000 avg_step=33.4ms elapsed=154s eta=348s eval(20)=0.200
  [seed=1003] step=4800/15000 avg_step=33.6ms elapsed=161s eta=342s eval(20)=0.200
  [seed=1003] step=5000/15000 avg_step=33.7ms elapsed=168s eta=337s eval(20)=0.050
  [seed=1003] step=5200/15000 avg_step=33.8ms elapsed=176s eta=331s eval(20)=0.050
  [seed=1003] step=5400/15000 avg_step=33.9ms elapsed=183s eta=325s eval(20)=0.050
  [seed=1003] step=5600/15000 avg_step=34.0ms elapsed=190s eta=320s eval(20)=0.050
  [seed=1003] step=5800/15000 avg_step=34.1ms elapsed=198s eta=314s eval(20)=0.200
  [seed=1003] step=6000/15000 avg_step=34.2ms elapsed=205s eta=308s eval(20)=0.200
  [seed=1003] step=6200/15000 avg_step=34.3ms elapsed=212s eta=302s eval(20)=0.050
  [seed=1003] step=6400/15000 avg_step=34.4ms elapsed=220s eta=296s eval(20)=0.200
  [seed=1003] step=6600/15000 avg_step=34.4ms elapsed=227s eta=289s eval(20)=0.050
  [seed=1003] step=6800/15000 avg_step=34.5ms elapsed=235s eta=283s eval(20)=0.050
  [seed=1003] step=7000/15000 avg_step=34.6ms elapsed=242s eta=277s eval(20)=0.050
  [seed=1003] step=7200/15000 avg_step=34.7ms elapsed=250s eta=270s eval(20)=0.050
  [seed=1003] step=7400/15000 avg_step=34.7ms elapsed=257s eta=264s eval(20)=0.050
  [seed=1003] step=7600/15000 avg_step=34.8ms elapsed=264s eta=257s eval(20)=0.050
  [seed=1003] step=7800/15000 avg_step=34.9ms elapsed=272s eta=251s eval(20)=0.050
  [seed=1003] step=8000/15000 avg_step=34.9ms elapsed=279s eta=244s eval(20)=0.050
  [seed=1003] step=8200/15000 avg_step=35.0ms elapsed=287s eta=238s eval(20)=0.100
  [seed=1003] step=8400/15000 avg_step=35.0ms elapsed=294s eta=231s eval(20)=0.050
  [seed=1003] step=8600/15000 avg_step=35.1ms elapsed=302s eta=225s eval(20)=0.050
  [seed=1003] step=8800/15000 avg_step=35.2ms elapsed=309s eta=218s eval(20)=0.100
  [seed=1003] step=9000/15000 avg_step=35.2ms elapsed=317s eta=211s eval(20)=0.050
  [seed=1003] step=9200/15000 avg_step=35.2ms elapsed=324s eta=204s eval(20)=0.050
  [seed=1003] step=9400/15000 avg_step=35.3ms elapsed=332s eta=198s eval(20)=0.050
  [seed=1003] step=9600/15000 avg_step=35.3ms elapsed=339s eta=191s eval(20)=0.050
  [seed=1003] step=9800/15000 avg_step=35.4ms elapsed=347s eta=184s eval(20)=0.050
  [seed=1003] step=10000/15000 avg_step=35.5ms elapsed=355s eta=177s eval(20)=0.050
  [seed=1003] step=10200/15000 avg_step=35.6ms elapsed=363s eta=171s eval(20)=0.050
  [seed=1003] step=10400/15000 avg_step=35.6ms elapsed=371s eta=164s eval(20)=0.050
  [seed=1003] step=10600/15000 avg_step=35.7ms elapsed=378s eta=157s eval(20)=0.050
  [seed=1003] step=10800/15000 avg_step=35.7ms elapsed=385s eta=150s eval(20)=0.050
  [seed=1003] step=11000/15000 avg_step=35.7ms elapsed=393s eta=143s eval(20)=0.200
  [seed=1003] step=11200/15000 avg_step=35.7ms elapsed=400s eta=136s eval(20)=0.050
  [seed=1003] step=11400/15000 avg_step=35.8ms elapsed=408s eta=129s eval(20)=0.050
  [seed=1003] step=11600/15000 avg_step=35.8ms elapsed=415s eta=122s eval(20)=0.050
  [seed=1003] step=11800/15000 avg_step=35.8ms elapsed=423s eta=115s eval(20)=0.050
  [seed=1003] step=12000/15000 avg_step=35.8ms elapsed=430s eta=108s eval(20)=0.050
  [seed=1003] step=12200/15000 avg_step=35.9ms elapsed=438s eta=100s eval(20)=0.050
  [seed=1003] step=12400/15000 avg_step=35.9ms elapsed=445s eta=93s eval(20)=0.050
  [seed=1003] step=12600/15000 avg_step=35.9ms elapsed=452s eta=86s eval(20)=0.000
  [seed=1003] step=12800/15000 avg_step=35.9ms elapsed=460s eta=79s eval(20)=0.050
  [seed=1003] step=13000/15000 avg_step=35.9ms elapsed=467s eta=72s eval(20)=0.100
  [seed=1003] step=13200/15000 avg_step=36.0ms elapsed=475s eta=65s eval(20)=0.100
  [seed=1003] step=13400/15000 avg_step=36.0ms elapsed=482s eta=58s eval(20)=0.000
  [seed=1003] step=13600/15000 avg_step=36.1ms elapsed=490s eta=50s eval(20)=0.050
  [seed=1003] step=13800/15000 avg_step=36.1ms elapsed=498s eta=43s eval(20)=0.050
  [seed=1003] step=14000/15000 avg_step=36.1ms elapsed=506s eta=36s eval(20)=0.050
  [seed=1003] step=14200/15000 avg_step=36.2ms elapsed=513s eta=29s eval(20)=0.050
  [seed=1003] step=14400/15000 avg_step=36.2ms elapsed=521s eta=22s eval(20)=0.050
  [seed=1003] step=14600/15000 avg_step=36.2ms elapsed=529s eta=14s eval(20)=0.050
  [seed=1003] step=14800/15000 avg_step=36.2ms elapsed=536s eta=7s eval(20)=0.050
  [seed=1003] step=15000/15000 avg_step=36.3ms elapsed=544s eta=0s eval(20)=0.050
[zeroinit_energy_rank1] seed=1003 done: old_style=0.0000 eval_acc(100)=0.0900
[zeroinit_energy_rank1] starting seed=1004 (15000 steps)...
  [seed=1004] step=200/15000 avg_step=18.1ms elapsed=4s eta=267s eval(20)=0.050
  [seed=1004] step=400/15000 avg_step=19.0ms elapsed=8s eta=278s eval(20)=0.050
  [seed=1004] step=600/15000 avg_step=20.8ms elapsed=13s eta=300s eval(20)=0.050
  [seed=1004] step=800/15000 avg_step=22.9ms elapsed=18s eta=326s eval(20)=0.100
  [seed=1004] step=1000/15000 avg_step=24.2ms elapsed=24s eta=339s eval(20)=0.050
  [seed=1004] step=1200/15000 avg_step=26.6ms elapsed=32s eta=368s eval(20)=0.050
  [seed=1004] step=1400/15000 avg_step=28.3ms elapsed=40s eta=385s eval(20)=0.050
  [seed=1004] step=1600/15000 avg_step=29.3ms elapsed=47s eta=393s eval(20)=0.050
  [seed=1004] step=1800/15000 avg_step=30.2ms elapsed=54s eta=399s eval(20)=0.050
  [seed=1004] step=2000/15000 avg_step=31.1ms elapsed=62s eta=404s eval(20)=0.050
  [seed=1004] step=2200/15000 avg_step=32.0ms elapsed=70s eta=410s eval(20)=0.100
  [seed=1004] step=2400/15000 avg_step=32.7ms elapsed=78s eta=412s eval(20)=0.100
  [seed=1004] step=2600/15000 avg_step=33.2ms elapsed=86s eta=412s eval(20)=0.100
  [seed=1004] step=2800/15000 avg_step=33.5ms elapsed=94s eta=409s eval(20)=0.050
  [seed=1004] step=3000/15000 avg_step=33.8ms elapsed=101s eta=405s eval(20)=0.050
  [seed=1004] step=3200/15000 avg_step=34.0ms elapsed=109s eta=401s eval(20)=0.050
  [seed=1004] step=3400/15000 avg_step=34.1ms elapsed=116s eta=396s eval(20)=0.050
  [seed=1004] step=3600/15000 avg_step=34.3ms elapsed=123s eta=391s eval(20)=0.050
  [seed=1004] step=3800/15000 avg_step=34.5ms elapsed=131s eta=386s eval(20)=0.050
  [seed=1004] step=4000/15000 avg_step=34.7ms elapsed=139s eta=381s eval(20)=0.050
  [seed=1004] step=4200/15000 avg_step=34.9ms elapsed=146s eta=376s eval(20)=0.050
  [seed=1004] step=4400/15000 avg_step=34.9ms elapsed=154s eta=370s eval(20)=0.050
  [seed=1004] step=4600/15000 avg_step=35.0ms elapsed=161s eta=364s eval(20)=0.050
  [seed=1004] step=4800/15000 avg_step=35.0ms elapsed=168s eta=357s eval(20)=0.050
  [seed=1004] step=5000/15000 avg_step=35.0ms elapsed=175s eta=350s eval(20)=0.050
  [seed=1004] step=5200/15000 avg_step=35.1ms elapsed=182s eta=344s eval(20)=0.050
  [seed=1004] step=5400/15000 avg_step=35.1ms elapsed=189s eta=337s eval(20)=0.050
  [seed=1004] step=5600/15000 avg_step=35.1ms elapsed=197s eta=330s eval(20)=0.050
  [seed=1004] step=5800/15000 avg_step=35.1ms elapsed=204s eta=323s eval(20)=0.050
  [seed=1004] step=6000/15000 avg_step=35.2ms elapsed=211s eta=317s eval(20)=0.050
  [seed=1004] step=6200/15000 avg_step=35.2ms elapsed=218s eta=310s eval(20)=0.050
  [seed=1004] step=6400/15000 avg_step=35.2ms elapsed=226s eta=303s eval(20)=0.050
  [seed=1004] step=6600/15000 avg_step=35.3ms elapsed=233s eta=297s eval(20)=0.050
  [seed=1004] step=6800/15000 avg_step=35.4ms elapsed=241s eta=290s eval(20)=0.050
  [seed=1004] step=7000/15000 avg_step=35.5ms elapsed=248s eta=284s eval(20)=0.050
  [seed=1004] step=7200/15000 avg_step=35.6ms elapsed=256s eta=278s eval(20)=0.050
  [seed=1004] step=7400/15000 avg_step=35.6ms elapsed=264s eta=271s eval(20)=0.050
  [seed=1004] step=7600/15000 avg_step=35.7ms elapsed=271s eta=264s eval(20)=0.050
  [seed=1004] step=7800/15000 avg_step=35.8ms elapsed=279s eta=257s eval(20)=0.050
  [seed=1004] step=8000/15000 avg_step=35.8ms elapsed=286s eta=251s eval(20)=0.050
  [seed=1004] step=8200/15000 avg_step=35.8ms elapsed=294s eta=244s eval(20)=0.050
  [seed=1004] step=8400/15000 avg_step=35.9ms elapsed=301s eta=237s eval(20)=0.050
  [seed=1004] step=8600/15000 avg_step=35.9ms elapsed=309s eta=230s eval(20)=0.050
  [seed=1004] step=8800/15000 avg_step=36.0ms elapsed=316s eta=223s eval(20)=0.050
  [seed=1004] step=9000/15000 avg_step=36.0ms elapsed=324s eta=216s eval(20)=0.050
  [seed=1004] step=9200/15000 avg_step=36.0ms elapsed=331s eta=209s eval(20)=0.050
  [seed=1004] step=9400/15000 avg_step=36.1ms elapsed=339s eta=202s eval(20)=0.050
  [seed=1004] step=9600/15000 avg_step=36.1ms elapsed=346s eta=195s eval(20)=0.050
  [seed=1004] step=9800/15000 avg_step=36.1ms elapsed=354s eta=188s eval(20)=0.050
  [seed=1004] step=10000/15000 avg_step=36.2ms elapsed=362s eta=181s eval(20)=0.050
  [seed=1004] step=10200/15000 avg_step=36.2ms elapsed=369s eta=174s eval(20)=0.050
  [seed=1004] step=10400/15000 avg_step=36.2ms elapsed=377s eta=167s eval(20)=0.050
  [seed=1004] step=10600/15000 avg_step=36.3ms elapsed=385s eta=160s eval(20)=0.050
  [seed=1004] step=10800/15000 avg_step=36.4ms elapsed=393s eta=153s eval(20)=0.050
  [seed=1004] step=11000/15000 avg_step=36.4ms elapsed=401s eta=146s eval(20)=0.050
  [seed=1004] step=11200/15000 avg_step=36.4ms elapsed=408s eta=138s eval(20)=0.050
  [seed=1004] step=11400/15000 avg_step=36.4ms elapsed=415s eta=131s eval(20)=0.050
  [seed=1004] step=11600/15000 avg_step=36.4ms elapsed=423s eta=124s eval(20)=0.050
  [seed=1004] step=11800/15000 avg_step=36.5ms elapsed=430s eta=117s eval(20)=0.050
  [seed=1004] step=12000/15000 avg_step=36.5ms elapsed=438s eta=109s eval(20)=0.050
  [seed=1004] step=12200/15000 avg_step=36.5ms elapsed=445s eta=102s eval(20)=0.050
  [seed=1004] step=12400/15000 avg_step=36.5ms elapsed=453s eta=95s eval(20)=0.050
  [seed=1004] step=12600/15000 avg_step=36.5ms elapsed=460s eta=88s eval(20)=0.050
  [seed=1004] step=12800/15000 avg_step=36.5ms elapsed=467s eta=80s eval(20)=0.050
  [seed=1004] step=13000/15000 avg_step=36.5ms elapsed=475s eta=73s eval(20)=0.050
  [seed=1004] step=13200/15000 avg_step=36.5ms elapsed=482s eta=66s eval(20)=0.050
  [seed=1004] step=13400/15000 avg_step=36.5ms elapsed=489s eta=58s eval(20)=0.050
  [seed=1004] step=13600/15000 avg_step=36.5ms elapsed=496s eta=51s eval(20)=0.050
  [seed=1004] step=13800/15000 avg_step=36.5ms elapsed=504s eta=44s eval(20)=0.050
  [seed=1004] step=14000/15000 avg_step=36.5ms elapsed=511s eta=36s eval(20)=0.050
  [seed=1004] step=14200/15000 avg_step=36.5ms elapsed=518s eta=29s eval(20)=0.050
  [seed=1004] step=14400/15000 avg_step=36.5ms elapsed=525s eta=22s eval(20)=0.050
  [seed=1004] step=14600/15000 avg_step=36.5ms elapsed=533s eta=15s eval(20)=0.050
  [seed=1004] step=14800/15000 avg_step=36.5ms elapsed=540s eta=7s eval(20)=0.050
  [seed=1004] step=15000/15000 avg_step=36.5ms elapsed=547s eta=0s eval(20)=0.050
[zeroinit_energy_rank1] seed=1004 done: old_style=0.3333 eval_acc(100)=0.1100
[zeroinit_energy_rank1] CONFIG DONE: old_style_mean=0.0667 eval_acc_mean=0.0820 eval_per_seed=[0.09, 0.09, 0.03, 0.09, 0.11] skip_rate=0.000% avg_step=35.4ms

[zeroinit_energy_rank2] starting seed=1000 (15000 steps)...
  [seed=1000] step=200/15000 avg_step=17.6ms elapsed=4s eta=260s eval(20)=0.150
  [seed=1000] step=400/15000 avg_step=18.4ms elapsed=7s eta=269s eval(20)=0.200
  [seed=1000] step=600/15000 avg_step=20.1ms elapsed=12s eta=290s eval(20)=0.200
  [seed=1000] step=800/15000 avg_step=22.1ms elapsed=18s eta=314s eval(20)=0.200
  [seed=1000] step=1000/15000 avg_step=23.3ms elapsed=23s eta=327s eval(20)=0.150
  [seed=1000] step=1200/15000 avg_step=25.7ms elapsed=31s eta=354s eval(20)=0.200
  [seed=1000] step=1400/15000 avg_step=27.2ms elapsed=38s eta=370s eval(20)=0.050
  [seed=1000] step=1600/15000 avg_step=28.4ms elapsed=45s eta=381s eval(20)=0.200
  [seed=1000] step=1800/15000 avg_step=29.3ms elapsed=53s eta=387s eval(20)=0.200
  [seed=1000] step=2000/15000 avg_step=30.0ms elapsed=60s eta=391s eval(20)=0.200
  [seed=1000] step=2200/15000 avg_step=30.6ms elapsed=67s eta=392s eval(20)=0.200
  [seed=1000] step=2400/15000 avg_step=31.1ms elapsed=75s eta=392s eval(20)=0.200
  [seed=1000] step=2600/15000 avg_step=31.5ms elapsed=82s eta=391s eval(20)=0.200
  [seed=1000] step=2800/15000 avg_step=31.9ms elapsed=89s eta=389s eval(20)=0.050
  [seed=1000] step=3000/15000 avg_step=32.3ms elapsed=97s eta=387s eval(20)=0.050
  [seed=1000] step=3200/15000 avg_step=32.5ms elapsed=104s eta=384s eval(20)=0.050
  [seed=1000] step=3400/15000 avg_step=32.8ms elapsed=112s eta=381s eval(20)=0.050
  [seed=1000] step=3600/15000 avg_step=33.0ms elapsed=119s eta=377s eval(20)=0.050
  [seed=1000] step=3800/15000 avg_step=33.3ms elapsed=126s eta=372s eval(20)=0.050
  [seed=1000] step=4000/15000 avg_step=33.4ms elapsed=134s eta=368s eval(20)=0.100
  [seed=1000] step=4200/15000 avg_step=33.6ms elapsed=141s eta=363s eval(20)=0.100
  [seed=1000] step=4400/15000 avg_step=33.7ms elapsed=148s eta=358s eval(20)=0.100
  [seed=1000] step=4600/15000 avg_step=33.9ms elapsed=156s eta=352s eval(20)=0.100
  [seed=1000] step=4800/15000 avg_step=34.0ms elapsed=163s eta=347s eval(20)=0.150
  [seed=1000] step=5000/15000 avg_step=34.1ms elapsed=171s eta=341s eval(20)=0.150
  [seed=1000] step=5200/15000 avg_step=34.2ms elapsed=178s eta=335s eval(20)=0.150
  [seed=1000] step=5400/15000 avg_step=34.3ms elapsed=185s eta=330s eval(20)=0.150
  [seed=1000] step=5600/15000 avg_step=34.4ms elapsed=193s eta=324s eval(20)=0.150
  [seed=1000] step=5800/15000 avg_step=34.5ms elapsed=200s eta=317s eval(20)=0.050
  [seed=1000] step=6000/15000 avg_step=34.6ms elapsed=207s eta=311s eval(20)=0.050
  [seed=1000] step=6200/15000 avg_step=34.7ms elapsed=215s eta=305s eval(20)=0.050
  [seed=1000] step=6400/15000 avg_step=34.7ms elapsed=222s eta=299s eval(20)=0.050
  [seed=1000] step=6600/15000 avg_step=34.8ms elapsed=230s eta=292s eval(20)=0.050
  [seed=1000] step=6800/15000 avg_step=34.9ms elapsed=237s eta=286s eval(20)=0.050
  [seed=1000] step=7000/15000 avg_step=34.9ms elapsed=245s eta=280s eval(20)=0.050
  [seed=1000] step=7200/15000 avg_step=35.0ms elapsed=252s eta=273s eval(20)=0.050
  [seed=1000] step=7400/15000 avg_step=35.0ms elapsed=259s eta=266s eval(20)=0.200
  [seed=1000] step=7600/15000 avg_step=35.1ms elapsed=267s eta=260s eval(20)=0.050
  [seed=1000] step=7800/15000 avg_step=35.1ms elapsed=274s eta=253s eval(20)=0.050
  [seed=1000] step=8000/15000 avg_step=35.2ms elapsed=282s eta=246s eval(20)=0.050
  [seed=1000] step=8200/15000 avg_step=35.2ms elapsed=289s eta=240s eval(20)=0.050
  [seed=1000] step=8400/15000 avg_step=35.3ms elapsed=297s eta=233s eval(20)=0.050
  [seed=1000] step=8600/15000 avg_step=35.3ms elapsed=304s eta=226s eval(20)=0.050
  [seed=1000] step=8800/15000 avg_step=35.4ms elapsed=311s eta=219s eval(20)=0.050
  [seed=1000] step=9000/15000 avg_step=35.4ms elapsed=319s eta=213s eval(20)=0.050
  [seed=1000] step=9200/15000 avg_step=35.5ms elapsed=326s eta=206s eval(20)=0.050
  [seed=1000] step=9400/15000 avg_step=35.5ms elapsed=334s eta=199s eval(20)=0.200
  [seed=1000] step=9600/15000 avg_step=35.6ms elapsed=341s eta=192s eval(20)=0.050
  [seed=1000] step=9800/15000 avg_step=35.6ms elapsed=349s eta=185s eval(20)=0.050
  [seed=1000] step=10000/15000 avg_step=35.6ms elapsed=356s eta=178s eval(20)=0.050
  [seed=1000] step=10200/15000 avg_step=35.7ms elapsed=364s eta=171s eval(20)=0.050
  [seed=1000] step=10400/15000 avg_step=35.7ms elapsed=372s eta=164s eval(20)=0.000
  [seed=1000] step=10600/15000 avg_step=35.8ms elapsed=379s eta=157s eval(20)=0.000
  [seed=1000] step=10800/15000 avg_step=35.8ms elapsed=387s eta=151s eval(20)=0.000
  [seed=1000] step=11000/15000 avg_step=35.9ms elapsed=395s eta=144s eval(20)=0.000
  [seed=1000] step=11200/15000 avg_step=35.9ms elapsed=402s eta=136s eval(20)=0.000
  [seed=1000] step=11400/15000 avg_step=36.0ms elapsed=410s eta=129s eval(20)=0.150
  [seed=1000] step=11600/15000 avg_step=36.0ms elapsed=417s eta=122s eval(20)=0.050
  [seed=1000] step=11800/15000 avg_step=36.0ms elapsed=425s eta=115s eval(20)=0.150
  [seed=1000] step=12000/15000 avg_step=36.0ms elapsed=432s eta=108s eval(20)=0.150
  [seed=1000] step=12200/15000 avg_step=36.0ms elapsed=439s eta=101s eval(20)=0.150
  [seed=1000] step=12400/15000 avg_step=36.0ms elapsed=446s eta=94s eval(20)=0.050
  [seed=1000] step=12600/15000 avg_step=36.0ms elapsed=453s eta=86s eval(20)=0.050
  [seed=1000] step=12800/15000 avg_step=36.0ms elapsed=460s eta=79s eval(20)=0.050
  [seed=1000] step=13000/15000 avg_step=36.0ms elapsed=467s eta=72s eval(20)=0.200
  [seed=1000] step=13200/15000 avg_step=36.0ms elapsed=475s eta=65s eval(20)=0.100
  [seed=1000] step=13400/15000 avg_step=35.9ms elapsed=482s eta=58s eval(20)=0.050
  [seed=1000] step=13600/15000 avg_step=36.0ms elapsed=489s eta=50s eval(20)=0.050
  [seed=1000] step=13800/15000 avg_step=35.9ms elapsed=496s eta=43s eval(20)=0.050
  [seed=1000] step=14000/15000 avg_step=35.9ms elapsed=503s eta=36s eval(20)=0.050
  [seed=1000] step=14200/15000 avg_step=35.9ms elapsed=510s eta=29s eval(20)=0.050
  [seed=1000] step=14400/15000 avg_step=35.9ms elapsed=518s eta=22s eval(20)=0.050
  [seed=1000] step=14600/15000 avg_step=35.9ms elapsed=525s eta=14s eval(20)=0.050
  [seed=1000] step=14800/15000 avg_step=35.9ms elapsed=532s eta=7s eval(20)=0.050
  [seed=1000] step=15000/15000 avg_step=35.9ms elapsed=539s eta=0s eval(20)=0.050
[zeroinit_energy_rank2] seed=1000 done: old_style=0.0000 eval_acc(100)=0.1100
[zeroinit_energy_rank2] starting seed=1001 (15000 steps)...
  [seed=1001] step=200/15000 avg_step=17.6ms elapsed=4s eta=261s eval(20)=0.100
  [seed=1001] step=400/15000 avg_step=18.4ms elapsed=7s eta=269s eval(20)=0.000
  [seed=1001] step=600/15000 avg_step=20.3ms elapsed=12s eta=292s eval(20)=0.100
  [seed=1001] step=800/15000 avg_step=22.3ms elapsed=18s eta=316s eval(20)=0.150
  [seed=1001] step=1000/15000 avg_step=23.4ms elapsed=23s eta=328s eval(20)=0.150
  [seed=1001] step=1200/15000 avg_step=25.8ms elapsed=31s eta=356s eval(20)=0.000
  [seed=1001] step=1400/15000 avg_step=27.4ms elapsed=38s eta=372s eval(20)=0.150
  [seed=1001] step=1600/15000 avg_step=28.9ms elapsed=46s eta=387s eval(20)=0.150
  [seed=1001] step=1800/15000 avg_step=29.8ms elapsed=54s eta=394s eval(20)=0.150
  [seed=1001] step=2000/15000 avg_step=30.7ms elapsed=61s eta=399s eval(20)=0.150
  [seed=1001] step=2200/15000 avg_step=31.3ms elapsed=69s eta=401s eval(20)=0.000
  [seed=1001] step=2400/15000 avg_step=31.9ms elapsed=76s eta=401s eval(20)=0.150
  [seed=1001] step=2600/15000 avg_step=32.3ms elapsed=84s eta=401s eval(20)=0.000
  [seed=1001] step=2800/15000 avg_step=32.8ms elapsed=92s eta=400s eval(20)=0.050
  [seed=1001] step=3000/15000 avg_step=33.2ms elapsed=100s eta=398s eval(20)=0.100
  [seed=1001] step=3200/15000 avg_step=33.7ms elapsed=108s eta=398s eval(20)=0.050
  [seed=1001] step=3400/15000 avg_step=34.2ms elapsed=116s eta=397s eval(20)=0.100
  [seed=1001] step=3600/15000 avg_step=34.5ms elapsed=124s eta=394s eval(20)=0.100
  [seed=1001] step=3800/15000 avg_step=34.8ms elapsed=132s eta=390s eval(20)=0.100
  [seed=1001] step=4000/15000 avg_step=35.0ms elapsed=140s eta=385s eval(20)=0.100
  [seed=1001] step=4200/15000 avg_step=35.2ms elapsed=148s eta=380s eval(20)=0.100
  [seed=1001] step=4400/15000 avg_step=35.3ms elapsed=155s eta=374s eval(20)=0.100
  [seed=1001] step=4600/15000 avg_step=35.4ms elapsed=163s eta=369s eval(20)=0.100
  [seed=1001] step=4800/15000 avg_step=35.5ms elapsed=171s eta=363s eval(20)=0.100
  [seed=1001] step=5000/15000 avg_step=35.7ms elapsed=178s eta=357s eval(20)=0.100
  [seed=1001] step=5200/15000 avg_step=35.8ms elapsed=186s eta=350s eval(20)=0.100
  [seed=1001] step=5400/15000 avg_step=35.8ms elapsed=193s eta=344s eval(20)=0.150
  [seed=1001] step=5600/15000 avg_step=35.9ms elapsed=201s eta=337s eval(20)=0.050
  [seed=1001] step=5800/15000 avg_step=36.0ms elapsed=209s eta=331s eval(20)=0.100
  [seed=1001] step=6000/15000 avg_step=36.0ms elapsed=216s eta=324s eval(20)=0.100
  [seed=1001] step=6200/15000 avg_step=36.1ms elapsed=224s eta=317s eval(20)=0.100
  [seed=1001] step=6400/15000 avg_step=36.1ms elapsed=231s eta=311s eval(20)=0.050
  [seed=1001] step=6600/15000 avg_step=36.2ms elapsed=239s eta=304s eval(20)=0.100
  [seed=1001] step=6800/15000 avg_step=36.2ms elapsed=246s eta=297s eval(20)=0.100
  [seed=1001] step=7000/15000 avg_step=36.2ms elapsed=253s eta=290s eval(20)=0.100
  [seed=1001] step=7200/15000 avg_step=36.2ms elapsed=261s eta=283s eval(20)=0.100
  [seed=1001] step=7400/15000 avg_step=36.2ms elapsed=268s eta=275s eval(20)=0.100
  [seed=1001] step=7600/15000 avg_step=36.2ms elapsed=275s eta=268s eval(20)=0.100
  [seed=1001] step=7800/15000 avg_step=36.3ms elapsed=283s eta=261s eval(20)=0.100
  [seed=1001] step=8000/15000 avg_step=36.3ms elapsed=290s eta=254s eval(20)=0.100
  [seed=1001] step=8200/15000 avg_step=36.3ms elapsed=298s eta=247s eval(20)=0.100
  [seed=1001] step=8400/15000 avg_step=36.3ms elapsed=305s eta=240s eval(20)=0.100
  [seed=1001] step=8600/15000 avg_step=36.3ms elapsed=312s eta=232s eval(20)=0.100
  [seed=1001] step=8800/15000 avg_step=36.3ms elapsed=320s eta=225s eval(20)=0.150
  [seed=1001] step=9000/15000 avg_step=36.3ms elapsed=327s eta=218s eval(20)=0.100
  [seed=1001] step=9200/15000 avg_step=36.4ms elapsed=334s eta=211s eval(20)=0.050
  [seed=1001] step=9400/15000 avg_step=36.4ms elapsed=342s eta=204s eval(20)=0.050
  [seed=1001] step=9600/15000 avg_step=36.4ms elapsed=349s eta=196s eval(20)=0.100
  [seed=1001] step=9800/15000 avg_step=36.4ms elapsed=357s eta=189s eval(20)=0.100
  [seed=1001] step=10000/15000 avg_step=36.4ms elapsed=364s eta=182s eval(20)=0.050
  [seed=1001] step=10200/15000 avg_step=36.4ms elapsed=371s eta=175s eval(20)=0.100
  [seed=1001] step=10400/15000 avg_step=36.4ms elapsed=378s eta=167s eval(20)=0.100
  [seed=1001] step=10600/15000 avg_step=36.4ms elapsed=386s eta=160s eval(20)=0.100
  [seed=1001] step=10800/15000 avg_step=36.4ms elapsed=393s eta=153s eval(20)=0.100
  [seed=1001] step=11000/15000 avg_step=36.4ms elapsed=401s eta=146s eval(20)=0.100
  [seed=1001] step=11200/15000 avg_step=36.4ms elapsed=408s eta=138s eval(20)=0.100
  [seed=1001] step=11400/15000 avg_step=36.4ms elapsed=415s eta=131s eval(20)=0.000
  [seed=1001] step=11600/15000 avg_step=36.4ms elapsed=423s eta=124s eval(20)=0.000
  [seed=1001] step=11800/15000 avg_step=36.5ms elapsed=430s eta=117s eval(20)=0.000
  [seed=1001] step=12000/15000 avg_step=36.5ms elapsed=437s eta=109s eval(20)=0.000
  [seed=1001] step=12200/15000 avg_step=36.5ms elapsed=445s eta=102s eval(20)=0.000
  [seed=1001] step=12400/15000 avg_step=36.5ms elapsed=452s eta=95s eval(20)=0.200
  [seed=1001] step=12600/15000 avg_step=36.5ms elapsed=460s eta=88s eval(20)=0.100
  [seed=1001] step=12800/15000 avg_step=36.5ms elapsed=467s eta=80s eval(20)=0.000
  [seed=1001] step=13000/15000 avg_step=36.5ms elapsed=475s eta=73s eval(20)=0.000
  [seed=1001] step=13200/15000 avg_step=36.5ms elapsed=482s eta=66s eval(20)=0.100
  [seed=1001] step=13400/15000 avg_step=36.5ms elapsed=489s eta=58s eval(20)=0.100
  [seed=1001] step=13600/15000 avg_step=36.5ms elapsed=497s eta=51s eval(20)=0.000
  [seed=1001] step=13800/15000 avg_step=36.5ms elapsed=504s eta=44s eval(20)=0.000
  [seed=1001] step=14000/15000 avg_step=36.5ms elapsed=511s eta=37s eval(20)=0.000
  [seed=1001] step=14200/15000 avg_step=36.5ms elapsed=519s eta=29s eval(20)=0.000
  [seed=1001] step=14400/15000 avg_step=36.5ms elapsed=526s eta=22s eval(20)=0.000
  [seed=1001] step=14600/15000 avg_step=36.5ms elapsed=534s eta=15s eval(20)=0.000
  [seed=1001] step=14800/15000 avg_step=36.6ms elapsed=541s eta=7s eval(20)=0.200
  [seed=1001] step=15000/15000 avg_step=36.6ms elapsed=548s eta=0s eval(20)=0.200
[zeroinit_energy_rank2] seed=1001 done: old_style=0.0000 eval_acc(100)=0.1400
[zeroinit_energy_rank2] starting seed=1002 (15000 steps)...
  [seed=1002] step=200/15000 avg_step=17.6ms elapsed=4s eta=261s eval(20)=0.050
  [seed=1002] step=400/15000 avg_step=18.3ms elapsed=7s eta=267s eval(20)=0.050
  [seed=1002] step=600/15000 avg_step=20.0ms elapsed=12s eta=288s eval(20)=0.050
  [seed=1002] step=800/15000 avg_step=21.9ms elapsed=18s eta=312s eval(20)=0.050
  [seed=1002] step=1000/15000 avg_step=23.2ms elapsed=23s eta=325s eval(20)=0.300
  [seed=1002] step=1200/15000 avg_step=25.7ms elapsed=31s eta=355s eval(20)=0.050
  [seed=1002] step=1400/15000 avg_step=27.3ms elapsed=38s eta=371s eval(20)=0.000
  [seed=1002] step=1600/15000 avg_step=28.5ms elapsed=46s eta=382s eval(20)=0.000
  [seed=1002] step=1800/15000 avg_step=29.4ms elapsed=53s eta=388s eval(20)=0.000
  [seed=1002] step=2000/15000 avg_step=30.2ms elapsed=60s eta=392s eval(20)=0.000
  [seed=1002] step=2200/15000 avg_step=30.7ms elapsed=68s eta=394s eval(20)=0.000
  [seed=1002] step=2400/15000 avg_step=31.3ms elapsed=75s eta=394s eval(20)=0.000
  [seed=1002] step=2600/15000 avg_step=31.7ms elapsed=82s eta=393s eval(20)=0.300
  [seed=1002] step=2800/15000 avg_step=32.1ms elapsed=90s eta=391s eval(20)=0.000
  [seed=1002] step=3000/15000 avg_step=32.4ms elapsed=97s eta=388s eval(20)=0.000
  [seed=1002] step=3200/15000 avg_step=32.7ms elapsed=105s eta=386s eval(20)=0.150
  [seed=1002] step=3400/15000 avg_step=32.9ms elapsed=112s eta=382s eval(20)=0.000
  [seed=1002] step=3600/15000 avg_step=33.1ms elapsed=119s eta=378s eval(20)=0.000
  [seed=1002] step=3800/15000 avg_step=33.3ms elapsed=127s eta=373s eval(20)=0.050
  [seed=1002] step=4000/15000 avg_step=33.5ms elapsed=134s eta=368s eval(20)=0.000
  [seed=1002] step=4200/15000 avg_step=33.7ms elapsed=141s eta=363s eval(20)=0.300
  [seed=1002] step=4400/15000 avg_step=33.8ms elapsed=149s eta=358s eval(20)=0.000
  [seed=1002] step=4600/15000 avg_step=33.9ms elapsed=156s eta=353s eval(20)=0.000
  [seed=1002] step=4800/15000 avg_step=34.1ms elapsed=163s eta=347s eval(20)=0.000
  [seed=1002] step=5000/15000 avg_step=34.2ms elapsed=171s eta=342s eval(20)=0.000
  [seed=1002] step=5200/15000 avg_step=34.3ms elapsed=178s eta=336s eval(20)=0.000
  [seed=1002] step=5400/15000 avg_step=34.4ms elapsed=186s eta=330s eval(20)=0.050
  [seed=1002] step=5600/15000 avg_step=34.5ms elapsed=193s eta=324s eval(20)=0.000
  [seed=1002] step=5800/15000 avg_step=34.6ms elapsed=200s eta=318s eval(20)=0.000
  [seed=1002] step=6000/15000 avg_step=34.6ms elapsed=208s eta=312s eval(20)=0.100
  [seed=1002] step=6200/15000 avg_step=34.7ms elapsed=215s eta=305s eval(20)=0.100
  [seed=1002] step=6400/15000 avg_step=34.8ms elapsed=223s eta=299s eval(20)=0.100
  [seed=1002] step=6600/15000 avg_step=34.8ms elapsed=230s eta=293s eval(20)=0.100
  [seed=1002] step=6800/15000 avg_step=34.9ms elapsed=237s eta=286s eval(20)=0.100
  [seed=1002] step=7000/15000 avg_step=35.0ms elapsed=245s eta=280s eval(20)=0.100
  [seed=1002] step=7200/15000 avg_step=35.0ms elapsed=252s eta=273s eval(20)=0.100
  [seed=1002] step=7400/15000 avg_step=35.1ms elapsed=259s eta=266s eval(20)=0.100
  [seed=1002] step=7600/15000 avg_step=35.1ms elapsed=267s eta=260s eval(20)=0.100
  [seed=1002] step=7800/15000 avg_step=35.1ms elapsed=274s eta=253s eval(20)=0.100
  [seed=1002] step=8000/15000 avg_step=35.2ms elapsed=282s eta=246s eval(20)=0.000
  [seed=1002] step=8200/15000 avg_step=35.2ms elapsed=289s eta=240s eval(20)=0.000
  [seed=1002] step=8400/15000 avg_step=35.3ms elapsed=296s eta=233s eval(20)=0.100
  [seed=1002] step=8600/15000 avg_step=35.3ms elapsed=304s eta=226s eval(20)=0.000
  [seed=1002] step=8800/15000 avg_step=35.3ms elapsed=311s eta=219s eval(20)=0.000
  [seed=1002] step=9000/15000 avg_step=35.4ms elapsed=318s eta=212s eval(20)=0.300
  [seed=1002] step=9200/15000 avg_step=35.4ms elapsed=326s eta=205s eval(20)=0.300
  [seed=1002] step=9400/15000 avg_step=35.4ms elapsed=333s eta=198s eval(20)=0.050
  [seed=1002] step=9600/15000 avg_step=35.4ms elapsed=340s eta=191s eval(20)=0.050
  [seed=1002] step=9800/15000 avg_step=35.5ms elapsed=348s eta=184s eval(20)=0.000
  [seed=1002] step=10000/15000 avg_step=35.5ms elapsed=355s eta=177s eval(20)=0.100
  [seed=1002] step=10200/15000 avg_step=35.5ms elapsed=362s eta=170s eval(20)=0.100
  [seed=1002] step=10400/15000 avg_step=35.5ms elapsed=370s eta=163s eval(20)=0.300
  [seed=1002] step=10600/15000 avg_step=35.5ms elapsed=377s eta=156s eval(20)=0.250
  [seed=1002] step=10800/15000 avg_step=35.6ms elapsed=384s eta=149s eval(20)=0.200
  [seed=1002] step=11000/15000 avg_step=35.6ms elapsed=391s eta=142s eval(20)=0.100
  [seed=1002] step=11200/15000 avg_step=35.6ms elapsed=399s eta=135s eval(20)=0.100
  [seed=1002] step=11400/15000 avg_step=35.6ms elapsed=406s eta=128s eval(20)=0.100
  [seed=1002] step=11600/15000 avg_step=35.6ms elapsed=413s eta=121s eval(20)=0.100
  [seed=1002] step=11800/15000 avg_step=35.7ms elapsed=421s eta=114s eval(20)=0.100
  [seed=1002] step=12000/15000 avg_step=35.7ms elapsed=428s eta=107s eval(20)=0.100
  [seed=1002] step=12200/15000 avg_step=35.7ms elapsed=435s eta=100s eval(20)=0.100
  [seed=1002] step=12400/15000 avg_step=35.7ms elapsed=443s eta=93s eval(20)=0.100
  [seed=1002] step=12600/15000 avg_step=35.7ms elapsed=450s eta=86s eval(20)=0.100
  [seed=1002] step=12800/15000 avg_step=35.7ms elapsed=457s eta=79s eval(20)=0.100
  [seed=1002] step=13000/15000 avg_step=35.8ms elapsed=465s eta=72s eval(20)=0.100
  [seed=1002] step=13200/15000 avg_step=35.8ms elapsed=472s eta=64s eval(20)=0.100
  [seed=1002] step=13400/15000 avg_step=35.8ms elapsed=480s eta=57s eval(20)=0.100
  [seed=1002] step=13600/15000 avg_step=35.8ms elapsed=487s eta=50s eval(20)=0.000
  [seed=1002] step=13800/15000 avg_step=35.8ms elapsed=494s eta=43s eval(20)=0.000
  [seed=1002] step=14000/15000 avg_step=35.8ms elapsed=502s eta=36s eval(20)=0.000
  [seed=1002] step=14200/15000 avg_step=35.9ms elapsed=509s eta=29s eval(20)=0.000
  [seed=1002] step=14400/15000 avg_step=35.9ms elapsed=517s eta=22s eval(20)=0.100
  [seed=1002] step=14600/15000 avg_step=35.9ms elapsed=525s eta=14s eval(20)=0.100
  [seed=1002] step=14800/15000 avg_step=36.0ms elapsed=533s eta=7s eval(20)=0.100
  [seed=1002] step=15000/15000 avg_step=36.0ms elapsed=540s eta=0s eval(20)=0.100
[zeroinit_energy_rank2] seed=1002 done: old_style=0.0000 eval_acc(100)=0.0900
[zeroinit_energy_rank2] starting seed=1003 (15000 steps)...
  [seed=1003] step=200/15000 avg_step=17.8ms elapsed=4s eta=263s eval(20)=0.000
  [seed=1003] step=400/15000 avg_step=18.5ms elapsed=7s eta=271s eval(20)=0.000
  [seed=1003] step=600/15000 avg_step=20.3ms elapsed=12s eta=293s eval(20)=0.000
  [seed=1003] step=800/15000 avg_step=22.3ms elapsed=18s eta=316s eval(20)=0.000
  [seed=1003] step=1000/15000 avg_step=23.3ms elapsed=23s eta=327s eval(20)=0.000
  [seed=1003] step=1200/15000 avg_step=25.5ms elapsed=31s eta=352s eval(20)=0.000
  [seed=1003] step=1400/15000 avg_step=27.1ms elapsed=38s eta=368s eval(20)=0.000
  [seed=1003] step=1600/15000 avg_step=28.3ms elapsed=45s eta=379s eval(20)=0.000
  [seed=1003] step=1800/15000 avg_step=29.4ms elapsed=53s eta=388s eval(20)=0.000
  [seed=1003] step=2000/15000 avg_step=30.3ms elapsed=61s eta=394s eval(20)=0.000
  [seed=1003] step=2200/15000 avg_step=31.0ms elapsed=68s eta=397s eval(20)=0.100
  [seed=1003] step=2400/15000 avg_step=31.7ms elapsed=76s eta=399s eval(20)=0.100
  [seed=1003] step=2600/15000 avg_step=32.2ms elapsed=84s eta=399s eval(20)=0.000
  [seed=1003] step=2800/15000 avg_step=32.8ms elapsed=92s eta=400s eval(20)=0.000
  [seed=1003] step=3000/15000 avg_step=33.2ms elapsed=100s eta=399s eval(20)=0.000
  [seed=1003] step=3200/15000 avg_step=33.7ms elapsed=108s eta=397s eval(20)=0.000
  [seed=1003] step=3400/15000 avg_step=34.0ms elapsed=116s eta=395s eval(20)=0.150
  [seed=1003] step=3600/15000 avg_step=34.3ms elapsed=123s eta=391s eval(20)=0.150
  [seed=1003] step=3800/15000 avg_step=34.4ms elapsed=131s eta=386s eval(20)=0.150
  [seed=1003] step=4000/15000 avg_step=34.6ms elapsed=138s eta=381s eval(20)=0.000
  [seed=1003] step=4200/15000 avg_step=34.7ms elapsed=146s eta=375s eval(20)=0.000
  [seed=1003] step=4400/15000 avg_step=34.8ms elapsed=153s eta=369s eval(20)=0.000
  [seed=1003] step=4600/15000 avg_step=35.0ms elapsed=161s eta=364s eval(20)=0.000
  [seed=1003] step=4800/15000 avg_step=35.0ms elapsed=168s eta=357s eval(20)=0.000
  [seed=1003] step=5000/15000 avg_step=35.2ms elapsed=176s eta=352s eval(20)=0.000
  [seed=1003] step=5200/15000 avg_step=35.3ms elapsed=184s eta=346s eval(20)=0.000
  [seed=1003] step=5400/15000 avg_step=35.5ms elapsed=192s eta=341s eval(20)=0.000
  [seed=1003] step=5600/15000 avg_step=35.5ms elapsed=199s eta=334s eval(20)=0.000
  [seed=1003] step=5800/15000 avg_step=35.6ms elapsed=207s eta=328s eval(20)=0.150
  [seed=1003] step=6000/15000 avg_step=35.7ms elapsed=214s eta=321s eval(20)=0.200
  [seed=1003] step=6200/15000 avg_step=35.8ms elapsed=222s eta=315s eval(20)=0.200
  [seed=1003] step=6400/15000 avg_step=35.9ms elapsed=230s eta=308s eval(20)=0.150
  [seed=1003] step=6600/15000 avg_step=36.0ms elapsed=238s eta=302s eval(20)=0.150
  [seed=1003] step=6800/15000 avg_step=36.1ms elapsed=245s eta=296s eval(20)=0.150
  [seed=1003] step=7000/15000 avg_step=36.1ms elapsed=253s eta=289s eval(20)=0.150
  [seed=1003] step=7200/15000 avg_step=36.2ms elapsed=261s eta=282s eval(20)=0.150
  [seed=1003] step=7400/15000 avg_step=36.2ms elapsed=268s eta=275s eval(20)=0.150
  [seed=1003] step=7600/15000 avg_step=36.3ms elapsed=276s eta=269s eval(20)=0.150
  [seed=1003] step=7800/15000 avg_step=36.4ms elapsed=284s eta=262s eval(20)=0.150
  [seed=1003] step=8000/15000 avg_step=36.5ms elapsed=292s eta=255s eval(20)=0.150
  [seed=1003] step=8200/15000 avg_step=36.5ms elapsed=300s eta=248s eval(20)=0.150
  [seed=1003] step=8400/15000 avg_step=36.6ms elapsed=308s eta=242s eval(20)=0.150
  [seed=1003] step=8600/15000 avg_step=36.7ms elapsed=316s eta=235s eval(20)=0.150
  [seed=1003] step=8800/15000 avg_step=36.8ms elapsed=324s eta=228s eval(20)=0.050
  [seed=1003] step=9000/15000 avg_step=36.8ms elapsed=331s eta=221s eval(20)=0.200
  [seed=1003] step=9200/15000 avg_step=36.8ms elapsed=339s eta=214s eval(20)=0.150
  [seed=1003] step=9400/15000 avg_step=36.8ms elapsed=346s eta=206s eval(20)=0.100
  [seed=1003] step=9600/15000 avg_step=36.9ms elapsed=354s eta=199s eval(20)=0.100
  [seed=1003] step=9800/15000 avg_step=36.9ms elapsed=362s eta=192s eval(20)=0.100
  [seed=1003] step=10000/15000 avg_step=36.9ms elapsed=369s eta=185s eval(20)=0.150
  [seed=1003] step=10200/15000 avg_step=37.0ms elapsed=377s eta=177s eval(20)=0.050
  [seed=1003] step=10400/15000 avg_step=37.0ms elapsed=385s eta=170s eval(20)=0.150
  [seed=1003] step=10600/15000 avg_step=37.0ms elapsed=392s eta=163s eval(20)=0.150
  [seed=1003] step=10800/15000 avg_step=37.0ms elapsed=400s eta=155s eval(20)=0.150
  [seed=1003] step=11000/15000 avg_step=37.0ms elapsed=407s eta=148s eval(20)=0.250
  [seed=1003] step=11200/15000 avg_step=37.0ms elapsed=415s eta=141s eval(20)=0.150
  [seed=1003] step=11400/15000 avg_step=37.0ms elapsed=422s eta=133s eval(20)=0.150
  [seed=1003] step=11600/15000 avg_step=37.0ms elapsed=429s eta=126s eval(20)=0.150
  [seed=1003] step=11800/15000 avg_step=37.0ms elapsed=437s eta=118s eval(20)=0.150
  [seed=1003] step=12000/15000 avg_step=37.0ms elapsed=444s eta=111s eval(20)=0.150
  [seed=1003] step=12200/15000 avg_step=37.0ms elapsed=452s eta=104s eval(20)=0.150
  [seed=1003] step=12400/15000 avg_step=37.0ms elapsed=459s eta=96s eval(20)=0.150
  [seed=1003] step=12600/15000 avg_step=37.0ms elapsed=466s eta=89s eval(20)=0.150
  [seed=1003] step=12800/15000 avg_step=37.0ms elapsed=474s eta=81s eval(20)=0.150
  [seed=1003] step=13000/15000 avg_step=37.0ms elapsed=481s eta=74s eval(20)=0.150
  [seed=1003] step=13200/15000 avg_step=37.0ms elapsed=489s eta=67s eval(20)=0.150
  [seed=1003] step=13400/15000 avg_step=37.0ms elapsed=496s eta=59s eval(20)=0.250
  [seed=1003] step=13600/15000 avg_step=37.0ms elapsed=503s eta=52s eval(20)=0.150
  [seed=1003] step=13800/15000 avg_step=37.0ms elapsed=511s eta=44s eval(20)=0.150
  [seed=1003] step=14000/15000 avg_step=37.0ms elapsed=518s eta=37s eval(20)=0.150
  [seed=1003] step=14200/15000 avg_step=37.0ms elapsed=526s eta=30s eval(20)=0.150
  [seed=1003] step=14400/15000 avg_step=37.0ms elapsed=533s eta=22s eval(20)=0.150
  [seed=1003] step=14600/15000 avg_step=37.0ms elapsed=541s eta=15s eval(20)=0.150
  [seed=1003] step=14800/15000 avg_step=37.0ms elapsed=548s eta=7s eval(20)=0.150
  [seed=1003] step=15000/15000 avg_step=37.0ms elapsed=555s eta=0s eval(20)=0.150
[zeroinit_energy_rank2] seed=1003 done: old_style=0.0000 eval_acc(100)=0.0600
[zeroinit_energy_rank2] starting seed=1004 (15000 steps)...
  [seed=1004] step=200/15000 avg_step=17.7ms elapsed=4s eta=262s eval(20)=0.100
  [seed=1004] step=400/15000 avg_step=18.5ms elapsed=7s eta=269s eval(20)=0.050
  [seed=1004] step=600/15000 avg_step=20.2ms elapsed=12s eta=290s eval(20)=0.100
  [seed=1004] step=800/15000 avg_step=22.1ms elapsed=18s eta=314s eval(20)=0.050
  [seed=1004] step=1000/15000 avg_step=23.3ms elapsed=23s eta=327s eval(20)=0.050
  [seed=1004] step=1200/15000 avg_step=25.6ms elapsed=31s eta=353s eval(20)=0.050
  [seed=1004] step=1400/15000 avg_step=27.3ms elapsed=38s eta=372s eval(20)=0.100
  [seed=1004] step=1600/15000 avg_step=28.7ms elapsed=46s eta=384s eval(20)=0.000
  [seed=1004] step=1800/15000 avg_step=29.8ms elapsed=54s eta=393s eval(20)=0.150
  [seed=1004] step=2000/15000 avg_step=30.6ms elapsed=61s eta=397s eval(20)=0.050
  [seed=1004] step=2200/15000 avg_step=31.2ms elapsed=69s eta=400s eval(20)=0.150
  [seed=1004] step=2400/15000 avg_step=31.9ms elapsed=76s eta=401s eval(20)=0.150
  [seed=1004] step=2600/15000 avg_step=32.3ms elapsed=84s eta=401s eval(20)=0.050
  [seed=1004] step=2800/15000 avg_step=32.9ms elapsed=92s eta=401s eval(20)=0.050
  [seed=1004] step=3000/15000 avg_step=33.3ms elapsed=100s eta=399s eval(20)=0.000
  [seed=1004] step=3200/15000 avg_step=33.6ms elapsed=107s eta=396s eval(20)=0.050
  [seed=1004] step=3400/15000 avg_step=33.9ms elapsed=115s eta=393s eval(20)=0.050
  [seed=1004] step=3600/15000 avg_step=34.1ms elapsed=123s eta=389s eval(20)=0.050
  [seed=1004] step=3800/15000 avg_step=34.3ms elapsed=130s eta=384s eval(20)=0.050
  [seed=1004] step=4000/15000 avg_step=34.4ms elapsed=138s eta=379s eval(20)=0.050
  [seed=1004] step=4200/15000 avg_step=34.5ms elapsed=145s eta=373s eval(20)=0.050
  [seed=1004] step=4400/15000 avg_step=34.7ms elapsed=153s eta=368s eval(20)=0.050
  [seed=1004] step=4600/15000 avg_step=34.8ms elapsed=160s eta=362s eval(20)=0.050
  [seed=1004] step=4800/15000 avg_step=34.9ms elapsed=167s eta=356s eval(20)=0.050
  [seed=1004] step=5000/15000 avg_step=35.0ms elapsed=175s eta=350s eval(20)=0.050
  [seed=1004] step=5200/15000 avg_step=35.0ms elapsed=182s eta=343s eval(20)=0.050
  [seed=1004] step=5400/15000 avg_step=35.1ms elapsed=190s eta=337s eval(20)=0.050
  [seed=1004] step=5600/15000 avg_step=35.2ms elapsed=197s eta=330s eval(20)=0.050
  [seed=1004] step=5800/15000 avg_step=35.2ms elapsed=204s eta=324s eval(20)=0.050
  [seed=1004] step=6000/15000 avg_step=35.3ms elapsed=212s eta=317s eval(20)=0.050
  [seed=1004] step=6200/15000 avg_step=35.3ms elapsed=219s eta=311s eval(20)=0.050
  [seed=1004] step=6400/15000 avg_step=35.4ms elapsed=226s eta=304s eval(20)=0.100
  [seed=1004] step=6600/15000 avg_step=35.4ms elapsed=234s eta=298s eval(20)=0.100
  [seed=1004] step=6800/15000 avg_step=35.5ms elapsed=241s eta=291s eval(20)=0.100
  [seed=1004] step=7000/15000 avg_step=35.5ms elapsed=249s eta=284s eval(20)=0.100
  [seed=1004] step=7200/15000 avg_step=35.6ms elapsed=256s eta=277s eval(20)=0.100
  [seed=1004] step=7400/15000 avg_step=35.6ms elapsed=263s eta=271s eval(20)=0.100
  [seed=1004] step=7600/15000 avg_step=35.6ms elapsed=271s eta=264s eval(20)=0.100
  [seed=1004] step=7800/15000 avg_step=35.7ms elapsed=278s eta=257s eval(20)=0.000
  [seed=1004] step=8000/15000 avg_step=35.7ms elapsed=285s eta=250s eval(20)=0.050
  [seed=1004] step=8200/15000 avg_step=35.7ms elapsed=293s eta=243s eval(20)=0.050
  [seed=1004] step=8400/15000 avg_step=35.7ms elapsed=300s eta=236s eval(20)=0.050
  [seed=1004] step=8600/15000 avg_step=35.8ms elapsed=308s eta=229s eval(20)=0.050
  [seed=1004] step=8800/15000 avg_step=35.8ms elapsed=315s eta=222s eval(20)=0.050
  [seed=1004] step=9000/15000 avg_step=35.8ms elapsed=322s eta=215s eval(20)=0.050
  [seed=1004] step=9200/15000 avg_step=35.8ms elapsed=330s eta=208s eval(20)=0.050
  [seed=1004] step=9400/15000 avg_step=35.9ms elapsed=337s eta=201s eval(20)=0.050
  [seed=1004] step=9600/15000 avg_step=35.9ms elapsed=345s eta=194s eval(20)=0.050
  [seed=1004] step=9800/15000 avg_step=35.9ms elapsed=352s eta=187s eval(20)=0.050
  [seed=1004] step=10000/15000 avg_step=35.9ms elapsed=359s eta=180s eval(20)=0.100
  [seed=1004] step=10200/15000 avg_step=36.0ms elapsed=367s eta=173s eval(20)=0.100
  [seed=1004] step=10400/15000 avg_step=36.0ms elapsed=374s eta=165s eval(20)=0.100
  [seed=1004] step=10600/15000 avg_step=36.0ms elapsed=381s eta=158s eval(20)=0.100
  [seed=1004] step=10800/15000 avg_step=36.0ms elapsed=389s eta=151s eval(20)=0.100
  [seed=1004] step=11000/15000 avg_step=36.0ms elapsed=396s eta=144s eval(20)=0.100
  [seed=1004] step=11200/15000 avg_step=36.0ms elapsed=404s eta=137s eval(20)=0.100
  [seed=1004] step=11400/15000 avg_step=36.0ms elapsed=411s eta=130s eval(20)=0.100
  [seed=1004] step=11600/15000 avg_step=36.1ms elapsed=418s eta=123s eval(20)=0.100
  [seed=1004] step=11800/15000 avg_step=36.1ms elapsed=426s eta=115s eval(20)=0.100
  [seed=1004] step=12000/15000 avg_step=36.1ms elapsed=433s eta=108s eval(20)=0.100
  [seed=1004] step=12200/15000 avg_step=36.1ms elapsed=440s eta=101s eval(20)=0.100
  [seed=1004] step=12400/15000 avg_step=36.1ms elapsed=448s eta=94s eval(20)=0.100
  [seed=1004] step=12600/15000 avg_step=36.1ms elapsed=455s eta=87s eval(20)=0.100
  [seed=1004] step=12800/15000 avg_step=36.1ms elapsed=463s eta=80s eval(20)=0.100
  [seed=1004] step=13000/15000 avg_step=36.2ms elapsed=470s eta=72s eval(20)=0.100
  [seed=1004] step=13200/15000 avg_step=36.2ms elapsed=477s eta=65s eval(20)=0.100
  [seed=1004] step=13400/15000 avg_step=36.2ms elapsed=485s eta=58s eval(20)=0.050
  [seed=1004] step=13600/15000 avg_step=36.2ms elapsed=492s eta=51s eval(20)=0.150
  [seed=1004] step=13800/15000 avg_step=36.2ms elapsed=500s eta=43s eval(20)=0.100
  [seed=1004] step=14000/15000 avg_step=36.2ms elapsed=507s eta=36s eval(20)=0.100
  [seed=1004] step=14200/15000 avg_step=36.2ms elapsed=515s eta=29s eval(20)=0.100
  [seed=1004] step=14400/15000 avg_step=36.2ms elapsed=522s eta=22s eval(20)=0.100
  [seed=1004] step=14600/15000 avg_step=36.3ms elapsed=529s eta=15s eval(20)=0.100
  [seed=1004] step=14800/15000 avg_step=36.3ms elapsed=537s eta=7s eval(20)=0.100
  [seed=1004] step=15000/15000 avg_step=36.3ms elapsed=544s eta=0s eval(20)=0.100
[zeroinit_energy_rank2] seed=1004 done: old_style=0.3333 eval_acc(100)=0.0900
[zeroinit_energy_rank2] CONFIG DONE: old_style_mean=0.0667 eval_acc_mean=0.0980 eval_per_seed=[0.11, 0.14, 0.09, 0.06, 0.09] skip_rate=0.000% avg_step=36.4ms

config              old_style  eval_acc  old_ref flag                          skip_rate   avg_step
baseline               0.3333    0.4000   0.8667 REGRESSED (old_style, noisy)    0.000%     18.2ms
    eval_per_seed=[0.37, 0.19, 0.53, 0.5, 0.41]
baseline_energy        0.2000    0.1060   0.1333 OK                              0.000%     34.7ms
    eval_per_seed=[0.07, 0.12, 0.18, 0.08, 0.08]
baseline_zeroinit      0.0000    0.0880   0.0000 OK                              0.000%     17.6ms
    eval_per_seed=[0.08, 0.09, 0.11, 0.08, 0.08]
zeroinit_energy        0.2667    0.1260   0.0000 OK                              0.000%     35.7ms
    eval_per_seed=[0.14, 0.13, 0.14, 0.11, 0.11]
zeroinit_rank1         0.0000    0.0880      nan NEW (no reference)              0.000%     18.6ms
    eval_per_seed=[0.08, 0.09, 0.11, 0.08, 0.08]
zeroinit_rank2         0.0000    0.0880      nan NEW (no reference)              0.000%     19.1ms
    eval_per_seed=[0.08, 0.09, 0.11, 0.08, 0.08]
zeroinit_energy_rank1     0.0667    0.0820      nan NEW (no reference)              0.000%     35.4ms
    eval_per_seed=[0.09, 0.09, 0.03, 0.09, 0.11]
zeroinit_energy_rank2     0.0667    0.0980      nan NEW (no reference)              0.000%     36.4ms
    eval_per_seed=[0.11, 0.14, 0.09, 0.06, 0.09]

Note: eval_acc has no prior reference to diff against yet (added
after REFERENCE was last set) -- these numbers ARE the new baseline
for future comparisons. old_style/old_ref is the only apples-to-
apples check against history, and it's known-noisy (4 possible
values per seed).
