# MQAR curriculum precision=fp4 max_steps=20000 seed=2001 peak_lr=0.015 num_tiles=16 k_max=10 additive_rank=1 dynamic_rank_control=True rank_grace_period_steps=50 use_critic=True recurrent_only_output=False embed_width=32 input_sparsity_p=0.5 wide_max_weights=2048 dy_sparsity_p=None use_tile_cache=False output_dy_sparsity_p=0.5 streak_threshold=10 wrong_streak_threshold=5
  step=    200  phase=vocab  vocab=   8  k=  1  loss_ema=14.1730  acc_ema=0.2553  steps/sec=14.5  max_streak= 3/10  ranks[in=2/2 q=1/1 k=1/1 v=1/1 o=1/2 lm=1/2 critic_head=1/2]
  step=    400  phase=vocab  vocab=   8  k=  1  loss_ema=17.7403  acc_ema=0.3290  steps/sec=14.7  max_streak= 5/10  ranks[in=1/2 q=1/1 k=1/1 v=1/1 o=1/2 lm=1/2 critic_head=1/2]
  step=    600  phase=vocab  vocab=   8  k=  1  loss_ema=21.1628  acc_ema=0.3872  steps/sec=14.9  max_streak= 4/10  ranks[in=2/2 q=1/1 k=1/1 v=1/1 o=1/2 lm=1/2 critic_head=1/2]
  step=    800  phase=vocab  vocab=   8  k=  1  loss_ema=17.7723  acc_ema=0.3387  steps/sec=14.5  max_streak= 4/10  ranks[in=2/2 q=1/1 k=1/1 v=1/1 o=2/2 lm=1/2 critic_head=1/2]
  step=   1000  phase=vocab  vocab=   8  k=  1  loss_ema=18.4590  acc_ema=0.3421  steps/sec=14.5  max_streak= 6/10  ranks[in=2/2 q=1/1 k=1/1 v=1/1 o=2/4 lm=1/2 critic_head=1/1]
  step=   1200  phase=vocab  vocab=   8  k=  1  loss_ema=25.3294  acc_ema=0.3103  steps/sec=14.5  max_streak= 3/10  ranks[in=2/4 q=1/1 k=1/1 v=1/1 o=2/3 lm=1/2 critic_head=1/1]
  step=   1400  phase=vocab  vocab=   8  k=  1  loss_ema=14.0789  acc_ema=0.2892  steps/sec=14.6  max_streak= 4/10  ranks[in=2/4 q=1/1 k=1/1 v=1/1 o=2/5 lm=1/2 critic_head=1/1]
  step=   1600  phase=vocab  vocab=   8  k=  1  loss_ema=16.9687  acc_ema=0.2652  steps/sec=12.9  max_streak= 5/10  ranks[in=2/7 q=1/1 k=1/1 v=1/1 o=2/8 lm=1/1 critic_head=1/1]
  step=   1800  phase=vocab  vocab=   8  k=  1  loss_ema=13.6732  acc_ema=0.3013  steps/sec=13.2  max_streak= 4/10  ranks[in=1/8 q=1/1 k=1/1 v=1/1 o=2/8 lm=1/1 critic_head=1/1]
  step=   2000  phase=vocab  vocab=   8  k=  1  loss_ema=8.2778  acc_ema=0.3938  steps/sec=13.4  max_streak= 7/10  ranks[in=2/8 q=1/1 k=1/1 v=1/1 o=1/11 lm=1/3 critic_head=1/1]
  step=   2200  phase=vocab  vocab=   8  k=  1  loss_ema=19.4314  acc_ema=0.3502  steps/sec=13.6  max_streak= 5/10  ranks[in=2/8 q=1/1 k=1/1 v=1/1 o=1/11 lm=1/2 critic_head=2/1]
  step=   2400  phase=vocab  vocab=   8  k=  1  loss_ema=12.5853  acc_ema=0.3561  steps/sec=13.7  max_streak= 3/10  ranks[in=2/8 q=1/1 k=1/1 v=1/1 o=1/13 lm=1/2 critic_head=2/1]
  step=   2600  phase=vocab  vocab=   8  k=  1  loss_ema=16.5335  acc_ema=0.3236  steps/sec=13.8  max_streak= 3/10  ranks[in=2/8 q=1/1 k=1/1 v=1/1 o=1/14 lm=2/2 critic_head=2/1]
  step=   2800  phase=vocab  vocab=   8  k=  1  loss_ema=16.6108  acc_ema=0.3607  steps/sec=13.8  max_streak= 4/10  ranks[in=2/8 q=1/1 k=1/1 v=1/1 o=1/15 lm=2/2 critic_head=2/1]
  step=   3000  phase=vocab  vocab=   8  k=  1  loss_ema=19.0790  acc_ema=0.2789  steps/sec=13.8  max_streak= 6/10  ranks[in=3/8 q=1/1 k=1/1 v=1/1 o=1/18 lm=2/2 critic_head=2/1]
  step=   3200  phase=vocab  vocab=   8  k=  1  loss_ema=11.0563  acc_ema=0.3651  steps/sec=12.5  max_streak= 3/10  ranks[in=3/8 q=1/1 k=1/1 v=1/1 o=1/20 lm=2/2 critic_head=2/1]
  step=   3400  phase=vocab  vocab=   8  k=  1  loss_ema=23.9120  acc_ema=0.3320  steps/sec=11.2  max_streak= 5/10  ranks[in=4/8 q=1/1 k=1/1 v=1/1 o=1/21 lm=2/1 critic_head=2/1]
  step=   3600  phase=vocab  vocab=   8  k=  1  loss_ema=17.8319  acc_ema=0.2764  steps/sec=10.4  max_streak= 3/10  ranks[in=3/8 q=1/1 k=1/1 v=1/1 o=1/21 lm=2/1 critic_head=2/1]
  step=   3800  phase=vocab  vocab=   8  k=  1  loss_ema=13.8490  acc_ema=0.3778  steps/sec=10.1  max_streak= 4/10  ranks[in=3/8 q=1/1 k=1/1 v=1/1 o=1/23 lm=3/2 critic_head=1/1]
  step=   4000  phase=vocab  vocab=   8  k=  1  loss_ema=9.9876  acc_ema=0.4285  steps/sec=10.2  max_streak= 5/10  ranks[in=4/8 q=1/1 k=1/1 v=1/1 o=1/26 lm=3/2 critic_head=1/1]
  step=   4200  phase=vocab  vocab=   8  k=  1  loss_ema=12.8780  acc_ema=0.3333  steps/sec=10.3  max_streak= 3/10  ranks[in=4/8 q=1/1 k=1/1 v=1/1 o=3/27 lm=3/2 critic_head=1/1]
  step=   4400  phase=vocab  vocab=   8  k=  1  loss_ema=17.1569  acc_ema=0.2932  steps/sec=9.7  max_streak= 4/10  ranks[in=4/8 q=1/1 k=1/1 v=1/1 o=3/26 lm=3/2 critic_head=1/1]
  step=   4600  phase=vocab  vocab=   8  k=  1  loss_ema=12.4550  acc_ema=0.3734  steps/sec=9.1  max_streak= 4/10  ranks[in=4/8 q=1/1 k=1/1 v=1/1 o=2/26 lm=2/2 critic_head=2/1]
  step=   4800  phase=vocab  vocab=   8  k=  1  loss_ema=6.9911  acc_ema=0.3757  steps/sec=8.6  max_streak= 5/10  ranks[in=5/8 q=1/1 k=1/1 v=1/1 o=2/28 lm=3/3 critic_head=2/1]
  step=   5000  phase=vocab  vocab=   8  k=  1  loss_ema=12.0003  acc_ema=0.3311  steps/sec=8.2  max_streak= 6/10  ranks[in=4/8 q=1/1 k=1/1 v=1/1 o=2/28 lm=4/3 critic_head=2/1]
  step=   5200  phase=vocab  vocab=   8  k=  1  loss_ema=11.1117  acc_ema=0.3922  steps/sec=7.8  max_streak= 8/10  ranks[in=4/8 q=1/1 k=1/1 v=1/1 o=2/28 lm=4/3 critic_head=1/1]
  step=   5400  phase=vocab  vocab=   8  k=  1  loss_ema=8.4751  acc_ema=0.4025  steps/sec=7.5  max_streak= 4/10  ranks[in=4/8 q=1/1 k=1/1 v=1/1 o=2/29 lm=4/5 critic_head=1/1]
  step=   5590  phase=vocab  vocab=  16  k=  1  loss_ema=9.7248  acc_ema=0.6590  [LEVEL_UP]  ranks[in=4/8 q=1/1 k=1/1 v=1/1 o=2/29 lm=4/5 critic_head=1/1]
  step=   5600  phase=vocab  vocab=  16  k=  1  loss_ema=67.2443  acc_ema=0.5558  steps/sec=6.7  max_streak=10/10  ranks[in=5/8 q=1/1 k=1/1 v=1/1 o=3/30 lm=4/5 critic_head=1/1]
  step=   5626  phase=vocab  vocab=   8  k=  1  loss_ema=37.4410  acc_ema=0.3950  [LEVEL_DOWN]  ranks[in=4/8 q=1/1 k=1/1 v=1/1 o=2/29 lm=4/4 critic_head=2/1]
  step=   5800  phase=vocab  vocab=   8  k=  1  loss_ema=8.4797  acc_ema=0.4135  steps/sec=6.0  max_streak= 6/10  ranks[in=5/8 q=1/1 k=1/1 v=1/1 o=2/29 lm=4/4 critic_head=2/1]
  step=   6000  phase=vocab  vocab=   8  k=  1  loss_ema=7.5180  acc_ema=0.4526  steps/sec=5.5  max_streak= 6/10  ranks[in=5/8 q=1/1 k=1/1 v=1/1 o=2/29 lm=4/6 critic_head=2/1]
  step=   6200  phase=vocab  vocab=   8  k=  1  loss_ema=8.8985  acc_ema=0.4692  steps/sec=5.2  max_streak= 4/10  ranks[in=4/8 q=1/1 k=1/1 v=1/1 o=2/29 lm=4/5 critic_head=2/1]
  step=   6400  phase=vocab  vocab=   8  k=  1  loss_ema=6.6520  acc_ema=0.5643  steps/sec=5.1  max_streak= 6/10  ranks[in=4/8 q=1/1 k=1/1 v=1/1 o=2/29 lm=4/5 critic_head=1/1]
  step=   6600  phase=vocab  vocab=   8  k=  1  loss_ema=7.5669  acc_ema=0.4914  steps/sec=5.1  max_streak= 9/10  ranks[in=4/8 q=1/1 k=1/1 v=1/1 o=2/29 lm=4/5 critic_head=1/1]
  step=   6800  phase=vocab  vocab=   8  k=  1  loss_ema=7.1710  acc_ema=0.5748  steps/sec=5.1  max_streak= 7/10  ranks[in=4/8 q=1/1 k=1/1 v=1/1 o=2/29 lm=4/5 critic_head=1/2]
  step=   7000  phase=vocab  vocab=   8  k=  1  loss_ema=11.2880  acc_ema=0.4847  steps/sec=5.0  max_streak= 5/10  ranks[in=6/8 q=1/1 k=1/1 v=1/1 o=2/30 lm=4/5 critic_head=1/2]
  step=   7015  phase=vocab  vocab=  16  k=  1  loss_ema=8.0150  acc_ema=0.5874  [LEVEL_UP]  ranks[in=5/8 q=1/1 k=1/1 v=1/1 o=2/30 lm=4/6 critic_head=2/2]
  step=   7045  phase=vocab  vocab=   8  k=  1  loss_ema=121.9446  acc_ema=0.3677  [LEVEL_DOWN]  ranks[in=5/8 q=1/1 k=1/1 v=1/1 o=3/31 lm=5/6 critic_head=1/2]
  step=   7200  phase=vocab  vocab=   8  k=  1  loss_ema=8.8920  acc_ema=0.4043  steps/sec=5.0  max_streak=10/10  ranks[in=5/8 q=1/1 k=1/1 v=1/1 o=2/31 lm=5/8 critic_head=1/2]
  step=   7400  phase=vocab  vocab=   8  k=  1  loss_ema=10.9724  acc_ema=0.4914  steps/sec=5.0  max_streak= 5/10  ranks[in=5/8 q=1/1 k=1/1 v=1/1 o=2/30 lm=6/8 critic_head=2/2]
  step=   7600  phase=vocab  vocab=   8  k=  1  loss_ema=5.9095  acc_ema=0.5595  steps/sec=5.0  max_streak= 5/10  ranks[in=5/8 q=1/1 k=1/1 v=1/1 o=2/30 lm=6/8 critic_head=2/2]
  step=   7800  phase=vocab  vocab=   8  k=  1  loss_ema=5.1170  acc_ema=0.5824  steps/sec=4.9  max_streak= 9/10  ranks[in=4/8 q=1/1 k=1/1 v=1/1 o=2/31 lm=6/8 critic_head=2/2]
  step=   8000  phase=vocab  vocab=   8  k=  1  loss_ema=8.0127  acc_ema=0.5011  steps/sec=4.9  max_streak= 6/10  ranks[in=5/8 q=1/1 k=1/1 v=1/1 o=2/31 lm=6/8 critic_head=2/2]
  step=   8200  phase=vocab  vocab=   8  k=  1  loss_ema=9.6921  acc_ema=0.5516  steps/sec=4.7  max_streak= 6/10  ranks[in=5/8 q=1/1 k=1/1 v=1/1 o=2/31 lm=5/8 critic_head=2/2]
  step=   8400  phase=vocab  vocab=   8  k=  1  loss_ema=5.8211  acc_ema=0.6334  steps/sec=4.6  max_streak= 9/10  ranks[in=4/8 q=1/1 k=1/1 v=1/1 o=2/30 lm=5/8 critic_head=2/2]
  step=   8600  phase=vocab  vocab=   8  k=  1  loss_ema=6.8760  acc_ema=0.5724  steps/sec=4.5  max_streak= 7/10  ranks[in=5/8 q=1/1 k=1/1 v=1/1 o=2/31 lm=5/8 critic_head=2/2]
  step=   8800  phase=vocab  vocab=   8  k=  1  loss_ema=18.4874  acc_ema=0.5123  steps/sec=4.4  max_streak= 9/10  ranks[in=5/8 q=1/1 k=1/1 v=1/1 o=2/31 lm=6/7 critic_head=2/3]
  step=   9000  phase=vocab  vocab=   8  k=  1  loss_ema=14.4492  acc_ema=0.4035  steps/sec=4.4  max_streak= 5/10  ranks[in=4/8 q=1/1 k=1/1 v=1/1 o=2/30 lm=6/7 critic_head=2/3]
  step=   9200  phase=vocab  vocab=   8  k=  1  loss_ema=16.3073  acc_ema=0.4570  steps/sec=4.4  max_streak= 5/10  ranks[in=4/8 q=1/1 k=1/1 v=1/1 o=2/31 lm=6/7 critic_head=1/3]
  step=   9400  phase=vocab  vocab=   8  k=  1  loss_ema=9.2616  acc_ema=0.3933  steps/sec=4.4  max_streak= 4/10  ranks[in=4/8 q=1/1 k=1/1 v=1/1 o=2/30 lm=6/7 critic_head=1/3]
  step=   9600  phase=vocab  vocab=   8  k=  1  loss_ema=9.3675  acc_ema=0.4570  steps/sec=4.4  max_streak= 8/10  ranks[in=5/8 q=1/1 k=1/1 v=1/1 o=2/31 lm=6/7 critic_head=2/4]
  step=   9774  phase=vocab  vocab=  16  k=  1  loss_ema=3.6313  acc_ema=0.6567  [LEVEL_UP]  ranks[in=4/8 q=1/1 k=1/1 v=1/1 o=2/30 lm=6/8 critic_head=1/5]
  step=   9800  phase=vocab  vocab=  16  k=  1  loss_ema=96.3000  acc_ema=0.4559  steps/sec=4.4  max_streak=10/10  ranks[in=5/8 q=1/1 k=1/1 v=1/1 o=2/31 lm=6/8 critic_head=2/5]
  step=   9806  phase=vocab  vocab=   8  k=  1  loss_ema=134.0395  acc_ema=0.4219  [LEVEL_DOWN]  ranks[in=4/8 q=1/1 k=1/1 v=1/1 o=2/30 lm=6/8 critic_head=1/5]
  step=   9965  phase=vocab  vocab=  16  k=  1  loss_ema=5.3815  acc_ema=0.6120  [LEVEL_UP]  ranks[in=4/8 q=1/1 k=1/1 v=1/1 o=2/30 lm=6/8 critic_head=1/6]
  step=   9995  phase=vocab  vocab=   8  k=  1  loss_ema=106.2742  acc_ema=0.3623  [LEVEL_DOWN]  ranks[in=5/8 q=1/1 k=1/1 v=1/1 o=2/30 lm=6/8 critic_head=1/6]
  step=  10000  phase=vocab  vocab=   8  k=  1  loss_ema=91.1474  acc_ema=0.3275  steps/sec=4.4  max_streak=10/10  ranks[in=5/8 q=1/1 k=1/1 v=1/1 o=2/30 lm=6/8 critic_head=1/6]
  step=  10200  phase=vocab  vocab=   8  k=  1  loss_ema=4.7919  acc_ema=0.5680  steps/sec=4.4  max_streak= 6/10  ranks[in=5/8 q=1/1 k=1/1 v=1/1 o=3/31 lm=6/8 critic_head=1/8]
  step=  10400  phase=vocab  vocab=   8  k=  1  loss_ema=3.5480  acc_ema=0.6961  steps/sec=4.4  max_streak= 9/10  ranks[in=5/8 q=1/1 k=1/1 v=1/1 o=3/31 lm=6/8 critic_head=1/8]
  step=  10415  phase=vocab  vocab=  16  k=  1  loss_ema=2.7192  acc_ema=0.7592  [LEVEL_UP]  ranks[in=5/8 q=1/1 k=1/1 v=1/1 o=3/31 lm=6/8 critic_head=1/7]
  step=  10453  phase=vocab  vocab=   8  k=  1  loss_ema=131.5126  acc_ema=0.3971  [LEVEL_DOWN]  ranks[in=5/8 q=1/1 k=1/1 v=1/1 o=3/31 lm=6/8 critic_head=1/8]
  step=  10546  phase=vocab  vocab=  16  k=  1  loss_ema=6.8211  acc_ema=0.6957  [LEVEL_UP]  ranks[in=5/8 q=1/1 k=1/1 v=1/1 o=3/30 lm=6/8 critic_head=1/8]
  step=  10576  phase=vocab  vocab=   8  k=  1  loss_ema=101.8926  acc_ema=0.4122  [LEVEL_DOWN]  ranks[in=5/8 q=1/1 k=1/1 v=1/1 o=4/30 lm=6/8 critic_head=1/8]
  step=  10600  phase=vocab  vocab=   8  k=  1  loss_ema=44.8764  acc_ema=0.4888  steps/sec=4.4  max_streak=10/10  ranks[in=5/8 q=1/1 k=1/1 v=1/1 o=4/31 lm=6/8 critic_head=1/8]
  step=  10735  phase=vocab  vocab=  16  k=  1  loss_ema=4.6321  acc_ema=0.7206  [LEVEL_UP]  ranks[in=5/8 q=1/1 k=1/1 v=1/1 o=4/30 lm=5/8 critic_head=1/8]
  step=  10771  phase=vocab  vocab=   8  k=  1  loss_ema=106.7819  acc_ema=0.4475  [LEVEL_DOWN]  ranks[in=5/8 q=1/1 k=1/1 v=1/1 o=4/30 lm=5/8 critic_head=1/8]
  step=  10800  phase=vocab  vocab=   8  k=  1  loss_ema=43.2004  acc_ema=0.4401  steps/sec=4.4  max_streak=10/10  ranks[in=5/8 q=1/1 k=1/1 v=1/1 o=4/30 lm=5/8 critic_head=1/8]
  step=  10958  phase=vocab  vocab=  16  k=  1  loss_ema=3.3436  acc_ema=0.7785  [LEVEL_UP]  ranks[in=5/8 q=1/1 k=1/1 v=1/1 o=4/30 lm=5/8 critic_head=1/8]
  step=  10989  phase=vocab  vocab=   8  k=  1  loss_ema=133.6335  acc_ema=0.4343  [LEVEL_DOWN]  ranks[in=5/8 q=1/1 k=1/1 v=1/1 o=4/30 lm=5/8 critic_head=1/8]
  step=  11000  phase=vocab  vocab=   8  k=  1  loss_ema=103.2114  acc_ema=0.4590  steps/sec=4.4  max_streak=10/10  ranks[in=6/8 q=1/1 k=1/1 v=1/1 o=4/31 lm=5/8 critic_head=1/8]
  step=  11200  phase=vocab  vocab=   8  k=  1  loss_ema=2.8194  acc_ema=0.7731  steps/sec=4.4  max_streak= 9/10  ranks[in=5/8 q=1/1 k=1/1 v=1/1 o=4/30 lm=5/8 critic_head=1/8]
  step=  11211  phase=vocab  vocab=  16  k=  1  loss_ema=2.4353  acc_ema=0.8020  [LEVEL_UP]  ranks[in=5/8 q=1/1 k=1/1 v=1/1 o=4/30 lm=5/8 critic_head=1/8]
  step=  11241  phase=vocab  vocab=   8  k=  1  loss_ema=92.2654  acc_ema=0.4674  [LEVEL_DOWN]  ranks[in=6/8 q=1/1 k=1/1 v=1/1 o=4/31 lm=5/8 critic_head=1/8]
  step=  11289  phase=vocab  vocab=  16  k=  1  loss_ema=17.0469  acc_ema=0.6747  [LEVEL_UP]  ranks[in=5/8 q=1/1 k=1/1 v=1/1 o=4/30 lm=5/8 critic_head=1/8]
  step=  11319  phase=vocab  vocab=   8  k=  1  loss_ema=71.2267  acc_ema=0.3681  [LEVEL_DOWN]  ranks[in=5/8 q=1/1 k=1/1 v=1/1 o=4/30 lm=5/8 critic_head=1/8]
  step=  11400  phase=vocab  vocab=   8  k=  1  loss_ema=8.8591  acc_ema=0.5555  steps/sec=4.4  max_streak=10/10  ranks[in=5/8 q=1/1 k=1/1 v=1/1 o=4/30 lm=5/8 critic_head=1/8]
  step=  11412  phase=vocab  vocab=  16  k=  1  loss_ema=6.7742  acc_ema=0.6349  [LEVEL_UP]  ranks[in=5/8 q=1/1 k=1/1 v=1/1 o=4/30 lm=5/8 critic_head=1/8]
  step=  11444  phase=vocab  vocab=   8  k=  1  loss_ema=73.1298  acc_ema=0.3507  [LEVEL_DOWN]  ranks[in=5/8 q=1/1 k=1/1 v=1/1 o=4/30 lm=5/8 critic_head=1/8]
  step=  11468  phase=vocab  vocab=  16  k=  1  loss_ema=30.6478  acc_ema=0.5004  [LEVEL_UP]  ranks[in=5/8 q=1/1 k=1/1 v=1/1 o=4/30 lm=5/8 critic_head=1/8]
  step=  11501  phase=vocab  vocab=   8  k=  1  loss_ema=62.2679  acc_ema=0.3202  [LEVEL_DOWN]  ranks[in=5/8 q=1/1 k=1/1 v=1/1 o=4/30 lm=5/8 critic_head=1/8]
  step=  11600  phase=vocab  vocab=   8  k=  1  loss_ema=6.9239  acc_ema=0.6032  steps/sec=4.4  max_streak=10/10  ranks[in=5/8 q=1/1 k=1/1 v=1/1 o=4/30 lm=5/8 critic_head=1/8]
  step=  11622  phase=vocab  vocab=  16  k=  1  loss_ema=4.2355  acc_ema=0.7008  [LEVEL_UP]  ranks[in=5/8 q=1/1 k=1/1 v=1/1 o=4/30 lm=5/8 critic_head=1/8]
  step=  11652  phase=vocab  vocab=   8  k=  1  loss_ema=92.8472  acc_ema=0.4383  [LEVEL_DOWN]  ranks[in=5/8 q=1/1 k=1/1 v=1/1 o=4/30 lm=5/8 critic_head=1/8]
  step=  11688  phase=vocab  vocab=  16  k=  1  loss_ema=29.5441  acc_ema=0.5599  [LEVEL_UP]  ranks[in=5/8 q=1/1 k=1/1 v=1/1 o=4/30 lm=5/8 critic_head=1/8]
  step=  11723  phase=vocab  vocab=   8  k=  1  loss_ema=65.3968  acc_ema=0.3232  [LEVEL_DOWN]  ranks[in=5/8 q=1/1 k=1/1 v=1/1 o=4/30 lm=6/8 critic_head=1/8]
  step=  11791  phase=vocab  vocab=  16  k=  1  loss_ema=7.7215  acc_ema=0.6632  [LEVEL_UP]  ranks[in=5/8 q=1/1 k=1/1 v=1/1 o=4/30 lm=5/8 critic_head=1/8]
  step=  11800  phase=vocab  vocab=  16  k=  1  loss_ema=26.8020  acc_ema=0.5529  steps/sec=4.5  max_streak=10/10  ranks[in=5/8 q=1/1 k=1/1 v=1/1 o=4/30 lm=5/8 critic_head=1/8]
  step=  11823  phase=vocab  vocab=   8  k=  1  loss_ema=70.9832  acc_ema=0.3655  [LEVEL_DOWN]  ranks[in=5/8 q=1/1 k=1/1 v=1/1 o=4/30 lm=6/8 critic_head=1/8]
  step=  11964  phase=vocab  vocab=  16  k=  1  loss_ema=3.2320  acc_ema=0.7227  [LEVEL_UP]  ranks[in=5/8 q=1/1 k=1/1 v=1/1 o=4/30 lm=5/8 critic_head=1/8]
  step=  11995  phase=vocab  vocab=   8  k=  1  loss_ema=51.1490  acc_ema=0.4458  [LEVEL_DOWN]  ranks[in=5/8 q=1/1 k=1/1 v=1/1 o=4/30 lm=6/8 critic_head=1/8]
  step=  12000  phase=vocab  vocab=   8  k=  1  loss_ema=42.8609  acc_ema=0.4806  steps/sec=4.5  max_streak=10/10  ranks[in=5/8 q=1/1 k=1/1 v=1/1 o=4/30 lm=6/8 critic_head=1/8]
  step=  12028  phase=vocab  vocab=  16  k=  1  loss_ema=15.9701  acc_ema=0.6503  [LEVEL_UP]  ranks[in=5/8 q=1/1 k=1/1 v=1/1 o=4/30 lm=6/8 critic_head=1/8]
  step=  12063  phase=vocab  vocab=   8  k=  1  loss_ema=50.4732  acc_ema=0.3748  [LEVEL_DOWN]  ranks[in=5/8 q=1/1 k=1/1 v=1/1 o=4/30 lm=6/8 critic_head=1/8]
  step=  12134  phase=vocab  vocab=  16  k=  1  loss_ema=8.2628  acc_ema=0.6414  [LEVEL_UP]  ranks[in=5/8 q=1/1 k=1/1 v=1/1 o=4/30 lm=6/8 critic_head=1/8]
  step=  12164  phase=vocab  vocab=   8  k=  1  loss_ema=56.0110  acc_ema=0.3967  [LEVEL_DOWN]  ranks[in=5/8 q=1/1 k=1/1 v=1/1 o=4/30 lm=5/8 critic_head=1/8]
  step=  12200  phase=vocab  vocab=   8  k=  1  loss_ema=30.4384  acc_ema=0.4906  steps/sec=4.5  max_streak=10/10  ranks[in=5/8 q=1/1 k=1/1 v=1/1 o=4/30 lm=5/8 critic_head=1/8]
  step=  12245  phase=vocab  vocab=  16  k=  1  loss_ema=9.6525  acc_ema=0.6449  [LEVEL_UP]  ranks[in=5/8 q=1/1 k=1/1 v=1/1 o=4/30 lm=5/8 critic_head=1/8]
  step=  12275  phase=vocab  vocab=   8  k=  1  loss_ema=68.2210  acc_ema=0.3684  [LEVEL_DOWN]  ranks[in=5/8 q=1/1 k=1/1 v=1/1 o=4/30 lm=6/8 critic_head=1/8]
  step=  12315  phase=vocab  vocab=  16  k=  1  loss_ema=16.8108  acc_ema=0.5975  [LEVEL_UP]  ranks[in=5/8 q=1/1 k=1/1 v=1/1 o=4/30 lm=5/8 critic_head=1/8]
  step=  12361  phase=vocab  vocab=   8  k=  1  loss_ema=47.1070  acc_ema=0.3659  [LEVEL_DOWN]  ranks[in=5/8 q=1/1 k=1/1 v=1/1 o=4/30 lm=5/8 critic_head=1/8]
  step=  12400  phase=vocab  vocab=   8  k=  1  loss_ema=14.8874  acc_ema=0.5172  steps/sec=4.6  max_streak=10/10  ranks[in=5/8 q=1/1 k=1/1 v=1/1 o=4/30 lm=5/8 critic_head=1/8]
  step=  12464  phase=vocab  vocab=  16  k=  1  loss_ema=4.0313  acc_ema=0.6893  [LEVEL_UP]  ranks[in=5/8 q=1/1 k=1/1 v=1/1 o=4/30 lm=5/8 critic_head=1/8]
  step=  12496  phase=vocab  vocab=   8  k=  1  loss_ema=38.2154  acc_ema=0.4476  [LEVEL_DOWN]  ranks[in=5/8 q=1/1 k=1/1 v=1/1 o=4/30 lm=5/8 critic_head=1/8]
  step=  12512  phase=vocab  vocab=  16  k=  1  loss_ema=21.3015  acc_ema=0.5540  [LEVEL_UP]  ranks[in=5/8 q=1/1 k=1/1 v=1/1 o=4/30 lm=5/8 critic_head=1/8]
  step=  12556  phase=vocab  vocab=   8  k=  1  loss_ema=24.0027  acc_ema=0.3990  [LEVEL_DOWN]  ranks[in=5/8 q=1/1 k=1/1 v=1/1 o=4/30 lm=5/8 critic_head=1/8]
  step=  12600  phase=vocab  vocab=   8  k=  1  loss_ema=8.2435  acc_ema=0.5831  steps/sec=4.6  max_streak=10/10  ranks[in=5/8 q=1/1 k=1/1 v=1/1 o=4/30 lm=5/8 critic_head=1/8]
  step=  12601  phase=vocab  vocab=  16  k=  1  loss_ema=7.9736  acc_ema=0.5914  [LEVEL_UP]  ranks[in=5/8 q=1/1 k=1/1 v=1/1 o=4/30 lm=5/8 critic_head=1/8]
  step=  12631  phase=vocab  vocab=   8  k=  1  loss_ema=26.0942  acc_ema=0.3807  [LEVEL_DOWN]  ranks[in=5/8 q=1/1 k=1/1 v=1/1 o=4/30 lm=5/8 critic_head=1/8]
  step=  12676  phase=vocab  vocab=  16  k=  1  loss_ema=11.0152  acc_ema=0.5835  [LEVEL_UP]  ranks[in=5/8 q=1/1 k=1/1 v=1/1 o=4/30 lm=5/8 critic_head=1/8]
  step=  12713  phase=vocab  vocab=   8  k=  1  loss_ema=31.8690  acc_ema=0.3397  [LEVEL_DOWN]  ranks[in=5/8 q=1/1 k=1/1 v=1/1 o=4/30 lm=6/8 critic_head=1/8]
  step=  12741  phase=vocab  vocab=  16  k=  1  loss_ema=18.6194  acc_ema=0.5118  [LEVEL_UP]  ranks[in=5/8 q=1/1 k=1/1 v=1/1 o=4/30 lm=5/8 critic_head=1/8]
  step=  12771  phase=vocab  vocab=   8  k=  1  loss_ema=28.1447  acc_ema=0.3749  [LEVEL_DOWN]  ranks[in=5/8 q=1/1 k=1/1 v=1/1 o=4/30 lm=5/8 critic_head=1/8]
  step=  12800  phase=vocab  vocab=   8  k=  1  loss_ema=15.3401  acc_ema=0.4733  steps/sec=4.7  max_streak=10/10  ranks[in=5/8 q=1/1 k=1/1 v=1/1 o=4/30 lm=5/8 critic_head=2/8]
  step=  12827  phase=vocab  vocab=  16  k=  1  loss_ema=7.3030  acc_ema=0.6369  [LEVEL_UP]  ranks[in=5/8 q=1/1 k=1/1 v=1/1 o=4/30 lm=5/8 critic_head=1/8]
  step=  12863  phase=vocab  vocab=   8  k=  1  loss_ema=22.6073  acc_ema=0.4671  [LEVEL_DOWN]  ranks[in=5/8 q=1/1 k=1/1 v=1/1 o=4/30 lm=5/8 critic_head=1/8]
  step=  12905  phase=vocab  vocab=  16  k=  1  loss_ema=8.5408  acc_ema=0.6330  [LEVEL_UP]  ranks[in=5/8 q=1/1 k=1/1 v=1/1 o=4/30 lm=5/8 critic_head=1/8]
  step=  12945  phase=vocab  vocab=   8  k=  1  loss_ema=21.5394  acc_ema=0.4188  [LEVEL_DOWN]  ranks[in=5/8 q=1/1 k=1/1 v=1/1 o=4/30 lm=5/8 critic_head=1/8]
  step=  12990  phase=vocab  vocab=  16  k=  1  loss_ema=8.3802  acc_ema=0.6165  [LEVEL_UP]  ranks[in=5/8 q=1/1 k=1/1 v=1/1 o=4/30 lm=5/8 critic_head=1/8]
  step=  13000  phase=vocab  vocab=  16  k=  1  loss_ema=11.9143  acc_ema=0.5430  steps/sec=4.7  max_streak=10/10  ranks[in=5/8 q=1/1 k=1/1 v=1/1 o=4/30 lm=5/8 critic_head=1/8]
  step=  13034  phase=vocab  vocab=   8  k=  1  loss_ema=30.0411  acc_ema=0.3846  [LEVEL_DOWN]  ranks[in=5/8 q=1/1 k=1/1 v=1/1 o=4/30 lm=5/8 critic_head=1/8]
  step=  13123  phase=vocab  vocab=  16  k=  1  loss_ema=6.1186  acc_ema=0.6699  [LEVEL_UP]  ranks[in=5/8 q=1/1 k=1/1 v=1/1 o=4/30 lm=5/8 critic_head=1/8]
  step=  13153  phase=vocab  vocab=   8  k=  1  loss_ema=42.4363  acc_ema=0.4900  [LEVEL_DOWN]  ranks[in=5/8 q=1/1 k=1/1 v=1/1 o=4/30 lm=5/8 critic_head=1/8]
  step=  13200  phase=vocab  vocab=   8  k=  1  loss_ema=16.8153  acc_ema=0.6250  steps/sec=4.7  max_streak=10/10  ranks[in=5/8 q=1/1 k=1/1 v=1/1 o=4/30 lm=5/8 critic_head=1/8]
  step=  13222  phase=vocab  vocab=  16  k=  1  loss_ema=7.9729  acc_ema=0.7140  [LEVEL_UP]  ranks[in=5/8 q=1/1 k=1/1 v=1/1 o=4/30 lm=5/8 critic_head=1/8]
  step=  13257  phase=vocab  vocab=   8  k=  1  loss_ema=17.8251  acc_ema=0.4078  [LEVEL_DOWN]  ranks[in=5/8 q=1/1 k=1/1 v=1/1 o=4/30 lm=5/8 critic_head=1/8]
  step=  13317  phase=vocab  vocab=  16  k=  1  loss_ema=17.2394  acc_ema=0.6072  [LEVEL_UP]  ranks[in=5/8 q=1/1 k=1/1 v=1/1 o=4/30 lm=5/8 critic_head=1/8]
  step=  13359  phase=vocab  vocab=   8  k=  1  loss_ema=28.7415  acc_ema=0.3455  [LEVEL_DOWN]  ranks[in=5/8 q=1/1 k=1/1 v=1/1 o=4/30 lm=5/8 critic_head=1/8]
  step=  13400  phase=vocab  vocab=   8  k=  1  loss_ema=13.4899  acc_ema=0.5848  steps/sec=4.8  max_streak=10/10  ranks[in=5/8 q=1/1 k=1/1 v=1/1 o=4/31 lm=5/8 critic_head=1/8]
  step=  13494  phase=vocab  vocab=  16  k=  1  loss_ema=4.2068  acc_ema=0.7355  [LEVEL_UP]  ranks[in=5/8 q=1/1 k=1/1 v=1/1 o=4/30 lm=5/8 critic_head=1/8]
  step=  13527  phase=vocab  vocab=   8  k=  1  loss_ema=21.4446  acc_ema=0.5079  [LEVEL_DOWN]  ranks[in=5/8 q=1/1 k=1/1 v=1/1 o=3/30 lm=5/8 critic_head=1/8]
  step=  13600  phase=vocab  vocab=   8  k=  1  loss_ema=5.3464  acc_ema=0.6983  steps/sec=4.8  max_streak=10/10  ranks[in=5/8 q=1/1 k=1/1 v=1/1 o=3/30 lm=5/8 critic_head=1/8]
  step=  13610  phase=vocab  vocab=  16  k=  1  loss_ema=4.1489  acc_ema=0.7535  [LEVEL_UP]  ranks[in=5/8 q=1/1 k=1/1 v=1/1 o=3/30 lm=5/8 critic_head=1/8]
  step=  13667  phase=vocab  vocab=   8  k=  1  loss_ema=21.0139  acc_ema=0.4185  [LEVEL_DOWN]  ranks[in=5/8 q=1/1 k=1/1 v=1/1 o=3/30 lm=5/8 critic_head=1/8]
  step=  13739  phase=vocab  vocab=  16  k=  1  loss_ema=21.4753  acc_ema=0.5963  [LEVEL_UP]  ranks[in=5/8 q=1/1 k=1/1 v=1/1 o=3/30 lm=5/8 critic_head=1/8]
  step=  13776  phase=vocab  vocab=   8  k=  1  loss_ema=38.9725  acc_ema=0.3699  [LEVEL_DOWN]  ranks[in=5/8 q=1/1 k=1/1 v=1/1 o=3/31 lm=5/8 critic_head=1/8]
  step=  13800  phase=vocab  vocab=   8  k=  1  loss_ema=22.9010  acc_ema=0.4483  steps/sec=4.8  max_streak=10/10  ranks[in=5/8 q=1/1 k=1/1 v=1/1 o=3/30 lm=6/8 critic_head=1/8]
  step=  13948  phase=vocab  vocab=  16  k=  1  loss_ema=5.1805  acc_ema=0.7429  [LEVEL_UP]  ranks[in=5/8 q=1/1 k=1/1 v=1/1 o=3/30 lm=5/8 critic_head=1/8]
  step=  13995  phase=vocab  vocab=   8  k=  1  loss_ema=25.6691  acc_ema=0.4631  [LEVEL_DOWN]  ranks[in=5/8 q=1/1 k=1/1 v=1/1 o=3/30 lm=5/8 critic_head=1/8]
  step=  14000  phase=vocab  vocab=   8  k=  1  loss_ema=22.0137  acc_ema=0.4962  steps/sec=4.9  max_streak=10/10  ranks[in=5/8 q=1/1 k=1/1 v=1/1 o=3/30 lm=5/8 critic_head=1/8]
  step=  14011  phase=vocab  vocab=  16  k=  1  loss_ema=15.3197  acc_ema=0.5803  [LEVEL_UP]  ranks[in=5/8 q=1/1 k=1/1 v=1/1 o=3/30 lm=5/8 critic_head=1/8]
  step=  14041  phase=vocab  vocab=   8  k=  1  loss_ema=39.7331  acc_ema=0.3452  [LEVEL_DOWN]  ranks[in=5/8 q=1/1 k=1/1 v=1/1 o=3/30 lm=5/8 critic_head=1/8]
  step=  14200  phase=vocab  vocab=   8  k=  1  loss_ema=8.5878  acc_ema=0.6713  steps/sec=4.9  max_streak=10/10  ranks[in=5/8 q=1/1 k=1/1 v=1/1 o=3/30 lm=5/8 critic_head=1/8]
  step=  14203  phase=vocab  vocab=  16  k=  1  loss_ema=7.9853  acc_ema=0.6906  [LEVEL_UP]  ranks[in=5/8 q=1/1 k=1/1 v=1/1 o=3/30 lm=5/8 critic_head=1/8]
  step=  14233  phase=vocab  vocab=   8  k=  1  loss_ema=46.0354  acc_ema=0.5139  [LEVEL_DOWN]  ranks[in=5/8 q=1/1 k=1/1 v=1/1 o=3/30 lm=5/8 critic_head=1/8]
  step=  14310  phase=vocab  vocab=  16  k=  1  loss_ema=7.4430  acc_ema=0.6909  [LEVEL_UP]  ranks[in=5/8 q=1/1 k=1/1 v=1/1 o=3/30 lm=5/8 critic_head=1/8]
  step=  14340  phase=vocab  vocab=   8  k=  1  loss_ema=75.9242  acc_ema=0.5065  [LEVEL_DOWN]  ranks[in=5/8 q=1/1 k=1/1 v=1/1 o=3/30 lm=5/8 critic_head=2/8]
  step=  14400  phase=vocab  vocab=   8  k=  1  loss_ema=36.9096  acc_ema=0.5369  steps/sec=4.9  max_streak=10/10  ranks[in=5/8 q=1/1 k=1/1 v=1/1 o=3/30 lm=5/8 critic_head=2/8]
  step=  14530  phase=vocab  vocab=  16  k=  1  loss_ema=6.5138  acc_ema=0.7370  [LEVEL_UP]  ranks[in=5/8 q=1/1 k=1/1 v=1/1 o=3/30 lm=5/8 critic_head=1/8]
  step=  14560  phase=vocab  vocab=   8  k=  1  loss_ema=82.8218  acc_ema=0.4334  [LEVEL_DOWN]  ranks[in=4/8 q=1/1 k=1/1 v=1/1 o=3/31 lm=5/8 critic_head=1/8]
  step=  14600  phase=vocab  vocab=   8  k=  1  loss_ema=37.7804  acc_ema=0.5081  steps/sec=5.0  max_streak=10/10  ranks[in=4/8 q=1/1 k=1/1 v=1/1 o=3/30 lm=5/8 critic_head=1/8]
  step=  14657  phase=vocab  vocab=  16  k=  1  loss_ema=8.5281  acc_ema=0.6898  [LEVEL_UP]  ranks[in=4/8 q=1/1 k=1/1 v=1/1 o=3/30 lm=5/8 critic_head=1/8]
  step=  14705  phase=vocab  vocab=   8  k=  1  loss_ema=82.4842  acc_ema=0.3692  [LEVEL_DOWN]  ranks[in=4/8 q=1/1 k=1/1 v=1/1 o=3/30 lm=5/8 critic_head=1/8]
  step=  14757  phase=vocab  vocab=  16  k=  1  loss_ema=18.1175  acc_ema=0.5944  [LEVEL_UP]  ranks[in=4/8 q=1/1 k=1/1 v=1/1 o=3/30 lm=5/8 critic_head=1/8]
  step=  14787  phase=vocab  vocab=   8  k=  1  loss_ema=89.1412  acc_ema=0.3973  [LEVEL_DOWN]  ranks[in=4/8 q=1/1 k=1/1 v=1/1 o=3/30 lm=5/8 critic_head=1/8]
  step=  14800  phase=vocab  vocab=   8  k=  1  loss_ema=66.9914  acc_ema=0.4646  steps/sec=5.0  max_streak=10/10  ranks[in=4/8 q=1/1 k=1/1 v=1/1 o=3/30 lm=6/8 critic_head=1/8]
  step=  14848  phase=vocab  vocab=  16  k=  1  loss_ema=15.6891  acc_ema=0.5592  [LEVEL_UP]  ranks[in=4/8 q=1/1 k=1/1 v=1/1 o=3/30 lm=6/8 critic_head=1/7]
  step=  14880  phase=vocab  vocab=   8  k=  1  loss_ema=43.9848  acc_ema=0.3368  [LEVEL_DOWN]  ranks[in=4/8 q=1/1 k=1/1 v=1/1 o=3/30 lm=6/8 critic_head=1/7]
  step=  14924  phase=vocab  vocab=  16  k=  1  loss_ema=15.1521  acc_ema=0.5392  [LEVEL_UP]  ranks[in=4/8 q=1/1 k=1/1 v=1/1 o=3/30 lm=6/8 critic_head=1/6]
  step=  14955  phase=vocab  vocab=   8  k=  1  loss_ema=51.8023  acc_ema=0.3485  [LEVEL_DOWN]  ranks[in=5/8 q=1/1 k=1/1 v=1/1 o=3/30 lm=6/8 critic_head=1/6]
  step=  15000  phase=vocab  vocab=   8  k=  1  loss_ema=17.4606  acc_ema=0.5428  steps/sec=5.1  max_streak=10/10  ranks[in=4/8 q=1/1 k=1/1 v=1/1 o=3/30 lm=6/8 critic_head=1/6]
  step=  15053  phase=vocab  vocab=  16  k=  1  loss_ema=17.0140  acc_ema=0.6700  [LEVEL_UP]  ranks[in=4/8 q=1/1 k=1/1 v=1/1 o=3/30 lm=6/8 critic_head=1/6]
  step=  15089  phase=vocab  vocab=   8  k=  1  loss_ema=62.2402  acc_ema=0.3992  [LEVEL_DOWN]  ranks[in=4/8 q=1/1 k=1/1 v=1/1 o=3/30 lm=6/8 critic_head=1/6]
  step=  15200  phase=vocab  vocab=   8  k=  1  loss_ema=26.2395  acc_ema=0.5909  steps/sec=5.1  max_streak=10/10  ranks[in=4/8 q=1/1 k=1/1 v=1/1 o=3/30 lm=6/8 critic_head=1/5]
  step=  15274  phase=vocab  vocab=  16  k=  1  loss_ema=6.5578  acc_ema=0.7279  [LEVEL_UP]  ranks[in=4/8 q=1/1 k=1/1 v=1/1 o=3/30 lm=6/8 critic_head=1/5]
  step=  15310  phase=vocab  vocab=   8  k=  1  loss_ema=57.4966  acc_ema=0.4404  [LEVEL_DOWN]  ranks[in=4/8 q=1/1 k=1/1 v=1/1 o=3/30 lm=6/8 critic_head=2/5]
  step=  15400  phase=vocab  vocab=   8  k=  1  loss_ema=10.8208  acc_ema=0.6253  steps/sec=5.1  max_streak=10/10  ranks[in=4/8 q=1/1 k=1/1 v=1/1 o=3/30 lm=6/8 critic_head=1/5]
  step=  15475  phase=vocab  vocab=  16  k=  1  loss_ema=17.1731  acc_ema=0.7640  [LEVEL_UP]  ranks[in=4/8 q=1/1 k=1/1 v=1/1 o=3/30 lm=6/8 critic_head=1/5]
  step=  15505  phase=vocab  vocab=   8  k=  1  loss_ema=87.7399  acc_ema=0.4484  [LEVEL_DOWN]  ranks[in=4/8 q=1/1 k=1/1 v=1/1 o=3/30 lm=6/8 critic_head=1/5]
  step=  15586  phase=vocab  vocab=  16  k=  1  loss_ema=22.3448  acc_ema=0.6612  [LEVEL_UP]  ranks[in=4/8 q=1/1 k=1/1 v=1/1 o=3/30 lm=6/8 critic_head=1/5]
  step=  15600  phase=vocab  vocab=  16  k=  1  loss_ema=30.2643  acc_ema=0.5150  steps/sec=5.2  max_streak=10/10  ranks[in=4/8 q=1/1 k=1/1 v=1/1 o=3/30 lm=6/8 critic_head=1/5]
  step=  15644  phase=vocab  vocab=   8  k=  1  loss_ema=35.0258  acc_ema=0.3865  [LEVEL_DOWN]  ranks[in=4/8 q=1/1 k=1/1 v=1/1 o=3/30 lm=6/8 critic_head=1/5]
  step=  15717  phase=vocab  vocab=  16  k=  1  loss_ema=16.3162  acc_ema=0.5895  [LEVEL_UP]  ranks[in=4/8 q=1/1 k=1/1 v=1/1 o=3/30 lm=6/8 critic_head=1/5]
  step=  15751  phase=vocab  vocab=   8  k=  1  loss_ema=45.8626  acc_ema=0.3678  [LEVEL_DOWN]  ranks[in=4/8 q=1/1 k=1/1 v=1/1 o=3/30 lm=6/8 critic_head=1/5]
  step=  15800  phase=vocab  vocab=   8  k=  1  loss_ema=48.1596  acc_ema=0.5305  steps/sec=5.2  max_streak=10/10  ranks[in=4/8 q=1/1 k=1/1 v=1/1 o=3/30 lm=6/8 critic_head=1/5]
  step=  15855  phase=vocab  vocab=  16  k=  1  loss_ema=16.7696  acc_ema=0.7059  [LEVEL_UP]  ranks[in=4/8 q=1/1 k=1/1 v=1/1 o=3/30 lm=6/8 critic_head=1/4]
  step=  15896  phase=vocab  vocab=   8  k=  1  loss_ema=38.2091  acc_ema=0.4449  [LEVEL_DOWN]  ranks[in=4/8 q=1/1 k=1/1 v=1/1 o=3/30 lm=6/8 critic_head=1/4]
  step=  16000  phase=vocab  vocab=   8  k=  1  loss_ema=16.5088  acc_ema=0.5537  steps/sec=5.3  max_streak=10/10  ranks[in=4/8 q=1/1 k=1/1 v=1/1 o=3/31 lm=6/8 critic_head=1/4]
  step=  16014  phase=vocab  vocab=  16  k=  1  loss_ema=11.6552  acc_ema=0.6156  [LEVEL_UP]  ranks[in=4/8 q=1/1 k=1/1 v=1/1 o=3/31 lm=6/8 critic_head=1/4]
  step=  16049  phase=vocab  vocab=   8  k=  1  loss_ema=49.2529  acc_ema=0.3897  [LEVEL_DOWN]  ranks[in=4/8 q=1/1 k=1/1 v=1/1 o=3/30 lm=6/8 critic_head=1/4]
  step=  16200  phase=vocab  vocab=   8  k=  1  loss_ema=17.6711  acc_ema=0.5321  steps/sec=5.3  max_streak=10/10  ranks[in=4/8 q=1/1 k=1/1 v=1/1 o=3/30 lm=6/8 critic_head=1/3]
  step=  16245  phase=vocab  vocab=  16  k=  1  loss_ema=15.5598  acc_ema=0.6659  [LEVEL_UP]  ranks[in=4/8 q=1/1 k=1/1 v=1/1 o=3/30 lm=6/8 critic_head=1/3]
  step=  16278  phase=vocab  vocab=   8  k=  1  loss_ema=47.6735  acc_ema=0.3996  [LEVEL_DOWN]  ranks[in=4/8 q=1/1 k=1/1 v=1/1 o=3/30 lm=6/8 critic_head=1/3]
  step=  16365  phase=vocab  vocab=  16  k=  1  loss_ema=8.4043  acc_ema=0.6630  [LEVEL_UP]  ranks[in=4/8 q=1/1 k=1/1 v=1/1 o=3/30 lm=6/8 critic_head=1/3]
  step=  16395  phase=vocab  vocab=   8  k=  1  loss_ema=72.5591  acc_ema=0.4214  [LEVEL_DOWN]  ranks[in=5/8 q=1/1 k=1/1 v=1/1 o=3/31 lm=6/8 critic_head=2/3]
  step=  16400  phase=vocab  vocab=   8  k=  1  loss_ema=70.5896  acc_ema=0.4202  steps/sec=5.3  max_streak=10/10  ranks[in=5/8 q=1/1 k=1/1 v=1/1 o=3/31 lm=6/8 critic_head=2/3]
  step=  16484  phase=vocab  vocab=  16  k=  1  loss_ema=19.6068  acc_ema=0.6175  [LEVEL_UP]  ranks[in=4/8 q=1/1 k=1/1 v=1/1 o=3/30 lm=6/8 critic_head=1/3]
  step=  16530  phase=vocab  vocab=   8  k=  1  loss_ema=101.5004  acc_ema=0.3319  [LEVEL_DOWN]  ranks[in=4/8 q=1/1 k=1/1 v=1/1 o=3/30 lm=6/8 critic_head=2/3]
  step=  16600  phase=vocab  vocab=   8  k=  1  loss_ema=51.7785  acc_ema=0.4915  steps/sec=5.4  max_streak=10/10  ranks[in=4/8 q=1/1 k=1/1 v=1/1 o=3/30 lm=6/8 critic_head=1/3]
  step=  16800  phase=vocab  vocab=  16  k=  1  loss_ema=3.5784  acc_ema=0.7530  [LEVEL_UP]  ranks[in=4/8 q=1/1 k=1/1 v=1/1 o=3/30 lm=6/8 critic_head=1/3]
  step=  16800  phase=vocab  vocab=   8  k=  1  loss_ema=3.5784  acc_ema=0.7530  steps/sec=5.4  max_streak=10/10  ranks[in=4/8 q=1/1 k=1/1 v=1/1 o=3/30 lm=6/8 critic_head=1/3]
  step=  16837  phase=vocab  vocab=   8  k=  1  loss_ema=75.8911  acc_ema=0.4557  [LEVEL_DOWN]  ranks[in=4/8 q=1/1 k=1/1 v=1/1 o=3/30 lm=6/8 critic_head=1/3]
  step=  16914  phase=vocab  vocab=  16  k=  1  loss_ema=11.5115  acc_ema=0.5511  [LEVEL_UP]  ranks[in=4/8 q=1/1 k=1/1 v=1/1 o=3/31 lm=6/8 critic_head=1/4]
  step=  16960  phase=vocab  vocab=   8  k=  1  loss_ema=118.9654  acc_ema=0.3234  [LEVEL_DOWN]  ranks[in=5/8 q=1/1 k=1/1 v=1/1 o=3/31 lm=6/8 critic_head=1/4]
  step=  17000  phase=vocab  vocab=   8  k=  1  loss_ema=56.5156  acc_ema=0.3884  steps/sec=5.5  max_streak=10/10  ranks[in=4/8 q=1/1 k=1/1 v=1/1 o=3/30 lm=6/8 critic_head=1/4]
  step=  17101  phase=vocab  vocab=  16  k=  1  loss_ema=15.4215  acc_ema=0.5960  [LEVEL_UP]  ranks[in=4/8 q=1/1 k=1/1 v=1/1 o=3/30 lm=6/8 critic_head=1/4]
  step=  17131  phase=vocab  vocab=   8  k=  1  loss_ema=83.4044  acc_ema=0.3886  [LEVEL_DOWN]  ranks[in=4/8 q=1/1 k=1/1 v=1/1 o=3/30 lm=6/8 critic_head=2/4]
  step=  17174  phase=vocab  vocab=  16  k=  1  loss_ema=26.7226  acc_ema=0.5141  [LEVEL_UP]  ranks[in=4/8 q=1/1 k=1/1 v=1/1 o=3/30 lm=6/8 critic_head=1/4]
  step=  17200  phase=vocab  vocab=  16  k=  1  loss_ema=76.8640  acc_ema=0.3931  steps/sec=5.5  max_streak=10/10  ranks[in=4/8 q=1/1 k=1/1 v=1/1 o=3/30 lm=6/8 critic_head=1/4]
  step=  17206  phase=vocab  vocab=   8  k=  1  loss_ema=82.7914  acc_ema=0.3663  [LEVEL_DOWN]  ranks[in=4/8 q=1/1 k=1/1 v=1/1 o=3/30 lm=6/8 critic_head=1/4]
  step=  17400  phase=vocab  vocab=   8  k=  1  loss_ema=9.0936  acc_ema=0.5922  steps/sec=5.5  max_streak= 8/10  ranks[in=4/8 q=1/1 k=1/1 v=1/1 o=3/30 lm=6/8 critic_head=2/4]
  step=  17434  phase=vocab  vocab=  16  k=  1  loss_ema=6.1032  acc_ema=0.6798  [LEVEL_UP]  ranks[in=4/8 q=1/1 k=1/1 v=1/1 o=3/30 lm=6/8 critic_head=2/4]
  step=  17466  phase=vocab  vocab=   8  k=  1  loss_ema=95.2003  acc_ema=0.4167  [LEVEL_DOWN]  ranks[in=4/8 q=1/1 k=1/1 v=1/1 o=3/30 lm=6/8 critic_head=1/4]
  step=  17600  phase=vocab  vocab=   8  k=  1  loss_ema=8.8885  acc_ema=0.6168  steps/sec=5.6  max_streak=10/10  ranks[in=4/8 q=1/1 k=1/1 v=1/1 o=3/30 lm=6/8 critic_head=2/3]
  step=  17730  phase=vocab  vocab=  16  k=  1  loss_ema=5.6189  acc_ema=0.7418  [LEVEL_UP]  ranks[in=4/8 q=1/1 k=1/1 v=1/1 o=3/30 lm=6/8 critic_head=2/3]
  step=  17769  phase=vocab  vocab=   8  k=  1  loss_ema=85.6349  acc_ema=0.4334  [LEVEL_DOWN]  ranks[in=4/8 q=1/1 k=1/1 v=1/1 o=3/30 lm=6/8 critic_head=2/3]
  step=  17800  phase=vocab  vocab=   8  k=  1  loss_ema=69.1002  acc_ema=0.4010  steps/sec=5.6  max_streak=10/10  ranks[in=4/8 q=1/1 k=1/1 v=1/1 o=3/30 lm=6/8 critic_head=1/3]
  step=  17830  phase=vocab  vocab=  16  k=  1  loss_ema=63.9542  acc_ema=0.5379  [LEVEL_UP]  ranks[in=4/8 q=1/1 k=1/1 v=1/1 o=3/30 lm=6/8 critic_head=1/3]
  step=  17860  phase=vocab  vocab=   8  k=  1  loss_ema=76.7275  acc_ema=0.3533  [LEVEL_DOWN]  ranks[in=4/8 q=1/1 k=1/1 v=1/1 o=3/30 lm=6/8 critic_head=1/3]
  step=  18000  phase=vocab  vocab=   8  k=  1  loss_ema=11.1297  acc_ema=0.6208  steps/sec=5.7  max_streak=10/10  ranks[in=4/8 q=1/1 k=1/1 v=1/1 o=3/30 lm=6/8 critic_head=1/3]
  step=  18129  phase=vocab  vocab=  16  k=  1  loss_ema=14.4357  acc_ema=0.6963  [LEVEL_UP]  ranks[in=4/8 q=1/1 k=1/1 v=1/1 o=3/30 lm=6/8 critic_head=1/3]
  step=  18176  phase=vocab  vocab=   8  k=  1  loss_ema=74.7098  acc_ema=0.4419  [LEVEL_DOWN]  ranks[in=4/8 q=1/1 k=1/1 v=1/1 o=3/30 lm=6/8 critic_head=1/3]
  step=  18200  phase=vocab  vocab=   8  k=  1  loss_ema=47.1539  acc_ema=0.4287  steps/sec=5.7  max_streak=10/10  ranks[in=4/8 q=1/1 k=1/1 v=1/1 o=3/30 lm=6/8 critic_head=1/3]
  step=  18213  phase=vocab  vocab=  16  k=  1  loss_ema=29.8939  acc_ema=0.5283  [LEVEL_UP]  ranks[in=4/8 q=1/1 k=1/1 v=1/1 o=3/30 lm=6/8 critic_head=1/3]
  step=  18250  phase=vocab  vocab=   8  k=  1  loss_ema=76.0273  acc_ema=0.2969  [LEVEL_DOWN]  ranks[in=4/8 q=1/1 k=1/1 v=1/1 o=3/30 lm=6/8 critic_head=1/3]
  step=  18370  phase=vocab  vocab=  16  k=  1  loss_ema=22.8969  acc_ema=0.6288  [LEVEL_UP]  ranks[in=4/8 q=1/1 k=1/1 v=1/1 o=3/30 lm=6/8 critic_head=1/3]
  step=  18400  phase=vocab  vocab=  16  k=  1  loss_ema=68.5489  acc_ema=0.4385  steps/sec=5.7  max_streak=10/10  ranks[in=4/8 q=1/1 k=1/1 v=1/1 o=3/30 lm=6/8 critic_head=1/3]
  step=  18406  phase=vocab  vocab=   8  k=  1  loss_ema=60.1083  acc_ema=0.4065  [LEVEL_DOWN]  ranks[in=4/8 q=1/1 k=1/1 v=1/1 o=3/30 lm=6/8 critic_head=1/3]
  step=  18456  phase=vocab  vocab=  16  k=  1  loss_ema=31.0228  acc_ema=0.6400  [LEVEL_UP]  ranks[in=4/8 q=1/1 k=1/1 v=1/1 o=3/30 lm=6/8 critic_head=1/3]
  step=  18486  phase=vocab  vocab=   8  k=  1  loss_ema=72.1189  acc_ema=0.3964  [LEVEL_DOWN]  ranks[in=4/8 q=1/1 k=1/1 v=1/1 o=3/30 lm=6/8 critic_head=1/3]
  step=  18536  phase=vocab  vocab=  16  k=  1  loss_ema=44.5399  acc_ema=0.5730  [LEVEL_UP]  ranks[in=4/8 q=1/1 k=1/1 v=1/1 o=3/30 lm=6/8 critic_head=1/2]
  step=  18566  phase=vocab  vocab=   8  k=  1  loss_ema=47.6562  acc_ema=0.3527  [LEVEL_DOWN]  ranks[in=4/8 q=1/1 k=1/1 v=1/1 o=3/30 lm=6/8 critic_head=1/3]
  step=  18600  phase=vocab  vocab=   8  k=  1  loss_ema=29.1640  acc_ema=0.4698  steps/sec=5.8  max_streak=10/10  ranks[in=4/8 q=1/1 k=1/1 v=1/1 o=3/30 lm=6/8 critic_head=1/4]
  step=  18602  phase=vocab  vocab=  16  k=  1  loss_ema=27.1811  acc_ema=0.4908  [LEVEL_UP]  ranks[in=4/8 q=1/1 k=1/1 v=1/1 o=3/30 lm=6/8 critic_head=1/4]
  step=  18636  phase=vocab  vocab=   8  k=  1  loss_ema=52.0759  acc_ema=0.3328  [LEVEL_DOWN]  ranks[in=4/8 q=1/1 k=1/1 v=1/1 o=3/30 lm=6/8 critic_head=1/4]
  step=  18752  phase=vocab  vocab=  16  k=  1  loss_ema=20.4675  acc_ema=0.6612  [LEVEL_UP]  ranks[in=4/8 q=1/1 k=1/1 v=1/1 o=3/30 lm=6/8 critic_head=1/5]
  step=  18793  phase=vocab  vocab=   8  k=  1  loss_ema=68.0806  acc_ema=0.4024  [LEVEL_DOWN]  ranks[in=4/8 q=1/1 k=1/1 v=1/1 o=3/30 lm=6/8 critic_head=1/4]
  step=  18800  phase=vocab  vocab=   8  k=  1  loss_ema=60.3972  acc_ema=0.4251  steps/sec=5.8  max_streak=10/10  ranks[in=4/8 q=1/1 k=1/1 v=1/1 o=3/30 lm=6/8 critic_head=2/5]
  step=  18958  phase=vocab  vocab=  16  k=  1  loss_ema=51.9841  acc_ema=0.6312  [LEVEL_UP]  ranks[in=4/8 q=1/1 k=1/1 v=1/1 o=3/30 lm=6/8 critic_head=2/6]
  step=  18990  phase=vocab  vocab=   8  k=  1  loss_ema=94.5019  acc_ema=0.4075  [LEVEL_DOWN]  ranks[in=4/8 q=1/1 k=1/1 v=1/1 o=3/30 lm=6/8 critic_head=2/6]
  step=  19000  phase=vocab  vocab=   8  k=  1  loss_ema=104.2524  acc_ema=0.4272  steps/sec=5.8  max_streak=10/10  ranks[in=4/8 q=1/1 k=1/1 v=1/1 o=3/30 lm=6/8 critic_head=2/6]
  step=  19095  phase=vocab  vocab=  16  k=  1  loss_ema=19.5189  acc_ema=0.6627  [LEVEL_UP]  ranks[in=4/8 q=1/1 k=1/1 v=1/1 o=3/30 lm=6/8 critic_head=1/7]
  step=  19127  phase=vocab  vocab=   8  k=  1  loss_ema=42.3167  acc_ema=0.4352  [LEVEL_DOWN]  ranks[in=4/8 q=1/1 k=1/1 v=1/1 o=3/30 lm=6/8 critic_head=1/6]
  step=  19200  phase=vocab  vocab=   8  k=  1  loss_ema=20.7094  acc_ema=0.5733  steps/sec=5.9  max_streak=10/10  ranks[in=4/8 q=1/1 k=1/1 v=1/1 o=3/30 lm=6/8 critic_head=1/7]
  step=  19237  phase=vocab  vocab=  16  k=  1  loss_ema=18.6887  acc_ema=0.6805  [LEVEL_UP]  ranks[in=4/8 q=1/1 k=1/1 v=1/1 o=3/30 lm=6/8 critic_head=1/8]
  step=  19268  phase=vocab  vocab=   8  k=  1  loss_ema=37.4481  acc_ema=0.4679  [LEVEL_DOWN]  ranks[in=4/8 q=1/1 k=1/1 v=1/1 o=3/30 lm=6/8 critic_head=1/7]
  step=  19354  phase=vocab  vocab=  16  k=  1  loss_ema=34.9978  acc_ema=0.6028  [LEVEL_UP]  ranks[in=4/8 q=1/1 k=1/1 v=1/1 o=3/30 lm=6/8 critic_head=1/8]
  step=  19386  phase=vocab  vocab=   8  k=  1  loss_ema=57.6784  acc_ema=0.3989  [LEVEL_DOWN]  ranks[in=4/8 q=1/1 k=1/1 v=1/1 o=3/30 lm=6/8 critic_head=1/8]
  step=  19400  phase=vocab  vocab=   8  k=  1  loss_ema=45.5588  acc_ema=0.4300  steps/sec=5.9  max_streak=10/10  ranks[in=4/8 q=1/1 k=1/1 v=1/1 o=3/30 lm=6/7 critic_head=2/8]
  step=  19424  phase=vocab  vocab=  16  k=  1  loss_ema=57.3914  acc_ema=0.5460  [LEVEL_UP]  ranks[in=4/8 q=1/1 k=1/1 v=1/1 o=3/30 lm=6/8 critic_head=1/8]
  step=  19461  phase=vocab  vocab=   8  k=  1  loss_ema=59.7642  acc_ema=0.3918  [LEVEL_DOWN]  ranks[in=4/8 q=1/1 k=1/1 v=1/1 o=3/30 lm=6/8 critic_head=1/8]
  step=  19572  phase=vocab  vocab=  16  k=  1  loss_ema=16.7396  acc_ema=0.6853  [LEVEL_UP]  ranks[in=4/8 q=1/1 k=1/1 v=1/1 o=3/30 lm=6/8 critic_head=2/8]
  step=  19600  phase=vocab  vocab=  16  k=  1  loss_ema=46.8059  acc_ema=0.4622  steps/sec=5.9  max_streak=10/10  ranks[in=4/8 q=1/1 k=1/1 v=1/1 o=3/30 lm=6/8 critic_head=1/8]
  step=  19612  phase=vocab  vocab=   8  k=  1  loss_ema=54.9228  acc_ema=0.3972  [LEVEL_DOWN]  ranks[in=4/8 q=1/1 k=1/1 v=1/1 o=3/30 lm=6/8 critic_head=2/8]
  step=  19657  phase=vocab  vocab=  16  k=  1  loss_ema=25.3430  acc_ema=0.5200  [LEVEL_UP]  ranks[in=4/8 q=1/1 k=1/1 v=1/1 o=3/30 lm=6/8 critic_head=2/8]
  step=  19712  phase=vocab  vocab=   8  k=  1  loss_ema=57.3567  acc_ema=0.3664  [LEVEL_DOWN]  ranks[in=4/8 q=1/1 k=1/1 v=1/1 o=3/30 lm=6/8 critic_head=2/8]
  step=  19800  phase=vocab  vocab=   8  k=  1  loss_ema=26.0332  acc_ema=0.5121  steps/sec=6.0  max_streak=10/10  ranks[in=4/8 q=1/1 k=1/1 v=1/1 o=3/30 lm=6/8 critic_head=2/8]
  step=  19825  phase=vocab  vocab=  16  k=  1  loss_ema=17.9054  acc_ema=0.6190  [LEVEL_UP]  ranks[in=4/8 q=1/1 k=1/1 v=1/1 o=3/30 lm=6/8 critic_head=2/8]
  step=  19856  phase=vocab  vocab=   8  k=  1  loss_ema=74.4800  acc_ema=0.3874  [LEVEL_DOWN]  ranks[in=4/8 q=1/1 k=1/1 v=1/1 o=3/30 lm=6/8 critic_head=2/8]
  step=  19979  phase=vocab  vocab=  16  k=  1  loss_ema=8.5840  acc_ema=0.7254  [LEVEL_UP]  ranks[in=4/8 q=1/1 k=1/1 v=1/1 o=3/30 lm=6/8 critic_head=2/8]
  step=  20000  phase=vocab  vocab=  16  k=  1  loss_ema=52.8488  acc_ema=0.4927  steps/sec=6.0  max_streak=10/10  ranks[in=5/8 q=1/1 k=1/1 v=1/1 o=3/31 lm=6/8 critic_head=2/8]

FINAL precision=fp4 final_vocab=16 final_k=1 final_phase=vocab graduated=False total_steps=20000 steps_per_sec=6.0 peak_rss_mb=78.1 (3326s)
PEAK precision=fp4 peak_vocab=16 peak_k=1 peak_phase=vocab
RANK_MUTATIONS precision=fp4 count=1558
  input_proj   scale_rank=5  additive_rank=8
  q_proj       scale_rank=1  additive_rank=1
  k_proj       scale_rank=1  additive_rank=1
  v_proj       scale_rank=1  additive_rank=1
  o_proj       scale_rank=3  additive_rank=31
  lm_head      scale_rank=6  additive_rank=8
  critic_head  scale_rank=2  additive_rank=8
RANK_HISTORY_JSON [{"step": 200, "ranks": {"input_proj": [2, 2], "q_proj": [1, 1], "k_proj": [1, 1], "v_proj": [1, 1], "o_proj": [1, 2], "lm_head": [1, 2], "critic_head": [1, 2]}}, {"step": 400, "ranks": {"input_proj": [1, 2], "q_proj": [1, 1], "k_proj": [1, 1], "v_proj": [1, 1], "o_proj": [1, 2], "lm_head": [1, 2], "critic_head": [1, 2]}}, {"step": 600, "ranks": {"input_proj": [2, 2], "q_proj": [1, 1], "k_proj": [1, 1], "v_proj": [1, 1], "o_proj": [1, 2], "lm_head": [1, 2], "critic_head": [1, 2]}}, {"step": 800, "ranks": {"input_proj": [2, 2], "q_proj": [1, 1], "k_proj": [1, 1], "v_proj": [1, 1], "o_proj": [2, 2], "lm_head": [1, 2], "critic_head": [1, 2]}}, {"step": 1000, "ranks": {"input_proj": [2, 2], "q_proj": [1, 1], "k_proj": [1, 1], "v_proj": [1, 1], "o_proj": [2, 4], "lm_head": [1, 2], "critic_head": [1, 1]}}, {"step": 1200, "ranks": {"input_proj": [2, 4], "q_proj": [1, 1], "k_proj": [1, 1], "v_proj": [1, 1], "o_proj": [2, 3], "lm_head": [1, 2], "critic_head": [1, 1]}}, {"step": 1400, "ranks": {"input_proj": [2, 4], "q_proj": [1, 1], "k_proj": [1, 1], "v_proj": [1, 1], "o_proj": [2, 5], "lm_head": [1, 2], "critic_head": [1, 1]}}, {"step": 1600, "ranks": {"input_proj": [2, 7], "q_proj": [1, 1], "k_proj": [1, 1], "v_proj": [1, 1], "o_proj": [2, 8], "lm_head": [1, 1], "critic_head": [1, 1]}}, {"step": 1800, "ranks": {"input_proj": [1, 8], "q_proj": [1, 1], "k_proj": [1, 1], "v_proj": [1, 1], "o_proj": [2, 8], "lm_head": [1, 1], "critic_head": [1, 1]}}, {"step": 2000, "ranks": {"input_proj": [2, 8], "q_proj": [1, 1], "k_proj": [1, 1], "v_proj": [1, 1], "o_proj": [1, 11], "lm_head": [1, 3], "critic_head": [1, 1]}}, {"step": 2200, "ranks": {"input_proj": [2, 8], "q_proj": [1, 1], "k_proj": [1, 1], "v_proj": [1, 1], "o_proj": [1, 11], "lm_head": [1, 2], "critic_head": [2, 1]}}, {"step": 2400, "ranks": {"input_proj": [2, 8], "q_proj": [1, 1], "k_proj": [1, 1], "v_proj": [1, 1], "o_proj": [1, 13], "lm_head": [1, 2], "critic_head": [2, 1]}}, {"step": 2600, "ranks": {"input_proj": [2, 8], "q_proj": [1, 1], "k_proj": [1, 1], "v_proj": [1, 1], "o_proj": [1, 14], "lm_head": [2, 2], "critic_head": [2, 1]}}, {"step": 2800, "ranks": {"input_proj": [2, 8], "q_proj": [1, 1], "k_proj": [1, 1], "v_proj": [1, 1], "o_proj": [1, 15], "lm_head": [2, 2], "critic_head": [2, 1]}}, {"step": 3000, "ranks": {"input_proj": [3, 8], "q_proj": [1, 1], "k_proj": [1, 1], "v_proj": [1, 1], "o_proj": [1, 18], "lm_head": [2, 2], "critic_head": [2, 1]}}, {"step": 3200, "ranks": {"input_proj": [3, 8], "q_proj": [1, 1], "k_proj": [1, 1], "v_proj": [1, 1], "o_proj": [1, 20], "lm_head": [2, 2], "critic_head": [2, 1]}}, {"step": 3400, "ranks": {"input_proj": [4, 8], "q_proj": [1, 1], "k_proj": [1, 1], "v_proj": [1, 1], "o_proj": [1, 21], "lm_head": [2, 1], "critic_head": [2, 1]}}, {"step": 3600, "ranks": {"input_proj": [3, 8], "q_proj": [1, 1], "k_proj": [1, 1], "v_proj": [1, 1], "o_proj": [1, 21], "lm_head": [2, 1], "critic_head": [2, 1]}}, {"step": 3800, "ranks": {"input_proj": [3, 8], "q_proj": [1, 1], "k_proj": [1, 1], "v_proj": [1, 1], "o_proj": [1, 23], "lm_head": [3, 2], "critic_head": [1, 1]}}, {"step": 4000, "ranks": {"input_proj": [4, 8], "q_proj": [1, 1], "k_proj": [1, 1], "v_proj": [1, 1], "o_proj": [1, 26], "lm_head": [3, 2], "critic_head": [1, 1]}}, {"step": 4200, "ranks": {"input_proj": [4, 8], "q_proj": [1, 1], "k_proj": [1, 1], "v_proj": [1, 1], "o_proj": [3, 27], "lm_head": [3, 2], "critic_head": [1, 1]}}, {"step": 4400, "ranks": {"input_proj": [4, 8], "q_proj": [1, 1], "k_proj": [1, 1], "v_proj": [1, 1], "o_proj": [3, 26], "lm_head": [3, 2], "critic_head": [1, 1]}}, {"step": 4600, "ranks": {"input_proj": [4, 8], "q_proj": [1, 1], "k_proj": [1, 1], "v_proj": [1, 1], "o_proj": [2, 26], "lm_head": [2, 2], "critic_head": [2, 1]}}, {"step": 4800, "ranks": {"input_proj": [5, 8], "q_proj": [1, 1], "k_proj": [1, 1], "v_proj": [1, 1], "o_proj": [2, 28], "lm_head": [3, 3], "critic_head": [2, 1]}}, {"step": 5000, "ranks": {"input_proj": [4, 8], "q_proj": [1, 1], "k_proj": [1, 1], "v_proj": [1, 1], "o_proj": [2, 28], "lm_head": [4, 3], "critic_head": [2, 1]}}, {"step": 5200, "ranks": {"input_proj": [4, 8], "q_proj": [1, 1], "k_proj": [1, 1], "v_proj": [1, 1], "o_proj": [2, 28], "lm_head": [4, 3], "critic_head": [1, 1]}}, {"step": 5400, "ranks": {"input_proj": [4, 8], "q_proj": [1, 1], "k_proj": [1, 1], "v_proj": [1, 1], "o_proj": [2, 29], "lm_head": [4, 5], "critic_head": [1, 1]}}, {"step": 5590, "ranks": {"input_proj": [4, 8], "q_proj": [1, 1], "k_proj": [1, 1], "v_proj": [1, 1], "o_proj": [2, 29], "lm_head": [4, 5], "critic_head": [1, 1]}}, {"step": 5600, "ranks": {"input_proj": [5, 8], "q_proj": [1, 1], "k_proj": [1, 1], "v_proj": [1, 1], "o_proj": [3, 30], "lm_head": [4, 5], "critic_head": [1, 1]}}, {"step": 5626, "ranks": {"input_proj": [4, 8], "q_proj": [1, 1], "k_proj": [1, 1], "v_proj": [1, 1], "o_proj": [2, 29], "lm_head": [4, 4], "critic_head": [2, 1]}}, {"step": 5800, "ranks": {"input_proj": [5, 8], "q_proj": [1, 1], "k_proj": [1, 1], "v_proj": [1, 1], "o_proj": [2, 29], "lm_head": [4, 4], "critic_head": [2, 1]}}, {"step": 6000, "ranks": {"input_proj": [5, 8], "q_proj": [1, 1], "k_proj": [1, 1], "v_proj": [1, 1], "o_proj": [2, 29], "lm_head": [4, 6], "critic_head": [2, 1]}}, {"step": 6200, "ranks": {"input_proj": [4, 8], "q_proj": [1, 1], "k_proj": [1, 1], "v_proj": [1, 1], "o_proj": [2, 29], "lm_head": [4, 5], "critic_head": [2, 1]}}, {"step": 6400, "ranks": {"input_proj": [4, 8], "q_proj": [1, 1], "k_proj": [1, 1], "v_proj": [1, 1], "o_proj": [2, 29], "lm_head": [4, 5], "critic_head": [1, 1]}}, {"step": 6600, "ranks": {"input_proj": [4, 8], "q_proj": [1, 1], "k_proj": [1, 1], "v_proj": [1, 1], "o_proj": [2, 29], "lm_head": [4, 5], "critic_head": [1, 1]}}, {"step": 6800, "ranks": {"input_proj": [4, 8], "q_proj": [1, 1], "k_proj": [1, 1], "v_proj": [1, 1], "o_proj": [2, 29], "lm_head": [4, 5], "critic_head": [1, 2]}}, {"step": 7000, "ranks": {"input_proj": [6, 8], "q_proj": [1, 1], "k_proj": [1, 1], "v_proj": [1, 1], "o_proj": [2, 30], "lm_head": [4, 5], "critic_head": [1, 2]}}, {"step": 7015, "ranks": {"input_proj": [5, 8], "q_proj": [1, 1], "k_proj": [1, 1], "v_proj": [1, 1], "o_proj": [2, 30], "lm_head": [4, 6], "critic_head": [2, 2]}}, {"step": 7045, "ranks": {"input_proj": [5, 8], "q_proj": [1, 1], "k_proj": [1, 1], "v_proj": [1, 1], "o_proj": [3, 31], "lm_head": [5, 6], "critic_head": [1, 2]}}, {"step": 7200, "ranks": {"input_proj": [5, 8], "q_proj": [1, 1], "k_proj": [1, 1], "v_proj": [1, 1], "o_proj": [2, 31], "lm_head": [5, 8], "critic_head": [1, 2]}}, {"step": 7400, "ranks": {"input_proj": [5, 8], "q_proj": [1, 1], "k_proj": [1, 1], "v_proj": [1, 1], "o_proj": [2, 30], "lm_head": [6, 8], "critic_head": [2, 2]}}, {"step": 7600, "ranks": {"input_proj": [5, 8], "q_proj": [1, 1], "k_proj": [1, 1], "v_proj": [1, 1], "o_proj": [2, 30], "lm_head": [6, 8], "critic_head": [2, 2]}}, {"step": 7800, "ranks": {"input_proj": [4, 8], "q_proj": [1, 1], "k_proj": [1, 1], "v_proj": [1, 1], "o_proj": [2, 31], "lm_head": [6, 8], "critic_head": [2, 2]}}, {"step": 8000, "ranks": {"input_proj": [5, 8], "q_proj": [1, 1], "k_proj": [1, 1], "v_proj": [1, 1], "o_proj": [2, 31], "lm_head": [6, 8], "critic_head": [2, 2]}}, {"step": 8200, "ranks": {"input_proj": [5, 8], "q_proj": [1, 1], "k_proj": [1, 1], "v_proj": [1, 1], "o_proj": [2, 31], "lm_head": [5, 8], "critic_head": [2, 2]}}, {"step": 8400, "ranks": {"input_proj": [4, 8], "q_proj": [1, 1], "k_proj": [1, 1], "v_proj": [1, 1], "o_proj": [2, 30], "lm_head": [5, 8], "critic_head": [2, 2]}}, {"step": 8600, "ranks": {"input_proj": [5, 8], "q_proj": [1, 1], "k_proj": [1, 1], "v_proj": [1, 1], "o_proj": [2, 31], "lm_head": [5, 8], "critic_head": [2, 2]}}, {"step": 8800, "ranks": {"input_proj": [5, 8], "q_proj": [1, 1], "k_proj": [1, 1], "v_proj": [1, 1], "o_proj": [2, 31], "lm_head": [6, 7], "critic_head": [2, 3]}}, {"step": 9000, "ranks": {"input_proj": [4, 8], "q_proj": [1, 1], "k_proj": [1, 1], "v_proj": [1, 1], "o_proj": [2, 30], "lm_head": [6, 7], "critic_head": [2, 3]}}, {"step": 9200, "ranks": {"input_proj": [4, 8], "q_proj": [1, 1], "k_proj": [1, 1], "v_proj": [1, 1], "o_proj": [2, 31], "lm_head": [6, 7], "critic_head": [1, 3]}}, {"step": 9400, "ranks": {"input_proj": [4, 8], "q_proj": [1, 1], "k_proj": [1, 1], "v_proj": [1, 1], "o_proj": [2, 30], "lm_head": [6, 7], "critic_head": [1, 3]}}, {"step": 9600, "ranks": {"input_proj": [5, 8], "q_proj": [1, 1], "k_proj": [1, 1], "v_proj": [1, 1], "o_proj": [2, 31], "lm_head": [6, 7], "critic_head": [2, 4]}}, {"step": 9774, "ranks": {"input_proj": [4, 8], "q_proj": [1, 1], "k_proj": [1, 1], "v_proj": [1, 1], "o_proj": [2, 30], "lm_head": [6, 8], "critic_head": [1, 5]}}, {"step": 9800, "ranks": {"input_proj": [5, 8], "q_proj": [1, 1], "k_proj": [1, 1], "v_proj": [1, 1], "o_proj": [2, 31], "lm_head": [6, 8], "critic_head": [2, 5]}}, {"step": 9806, "ranks": {"input_proj": [4, 8], "q_proj": [1, 1], "k_proj": [1, 1], "v_proj": [1, 1], "o_proj": [2, 30], "lm_head": [6, 8], "critic_head": [1, 5]}}, {"step": 9965, "ranks": {"input_proj": [4, 8], "q_proj": [1, 1], "k_proj": [1, 1], "v_proj": [1, 1], "o_proj": [2, 30], "lm_head": [6, 8], "critic_head": [1, 6]}}, {"step": 9995, "ranks": {"input_proj": [5, 8], "q_proj": [1, 1], "k_proj": [1, 1], "v_proj": [1, 1], "o_proj": [2, 30], "lm_head": [6, 8], "critic_head": [1, 6]}}, {"step": 10000, "ranks": {"input_proj": [5, 8], "q_proj": [1, 1], "k_proj": [1, 1], "v_proj": [1, 1], "o_proj": [2, 30], "lm_head": [6, 8], "critic_head": [1, 6]}}, {"step": 10200, "ranks": {"input_proj": [5, 8], "q_proj": [1, 1], "k_proj": [1, 1], "v_proj": [1, 1], "o_proj": [3, 31], "lm_head": [6, 8], "critic_head": [1, 8]}}, {"step": 10400, "ranks": {"input_proj": [5, 8], "q_proj": [1, 1], "k_proj": [1, 1], "v_proj": [1, 1], "o_proj": [3, 31], "lm_head": [6, 8], "critic_head": [1, 8]}}, {"step": 10415, "ranks": {"input_proj": [5, 8], "q_proj": [1, 1], "k_proj": [1, 1], "v_proj": [1, 1], "o_proj": [3, 31], "lm_head": [6, 8], "critic_head": [1, 7]}}, {"step": 10453, "ranks": {"input_proj": [5, 8], "q_proj": [1, 1], "k_proj": [1, 1], "v_proj": [1, 1], "o_proj": [3, 31], "lm_head": [6, 8], "critic_head": [1, 8]}}, {"step": 10546, "ranks": {"input_proj": [5, 8], "q_proj": [1, 1], "k_proj": [1, 1], "v_proj": [1, 1], "o_proj": [3, 30], "lm_head": [6, 8], "critic_head": [1, 8]}}, {"step": 10576, "ranks": {"input_proj": [5, 8], "q_proj": [1, 1], "k_proj": [1, 1], "v_proj": [1, 1], "o_proj": [4, 30], "lm_head": [6, 8], "critic_head": [1, 8]}}, {"step": 10600, "ranks": {"input_proj": [5, 8], "q_proj": [1, 1], "k_proj": [1, 1], "v_proj": [1, 1], "o_proj": [4, 31], "lm_head": [6, 8], "critic_head": [1, 8]}}, {"step": 10735, "ranks": {"input_proj": [5, 8], "q_proj": [1, 1], "k_proj": [1, 1], "v_proj": [1, 1], "o_proj": [4, 30], "lm_head": [5, 8], "critic_head": [1, 8]}}, {"step": 10771, "ranks": {"input_proj": [5, 8], "q_proj": [1, 1], "k_proj": [1, 1], "v_proj": [1, 1], "o_proj": [4, 30], "lm_head": [5, 8], "critic_head": [1, 8]}}, {"step": 10800, "ranks": {"input_proj": [5, 8], "q_proj": [1, 1], "k_proj": [1, 1], "v_proj": [1, 1], "o_proj": [4, 30], "lm_head": [5, 8], "critic_head": [1, 8]}}, {"step": 10958, "ranks": {"input_proj": [5, 8], "q_proj": [1, 1], "k_proj": [1, 1], "v_proj": [1, 1], "o_proj": [4, 30], "lm_head": [5, 8], "critic_head": [1, 8]}}, {"step": 10989, "ranks": {"input_proj": [5, 8], "q_proj": [1, 1], "k_proj": [1, 1], "v_proj": [1, 1], "o_proj": [4, 30], "lm_head": [5, 8], "critic_head": [1, 8]}}, {"step": 11000, "ranks": {"input_proj": [6, 8], "q_proj": [1, 1], "k_proj": [1, 1], "v_proj": [1, 1], "o_proj": [4, 31], "lm_head": [5, 8], "critic_head": [1, 8]}}, {"step": 11200, "ranks": {"input_proj": [5, 8], "q_proj": [1, 1], "k_proj": [1, 1], "v_proj": [1, 1], "o_proj": [4, 30], "lm_head": [5, 8], "critic_head": [1, 8]}}, {"step": 11211, "ranks": {"input_proj": [5, 8], "q_proj": [1, 1], "k_proj": [1, 1], "v_proj": [1, 1], "o_proj": [4, 30], "lm_head": [5, 8], "critic_head": [1, 8]}}, {"step": 11241, "ranks": {"input_proj": [6, 8], "q_proj": [1, 1], "k_proj": [1, 1], "v_proj": [1, 1], "o_proj": [4, 31], "lm_head": [5, 8], "critic_head": [1, 8]}}, {"step": 11289, "ranks": {"input_proj": [5, 8], "q_proj": [1, 1], "k_proj": [1, 1], "v_proj": [1, 1], "o_proj": [4, 30], "lm_head": [5, 8], "critic_head": [1, 8]}}, {"step": 11319, "ranks": {"input_proj": [5, 8], "q_proj": [1, 1], "k_proj": [1, 1], "v_proj": [1, 1], "o_proj": [4, 30], "lm_head": [5, 8], "critic_head": [1, 8]}}, {"step": 11400, "ranks": {"input_proj": [5, 8], "q_proj": [1, 1], "k_proj": [1, 1], "v_proj": [1, 1], "o_proj": [4, 30], "lm_head": [5, 8], "critic_head": [1, 8]}}, {"step": 11412, "ranks": {"input_proj": [5, 8], "q_proj": [1, 1], "k_proj": [1, 1], "v_proj": [1, 1], "o_proj": [4, 30], "lm_head": [5, 8], "critic_head": [1, 8]}}, {"step": 11444, "ranks": {"input_proj": [5, 8], "q_proj": [1, 1], "k_proj": [1, 1], "v_proj": [1, 1], "o_proj": [4, 30], "lm_head": [5, 8], "critic_head": [1, 8]}}, {"step": 11468, "ranks": {"input_proj": [5, 8], "q_proj": [1, 1], "k_proj": [1, 1], "v_proj": [1, 1], "o_proj": [4, 30], "lm_head": [5, 8], "critic_head": [1, 8]}}, {"step": 11501, "ranks": {"input_proj": [5, 8], "q_proj": [1, 1], "k_proj": [1, 1], "v_proj": [1, 1], "o_proj": [4, 30], "lm_head": [5, 8], "critic_head": [1, 8]}}, {"step": 11600, "ranks": {"input_proj": [5, 8], "q_proj": [1, 1], "k_proj": [1, 1], "v_proj": [1, 1], "o_proj": [4, 30], "lm_head": [5, 8], "critic_head": [1, 8]}}, {"step": 11622, "ranks": {"input_proj": [5, 8], "q_proj": [1, 1], "k_proj": [1, 1], "v_proj": [1, 1], "o_proj": [4, 30], "lm_head": [5, 8], "critic_head": [1, 8]}}, {"step": 11652, "ranks": {"input_proj": [5, 8], "q_proj": [1, 1], "k_proj": [1, 1], "v_proj": [1, 1], "o_proj": [4, 30], "lm_head": [5, 8], "critic_head": [1, 8]}}, {"step": 11688, "ranks": {"input_proj": [5, 8], "q_proj": [1, 1], "k_proj": [1, 1], "v_proj": [1, 1], "o_proj": [4, 30], "lm_head": [5, 8], "critic_head": [1, 8]}}, {"step": 11723, "ranks": {"input_proj": [5, 8], "q_proj": [1, 1], "k_proj": [1, 1], "v_proj": [1, 1], "o_proj": [4, 30], "lm_head": [6, 8], "critic_head": [1, 8]}}, {"step": 11791, "ranks": {"input_proj": [5, 8], "q_proj": [1, 1], "k_proj": [1, 1], "v_proj": [1, 1], "o_proj": [4, 30], "lm_head": [5, 8], "critic_head": [1, 8]}}, {"step": 11800, "ranks": {"input_proj": [5, 8], "q_proj": [1, 1], "k_proj": [1, 1], "v_proj": [1, 1], "o_proj": [4, 30], "lm_head": [5, 8], "critic_head": [1, 8]}}, {"step": 11823, "ranks": {"input_proj": [5, 8], "q_proj": [1, 1], "k_proj": [1, 1], "v_proj": [1, 1], "o_proj": [4, 30], "lm_head": [6, 8], "critic_head": [1, 8]}}, {"step": 11964, "ranks": {"input_proj": [5, 8], "q_proj": [1, 1], "k_proj": [1, 1], "v_proj": [1, 1], "o_proj": [4, 30], "lm_head": [5, 8], "critic_head": [1, 8]}}, {"step": 11995, "ranks": {"input_proj": [5, 8], "q_proj": [1, 1], "k_proj": [1, 1], "v_proj": [1, 1], "o_proj": [4, 30], "lm_head": [6, 8], "critic_head": [1, 8]}}, {"step": 12000, "ranks": {"input_proj": [5, 8], "q_proj": [1, 1], "k_proj": [1, 1], "v_proj": [1, 1], "o_proj": [4, 30], "lm_head": [6, 8], "critic_head": [1, 8]}}, {"step": 12028, "ranks": {"input_proj": [5, 8], "q_proj": [1, 1], "k_proj": [1, 1], "v_proj": [1, 1], "o_proj": [4, 30], "lm_head": [6, 8], "critic_head": [1, 8]}}, {"step": 12063, "ranks": {"input_proj": [5, 8], "q_proj": [1, 1], "k_proj": [1, 1], "v_proj": [1, 1], "o_proj": [4, 30], "lm_head": [6, 8], "critic_head": [1, 8]}}, {"step": 12134, "ranks": {"input_proj": [5, 8], "q_proj": [1, 1], "k_proj": [1, 1], "v_proj": [1, 1], "o_proj": [4, 30], "lm_head": [6, 8], "critic_head": [1, 8]}}, {"step": 12164, "ranks": {"input_proj": [5, 8], "q_proj": [1, 1], "k_proj": [1, 1], "v_proj": [1, 1], "o_proj": [4, 30], "lm_head": [5, 8], "critic_head": [1, 8]}}, {"step": 12200, "ranks": {"input_proj": [5, 8], "q_proj": [1, 1], "k_proj": [1, 1], "v_proj": [1, 1], "o_proj": [4, 30], "lm_head": [5, 8], "critic_head": [1, 8]}}, {"step": 12245, "ranks": {"input_proj": [5, 8], "q_proj": [1, 1], "k_proj": [1, 1], "v_proj": [1, 1], "o_proj": [4, 30], "lm_head": [5, 8], "critic_head": [1, 8]}}, {"step": 12275, "ranks": {"input_proj": [5, 8], "q_proj": [1, 1], "k_proj": [1, 1], "v_proj": [1, 1], "o_proj": [4, 30], "lm_head": [6, 8], "critic_head": [1, 8]}}, {"step": 12315, "ranks": {"input_proj": [5, 8], "q_proj": [1, 1], "k_proj": [1, 1], "v_proj": [1, 1], "o_proj": [4, 30], "lm_head": [5, 8], "critic_head": [1, 8]}}, {"step": 12361, "ranks": {"input_proj": [5, 8], "q_proj": [1, 1], "k_proj": [1, 1], "v_proj": [1, 1], "o_proj": [4, 30], "lm_head": [5, 8], "critic_head": [1, 8]}}, {"step": 12400, "ranks": {"input_proj": [5, 8], "q_proj": [1, 1], "k_proj": [1, 1], "v_proj": [1, 1], "o_proj": [4, 30], "lm_head": [5, 8], "critic_head": [1, 8]}}, {"step": 12464, "ranks": {"input_proj": [5, 8], "q_proj": [1, 1], "k_proj": [1, 1], "v_proj": [1, 1], "o_proj": [4, 30], "lm_head": [5, 8], "critic_head": [1, 8]}}, {"step": 12496, "ranks": {"input_proj": [5, 8], "q_proj": [1, 1], "k_proj": [1, 1], "v_proj": [1, 1], "o_proj": [4, 30], "lm_head": [5, 8], "critic_head": [1, 8]}}, {"step": 12512, "ranks": {"input_proj": [5, 8], "q_proj": [1, 1], "k_proj": [1, 1], "v_proj": [1, 1], "o_proj": [4, 30], "lm_head": [5, 8], "critic_head": [1, 8]}}, {"step": 12556, "ranks": {"input_proj": [5, 8], "q_proj": [1, 1], "k_proj": [1, 1], "v_proj": [1, 1], "o_proj": [4, 30], "lm_head": [5, 8], "critic_head": [1, 8]}}, {"step": 12600, "ranks": {"input_proj": [5, 8], "q_proj": [1, 1], "k_proj": [1, 1], "v_proj": [1, 1], "o_proj": [4, 30], "lm_head": [5, 8], "critic_head": [1, 8]}}, {"step": 12601, "ranks": {"input_proj": [5, 8], "q_proj": [1, 1], "k_proj": [1, 1], "v_proj": [1, 1], "o_proj": [4, 30], "lm_head": [5, 8], "critic_head": [1, 8]}}, {"step": 12631, "ranks": {"input_proj": [5, 8], "q_proj": [1, 1], "k_proj": [1, 1], "v_proj": [1, 1], "o_proj": [4, 30], "lm_head": [5, 8], "critic_head": [1, 8]}}, {"step": 12676, "ranks": {"input_proj": [5, 8], "q_proj": [1, 1], "k_proj": [1, 1], "v_proj": [1, 1], "o_proj": [4, 30], "lm_head": [5, 8], "critic_head": [1, 8]}}, {"step": 12713, "ranks": {"input_proj": [5, 8], "q_proj": [1, 1], "k_proj": [1, 1], "v_proj": [1, 1], "o_proj": [4, 30], "lm_head": [6, 8], "critic_head": [1, 8]}}, {"step": 12741, "ranks": {"input_proj": [5, 8], "q_proj": [1, 1], "k_proj": [1, 1], "v_proj": [1, 1], "o_proj": [4, 30], "lm_head": [5, 8], "critic_head": [1, 8]}}, {"step": 12771, "ranks": {"input_proj": [5, 8], "q_proj": [1, 1], "k_proj": [1, 1], "v_proj": [1, 1], "o_proj": [4, 30], "lm_head": [5, 8], "critic_head": [1, 8]}}, {"step": 12800, "ranks": {"input_proj": [5, 8], "q_proj": [1, 1], "k_proj": [1, 1], "v_proj": [1, 1], "o_proj": [4, 30], "lm_head": [5, 8], "critic_head": [2, 8]}}, {"step": 12827, "ranks": {"input_proj": [5, 8], "q_proj": [1, 1], "k_proj": [1, 1], "v_proj": [1, 1], "o_proj": [4, 30], "lm_head": [5, 8], "critic_head": [1, 8]}}, {"step": 12863, "ranks": {"input_proj": [5, 8], "q_proj": [1, 1], "k_proj": [1, 1], "v_proj": [1, 1], "o_proj": [4, 30], "lm_head": [5, 8], "critic_head": [1, 8]}}, {"step": 12905, "ranks": {"input_proj": [5, 8], "q_proj": [1, 1], "k_proj": [1, 1], "v_proj": [1, 1], "o_proj": [4, 30], "lm_head": [5, 8], "critic_head": [1, 8]}}, {"step": 12945, "ranks": {"input_proj": [5, 8], "q_proj": [1, 1], "k_proj": [1, 1], "v_proj": [1, 1], "o_proj": [4, 30], "lm_head": [5, 8], "critic_head": [1, 8]}}, {"step": 12990, "ranks": {"input_proj": [5, 8], "q_proj": [1, 1], "k_proj": [1, 1], "v_proj": [1, 1], "o_proj": [4, 30], "lm_head": [5, 8], "critic_head": [1, 8]}}, {"step": 13000, "ranks": {"input_proj": [5, 8], "q_proj": [1, 1], "k_proj": [1, 1], "v_proj": [1, 1], "o_proj": [4, 30], "lm_head": [5, 8], "critic_head": [1, 8]}}, {"step": 13034, "ranks": {"input_proj": [5, 8], "q_proj": [1, 1], "k_proj": [1, 1], "v_proj": [1, 1], "o_proj": [4, 30], "lm_head": [5, 8], "critic_head": [1, 8]}}, {"step": 13123, "ranks": {"input_proj": [5, 8], "q_proj": [1, 1], "k_proj": [1, 1], "v_proj": [1, 1], "o_proj": [4, 30], "lm_head": [5, 8], "critic_head": [1, 8]}}, {"step": 13153, "ranks": {"input_proj": [5, 8], "q_proj": [1, 1], "k_proj": [1, 1], "v_proj": [1, 1], "o_proj": [4, 30], "lm_head": [5, 8], "critic_head": [1, 8]}}, {"step": 13200, "ranks": {"input_proj": [5, 8], "q_proj": [1, 1], "k_proj": [1, 1], "v_proj": [1, 1], "o_proj": [4, 30], "lm_head": [5, 8], "critic_head": [1, 8]}}, {"step": 13222, "ranks": {"input_proj": [5, 8], "q_proj": [1, 1], "k_proj": [1, 1], "v_proj": [1, 1], "o_proj": [4, 30], "lm_head": [5, 8], "critic_head": [1, 8]}}, {"step": 13257, "ranks": {"input_proj": [5, 8], "q_proj": [1, 1], "k_proj": [1, 1], "v_proj": [1, 1], "o_proj": [4, 30], "lm_head": [5, 8], "critic_head": [1, 8]}}, {"step": 13317, "ranks": {"input_proj": [5, 8], "q_proj": [1, 1], "k_proj": [1, 1], "v_proj": [1, 1], "o_proj": [4, 30], "lm_head": [5, 8], "critic_head": [1, 8]}}, {"step": 13359, "ranks": {"input_proj": [5, 8], "q_proj": [1, 1], "k_proj": [1, 1], "v_proj": [1, 1], "o_proj": [4, 30], "lm_head": [5, 8], "critic_head": [1, 8]}}, {"step": 13400, "ranks": {"input_proj": [5, 8], "q_proj": [1, 1], "k_proj": [1, 1], "v_proj": [1, 1], "o_proj": [4, 31], "lm_head": [5, 8], "critic_head": [1, 8]}}, {"step": 13494, "ranks": {"input_proj": [5, 8], "q_proj": [1, 1], "k_proj": [1, 1], "v_proj": [1, 1], "o_proj": [4, 30], "lm_head": [5, 8], "critic_head": [1, 8]}}, {"step": 13527, "ranks": {"input_proj": [5, 8], "q_proj": [1, 1], "k_proj": [1, 1], "v_proj": [1, 1], "o_proj": [3, 30], "lm_head": [5, 8], "critic_head": [1, 8]}}, {"step": 13600, "ranks": {"input_proj": [5, 8], "q_proj": [1, 1], "k_proj": [1, 1], "v_proj": [1, 1], "o_proj": [3, 30], "lm_head": [5, 8], "critic_head": [1, 8]}}, {"step": 13610, "ranks": {"input_proj": [5, 8], "q_proj": [1, 1], "k_proj": [1, 1], "v_proj": [1, 1], "o_proj": [3, 30], "lm_head": [5, 8], "critic_head": [1, 8]}}, {"step": 13667, "ranks": {"input_proj": [5, 8], "q_proj": [1, 1], "k_proj": [1, 1], "v_proj": [1, 1], "o_proj": [3, 30], "lm_head": [5, 8], "critic_head": [1, 8]}}, {"step": 13739, "ranks": {"input_proj": [5, 8], "q_proj": [1, 1], "k_proj": [1, 1], "v_proj": [1, 1], "o_proj": [3, 30], "lm_head": [5, 8], "critic_head": [1, 8]}}, {"step": 13776, "ranks": {"input_proj": [5, 8], "q_proj": [1, 1], "k_proj": [1, 1], "v_proj": [1, 1], "o_proj": [3, 31], "lm_head": [5, 8], "critic_head": [1, 8]}}, {"step": 13800, "ranks": {"input_proj": [5, 8], "q_proj": [1, 1], "k_proj": [1, 1], "v_proj": [1, 1], "o_proj": [3, 30], "lm_head": [6, 8], "critic_head": [1, 8]}}, {"step": 13948, "ranks": {"input_proj": [5, 8], "q_proj": [1, 1], "k_proj": [1, 1], "v_proj": [1, 1], "o_proj": [3, 30], "lm_head": [5, 8], "critic_head": [1, 8]}}, {"step": 13995, "ranks": {"input_proj": [5, 8], "q_proj": [1, 1], "k_proj": [1, 1], "v_proj": [1, 1], "o_proj": [3, 30], "lm_head": [5, 8], "critic_head": [1, 8]}}, {"step": 14000, "ranks": {"input_proj": [5, 8], "q_proj": [1, 1], "k_proj": [1, 1], "v_proj": [1, 1], "o_proj": [3, 30], "lm_head": [5, 8], "critic_head": [1, 8]}}, {"step": 14011, "ranks": {"input_proj": [5, 8], "q_proj": [1, 1], "k_proj": [1, 1], "v_proj": [1, 1], "o_proj": [3, 30], "lm_head": [5, 8], "critic_head": [1, 8]}}, {"step": 14041, "ranks": {"input_proj": [5, 8], "q_proj": [1, 1], "k_proj": [1, 1], "v_proj": [1, 1], "o_proj": [3, 30], "lm_head": [5, 8], "critic_head": [1, 8]}}, {"step": 14200, "ranks": {"input_proj": [5, 8], "q_proj": [1, 1], "k_proj": [1, 1], "v_proj": [1, 1], "o_proj": [3, 30], "lm_head": [5, 8], "critic_head": [1, 8]}}, {"step": 14203, "ranks": {"input_proj": [5, 8], "q_proj": [1, 1], "k_proj": [1, 1], "v_proj": [1, 1], "o_proj": [3, 30], "lm_head": [5, 8], "critic_head": [1, 8]}}, {"step": 14233, "ranks": {"input_proj": [5, 8], "q_proj": [1, 1], "k_proj": [1, 1], "v_proj": [1, 1], "o_proj": [3, 30], "lm_head": [5, 8], "critic_head": [1, 8]}}, {"step": 14310, "ranks": {"input_proj": [5, 8], "q_proj": [1, 1], "k_proj": [1, 1], "v_proj": [1, 1], "o_proj": [3, 30], "lm_head": [5, 8], "critic_head": [1, 8]}}, {"step": 14340, "ranks": {"input_proj": [5, 8], "q_proj": [1, 1], "k_proj": [1, 1], "v_proj": [1, 1], "o_proj": [3, 30], "lm_head": [5, 8], "critic_head": [2, 8]}}, {"step": 14400, "ranks": {"input_proj": [5, 8], "q_proj": [1, 1], "k_proj": [1, 1], "v_proj": [1, 1], "o_proj": [3, 30], "lm_head": [5, 8], "critic_head": [2, 8]}}, {"step": 14530, "ranks": {"input_proj": [5, 8], "q_proj": [1, 1], "k_proj": [1, 1], "v_proj": [1, 1], "o_proj": [3, 30], "lm_head": [5, 8], "critic_head": [1, 8]}}, {"step": 14560, "ranks": {"input_proj": [4, 8], "q_proj": [1, 1], "k_proj": [1, 1], "v_proj": [1, 1], "o_proj": [3, 31], "lm_head": [5, 8], "critic_head": [1, 8]}}, {"step": 14600, "ranks": {"input_proj": [4, 8], "q_proj": [1, 1], "k_proj": [1, 1], "v_proj": [1, 1], "o_proj": [3, 30], "lm_head": [5, 8], "critic_head": [1, 8]}}, {"step": 14657, "ranks": {"input_proj": [4, 8], "q_proj": [1, 1], "k_proj": [1, 1], "v_proj": [1, 1], "o_proj": [3, 30], "lm_head": [5, 8], "critic_head": [1, 8]}}, {"step": 14705, "ranks": {"input_proj": [4, 8], "q_proj": [1, 1], "k_proj": [1, 1], "v_proj": [1, 1], "o_proj": [3, 30], "lm_head": [5, 8], "critic_head": [1, 8]}}, {"step": 14757, "ranks": {"input_proj": [4, 8], "q_proj": [1, 1], "k_proj": [1, 1], "v_proj": [1, 1], "o_proj": [3, 30], "lm_head": [5, 8], "critic_head": [1, 8]}}, {"step": 14787, "ranks": {"input_proj": [4, 8], "q_proj": [1, 1], "k_proj": [1, 1], "v_proj": [1, 1], "o_proj": [3, 30], "lm_head": [5, 8], "critic_head": [1, 8]}}, {"step": 14800, "ranks": {"input_proj": [4, 8], "q_proj": [1, 1], "k_proj": [1, 1], "v_proj": [1, 1], "o_proj": [3, 30], "lm_head": [6, 8], "critic_head": [1, 8]}}, {"step": 14848, "ranks": {"input_proj": [4, 8], "q_proj": [1, 1], "k_proj": [1, 1], "v_proj": [1, 1], "o_proj": [3, 30], "lm_head": [6, 8], "critic_head": [1, 7]}}, {"step": 14880, "ranks": {"input_proj": [4, 8], "q_proj": [1, 1], "k_proj": [1, 1], "v_proj": [1, 1], "o_proj": [3, 30], "lm_head": [6, 8], "critic_head": [1, 7]}}, {"step": 14924, "ranks": {"input_proj": [4, 8], "q_proj": [1, 1], "k_proj": [1, 1], "v_proj": [1, 1], "o_proj": [3, 30], "lm_head": [6, 8], "critic_head": [1, 6]}}, {"step": 14955, "ranks": {"input_proj": [5, 8], "q_proj": [1, 1], "k_proj": [1, 1], "v_proj": [1, 1], "o_proj": [3, 30], "lm_head": [6, 8], "critic_head": [1, 6]}}, {"step": 15000, "ranks": {"input_proj": [4, 8], "q_proj": [1, 1], "k_proj": [1, 1], "v_proj": [1, 1], "o_proj": [3, 30], "lm_head": [6, 8], "critic_head": [1, 6]}}, {"step": 15053, "ranks": {"input_proj": [4, 8], "q_proj": [1, 1], "k_proj": [1, 1], "v_proj": [1, 1], "o_proj": [3, 30], "lm_head": [6, 8], "critic_head": [1, 6]}}, {"step": 15089, "ranks": {"input_proj": [4, 8], "q_proj": [1, 1], "k_proj": [1, 1], "v_proj": [1, 1], "o_proj": [3, 30], "lm_head": [6, 8], "critic_head": [1, 6]}}, {"step": 15200, "ranks": {"input_proj": [4, 8], "q_proj": [1, 1], "k_proj": [1, 1], "v_proj": [1, 1], "o_proj": [3, 30], "lm_head": [6, 8], "critic_head": [1, 5]}}, {"step": 15274, "ranks": {"input_proj": [4, 8], "q_proj": [1, 1], "k_proj": [1, 1], "v_proj": [1, 1], "o_proj": [3, 30], "lm_head": [6, 8], "critic_head": [1, 5]}}, {"step": 15310, "ranks": {"input_proj": [4, 8], "q_proj": [1, 1], "k_proj": [1, 1], "v_proj": [1, 1], "o_proj": [3, 30], "lm_head": [6, 8], "critic_head": [2, 5]}}, {"step": 15400, "ranks": {"input_proj": [4, 8], "q_proj": [1, 1], "k_proj": [1, 1], "v_proj": [1, 1], "o_proj": [3, 30], "lm_head": [6, 8], "critic_head": [1, 5]}}, {"step": 15475, "ranks": {"input_proj": [4, 8], "q_proj": [1, 1], "k_proj": [1, 1], "v_proj": [1, 1], "o_proj": [3, 30], "lm_head": [6, 8], "critic_head": [1, 5]}}, {"step": 15505, "ranks": {"input_proj": [4, 8], "q_proj": [1, 1], "k_proj": [1, 1], "v_proj": [1, 1], "o_proj": [3, 30], "lm_head": [6, 8], "critic_head": [1, 5]}}, {"step": 15586, "ranks": {"input_proj": [4, 8], "q_proj": [1, 1], "k_proj": [1, 1], "v_proj": [1, 1], "o_proj": [3, 30], "lm_head": [6, 8], "critic_head": [1, 5]}}, {"step": 15600, "ranks": {"input_proj": [4, 8], "q_proj": [1, 1], "k_proj": [1, 1], "v_proj": [1, 1], "o_proj": [3, 30], "lm_head": [6, 8], "critic_head": [1, 5]}}, {"step": 15644, "ranks": {"input_proj": [4, 8], "q_proj": [1, 1], "k_proj": [1, 1], "v_proj": [1, 1], "o_proj": [3, 30], "lm_head": [6, 8], "critic_head": [1, 5]}}, {"step": 15717, "ranks": {"input_proj": [4, 8], "q_proj": [1, 1], "k_proj": [1, 1], "v_proj": [1, 1], "o_proj": [3, 30], "lm_head": [6, 8], "critic_head": [1, 5]}}, {"step": 15751, "ranks": {"input_proj": [4, 8], "q_proj": [1, 1], "k_proj": [1, 1], "v_proj": [1, 1], "o_proj": [3, 30], "lm_head": [6, 8], "critic_head": [1, 5]}}, {"step": 15800, "ranks": {"input_proj": [4, 8], "q_proj": [1, 1], "k_proj": [1, 1], "v_proj": [1, 1], "o_proj": [3, 30], "lm_head": [6, 8], "critic_head": [1, 5]}}, {"step": 15855, "ranks": {"input_proj": [4, 8], "q_proj": [1, 1], "k_proj": [1, 1], "v_proj": [1, 1], "o_proj": [3, 30], "lm_head": [6, 8], "critic_head": [1, 4]}}, {"step": 15896, "ranks": {"input_proj": [4, 8], "q_proj": [1, 1], "k_proj": [1, 1], "v_proj": [1, 1], "o_proj": [3, 30], "lm_head": [6, 8], "critic_head": [1, 4]}}, {"step": 16000, "ranks": {"input_proj": [4, 8], "q_proj": [1, 1], "k_proj": [1, 1], "v_proj": [1, 1], "o_proj": [3, 31], "lm_head": [6, 8], "critic_head": [1, 4]}}, {"step": 16014, "ranks": {"input_proj": [4, 8], "q_proj": [1, 1], "k_proj": [1, 1], "v_proj": [1, 1], "o_proj": [3, 31], "lm_head": [6, 8], "critic_head": [1, 4]}}, {"step": 16049, "ranks": {"input_proj": [4, 8], "q_proj": [1, 1], "k_proj": [1, 1], "v_proj": [1, 1], "o_proj": [3, 30], "lm_head": [6, 8], "critic_head": [1, 4]}}, {"step": 16200, "ranks": {"input_proj": [4, 8], "q_proj": [1, 1], "k_proj": [1, 1], "v_proj": [1, 1], "o_proj": [3, 30], "lm_head": [6, 8], "critic_head": [1, 3]}}, {"step": 16245, "ranks": {"input_proj": [4, 8], "q_proj": [1, 1], "k_proj": [1, 1], "v_proj": [1, 1], "o_proj": [3, 30], "lm_head": [6, 8], "critic_head": [1, 3]}}, {"step": 16278, "ranks": {"input_proj": [4, 8], "q_proj": [1, 1], "k_proj": [1, 1], "v_proj": [1, 1], "o_proj": [3, 30], "lm_head": [6, 8], "critic_head": [1, 3]}}, {"step": 16365, "ranks": {"input_proj": [4, 8], "q_proj": [1, 1], "k_proj": [1, 1], "v_proj": [1, 1], "o_proj": [3, 30], "lm_head": [6, 8], "critic_head": [1, 3]}}, {"step": 16395, "ranks": {"input_proj": [5, 8], "q_proj": [1, 1], "k_proj": [1, 1], "v_proj": [1, 1], "o_proj": [3, 31], "lm_head": [6, 8], "critic_head": [2, 3]}}, {"step": 16400, "ranks": {"input_proj": [5, 8], "q_proj": [1, 1], "k_proj": [1, 1], "v_proj": [1, 1], "o_proj": [3, 31], "lm_head": [6, 8], "critic_head": [2, 3]}}, {"step": 16484, "ranks": {"input_proj": [4, 8], "q_proj": [1, 1], "k_proj": [1, 1], "v_proj": [1, 1], "o_proj": [3, 30], "lm_head": [6, 8], "critic_head": [1, 3]}}, {"step": 16530, "ranks": {"input_proj": [4, 8], "q_proj": [1, 1], "k_proj": [1, 1], "v_proj": [1, 1], "o_proj": [3, 30], "lm_head": [6, 8], "critic_head": [2, 3]}}, {"step": 16600, "ranks": {"input_proj": [4, 8], "q_proj": [1, 1], "k_proj": [1, 1], "v_proj": [1, 1], "o_proj": [3, 30], "lm_head": [6, 8], "critic_head": [1, 3]}}, {"step": 16800, "ranks": {"input_proj": [4, 8], "q_proj": [1, 1], "k_proj": [1, 1], "v_proj": [1, 1], "o_proj": [3, 30], "lm_head": [6, 8], "critic_head": [1, 3]}}, {"step": 16800, "ranks": {"input_proj": [4, 8], "q_proj": [1, 1], "k_proj": [1, 1], "v_proj": [1, 1], "o_proj": [3, 30], "lm_head": [6, 8], "critic_head": [1, 3]}}, {"step": 16837, "ranks": {"input_proj": [4, 8], "q_proj": [1, 1], "k_proj": [1, 1], "v_proj": [1, 1], "o_proj": [3, 30], "lm_head": [6, 8], "critic_head": [1, 3]}}, {"step": 16914, "ranks": {"input_proj": [4, 8], "q_proj": [1, 1], "k_proj": [1, 1], "v_proj": [1, 1], "o_proj": [3, 31], "lm_head": [6, 8], "critic_head": [1, 4]}}, {"step": 16960, "ranks": {"input_proj": [5, 8], "q_proj": [1, 1], "k_proj": [1, 1], "v_proj": [1, 1], "o_proj": [3, 31], "lm_head": [6, 8], "critic_head": [1, 4]}}, {"step": 17000, "ranks": {"input_proj": [4, 8], "q_proj": [1, 1], "k_proj": [1, 1], "v_proj": [1, 1], "o_proj": [3, 30], "lm_head": [6, 8], "critic_head": [1, 4]}}, {"step": 17101, "ranks": {"input_proj": [4, 8], "q_proj": [1, 1], "k_proj": [1, 1], "v_proj": [1, 1], "o_proj": [3, 30], "lm_head": [6, 8], "critic_head": [1, 4]}}, {"step": 17131, "ranks": {"input_proj": [4, 8], "q_proj": [1, 1], "k_proj": [1, 1], "v_proj": [1, 1], "o_proj": [3, 30], "lm_head": [6, 8], "critic_head": [2, 4]}}, {"step": 17174, "ranks": {"input_proj": [4, 8], "q_proj": [1, 1], "k_proj": [1, 1], "v_proj": [1, 1], "o_proj": [3, 30], "lm_head": [6, 8], "critic_head": [1, 4]}}, {"step": 17200, "ranks": {"input_proj": [4, 8], "q_proj": [1, 1], "k_proj": [1, 1], "v_proj": [1, 1], "o_proj": [3, 30], "lm_head": [6, 8], "critic_head": [1, 4]}}, {"step": 17206, "ranks": {"input_proj": [4, 8], "q_proj": [1, 1], "k_proj": [1, 1], "v_proj": [1, 1], "o_proj": [3, 30], "lm_head": [6, 8], "critic_head": [1, 4]}}, {"step": 17400, "ranks": {"input_proj": [4, 8], "q_proj": [1, 1], "k_proj": [1, 1], "v_proj": [1, 1], "o_proj": [3, 30], "lm_head": [6, 8], "critic_head": [2, 4]}}, {"step": 17434, "ranks": {"input_proj": [4, 8], "q_proj": [1, 1], "k_proj": [1, 1], "v_proj": [1, 1], "o_proj": [3, 30], "lm_head": [6, 8], "critic_head": [2, 4]}}, {"step": 17466, "ranks": {"input_proj": [4, 8], "q_proj": [1, 1], "k_proj": [1, 1], "v_proj": [1, 1], "o_proj": [3, 30], "lm_head": [6, 8], "critic_head": [1, 4]}}, {"step": 17600, "ranks": {"input_proj": [4, 8], "q_proj": [1, 1], "k_proj": [1, 1], "v_proj": [1, 1], "o_proj": [3, 30], "lm_head": [6, 8], "critic_head": [2, 3]}}, {"step": 17730, "ranks": {"input_proj": [4, 8], "q_proj": [1, 1], "k_proj": [1, 1], "v_proj": [1, 1], "o_proj": [3, 30], "lm_head": [6, 8], "critic_head": [2, 3]}}, {"step": 17769, "ranks": {"input_proj": [4, 8], "q_proj": [1, 1], "k_proj": [1, 1], "v_proj": [1, 1], "o_proj": [3, 30], "lm_head": [6, 8], "critic_head": [2, 3]}}, {"step": 17800, "ranks": {"input_proj": [4, 8], "q_proj": [1, 1], "k_proj": [1, 1], "v_proj": [1, 1], "o_proj": [3, 30], "lm_head": [6, 8], "critic_head": [1, 3]}}, {"step": 17830, "ranks": {"input_proj": [4, 8], "q_proj": [1, 1], "k_proj": [1, 1], "v_proj": [1, 1], "o_proj": [3, 30], "lm_head": [6, 8], "critic_head": [1, 3]}}, {"step": 17860, "ranks": {"input_proj": [4, 8], "q_proj": [1, 1], "k_proj": [1, 1], "v_proj": [1, 1], "o_proj": [3, 30], "lm_head": [6, 8], "critic_head": [1, 3]}}, {"step": 18000, "ranks": {"input_proj": [4, 8], "q_proj": [1, 1], "k_proj": [1, 1], "v_proj": [1, 1], "o_proj": [3, 30], "lm_head": [6, 8], "critic_head": [1, 3]}}, {"step": 18129, "ranks": {"input_proj": [4, 8], "q_proj": [1, 1], "k_proj": [1, 1], "v_proj": [1, 1], "o_proj": [3, 30], "lm_head": [6, 8], "critic_head": [1, 3]}}, {"step": 18176, "ranks": {"input_proj": [4, 8], "q_proj": [1, 1], "k_proj": [1, 1], "v_proj": [1, 1], "o_proj": [3, 30], "lm_head": [6, 8], "critic_head": [1, 3]}}, {"step": 18200, "ranks": {"input_proj": [4, 8], "q_proj": [1, 1], "k_proj": [1, 1], "v_proj": [1, 1], "o_proj": [3, 30], "lm_head": [6, 8], "critic_head": [1, 3]}}, {"step": 18213, "ranks": {"input_proj": [4, 8], "q_proj": [1, 1], "k_proj": [1, 1], "v_proj": [1, 1], "o_proj": [3, 30], "lm_head": [6, 8], "critic_head": [1, 3]}}, {"step": 18250, "ranks": {"input_proj": [4, 8], "q_proj": [1, 1], "k_proj": [1, 1], "v_proj": [1, 1], "o_proj": [3, 30], "lm_head": [6, 8], "critic_head": [1, 3]}}, {"step": 18370, "ranks": {"input_proj": [4, 8], "q_proj": [1, 1], "k_proj": [1, 1], "v_proj": [1, 1], "o_proj": [3, 30], "lm_head": [6, 8], "critic_head": [1, 3]}}, {"step": 18400, "ranks": {"input_proj": [4, 8], "q_proj": [1, 1], "k_proj": [1, 1], "v_proj": [1, 1], "o_proj": [3, 30], "lm_head": [6, 8], "critic_head": [1, 3]}}, {"step": 18406, "ranks": {"input_proj": [4, 8], "q_proj": [1, 1], "k_proj": [1, 1], "v_proj": [1, 1], "o_proj": [3, 30], "lm_head": [6, 8], "critic_head": [1, 3]}}, {"step": 18456, "ranks": {"input_proj": [4, 8], "q_proj": [1, 1], "k_proj": [1, 1], "v_proj": [1, 1], "o_proj": [3, 30], "lm_head": [6, 8], "critic_head": [1, 3]}}, {"step": 18486, "ranks": {"input_proj": [4, 8], "q_proj": [1, 1], "k_proj": [1, 1], "v_proj": [1, 1], "o_proj": [3, 30], "lm_head": [6, 8], "critic_head": [1, 3]}}, {"step": 18536, "ranks": {"input_proj": [4, 8], "q_proj": [1, 1], "k_proj": [1, 1], "v_proj": [1, 1], "o_proj": [3, 30], "lm_head": [6, 8], "critic_head": [1, 2]}}, {"step": 18566, "ranks": {"input_proj": [4, 8], "q_proj": [1, 1], "k_proj": [1, 1], "v_proj": [1, 1], "o_proj": [3, 30], "lm_head": [6, 8], "critic_head": [1, 3]}}, {"step": 18600, "ranks": {"input_proj": [4, 8], "q_proj": [1, 1], "k_proj": [1, 1], "v_proj": [1, 1], "o_proj": [3, 30], "lm_head": [6, 8], "critic_head": [1, 4]}}, {"step": 18602, "ranks": {"input_proj": [4, 8], "q_proj": [1, 1], "k_proj": [1, 1], "v_proj": [1, 1], "o_proj": [3, 30], "lm_head": [6, 8], "critic_head": [1, 4]}}, {"step": 18636, "ranks": {"input_proj": [4, 8], "q_proj": [1, 1], "k_proj": [1, 1], "v_proj": [1, 1], "o_proj": [3, 30], "lm_head": [6, 8], "critic_head": [1, 4]}}, {"step": 18752, "ranks": {"input_proj": [4, 8], "q_proj": [1, 1], "k_proj": [1, 1], "v_proj": [1, 1], "o_proj": [3, 30], "lm_head": [6, 8], "critic_head": [1, 5]}}, {"step": 18793, "ranks": {"input_proj": [4, 8], "q_proj": [1, 1], "k_proj": [1, 1], "v_proj": [1, 1], "o_proj": [3, 30], "lm_head": [6, 8], "critic_head": [1, 4]}}, {"step": 18800, "ranks": {"input_proj": [4, 8], "q_proj": [1, 1], "k_proj": [1, 1], "v_proj": [1, 1], "o_proj": [3, 30], "lm_head": [6, 8], "critic_head": [2, 5]}}, {"step": 18958, "ranks": {"input_proj": [4, 8], "q_proj": [1, 1], "k_proj": [1, 1], "v_proj": [1, 1], "o_proj": [3, 30], "lm_head": [6, 8], "critic_head": [2, 6]}}, {"step": 18990, "ranks": {"input_proj": [4, 8], "q_proj": [1, 1], "k_proj": [1, 1], "v_proj": [1, 1], "o_proj": [3, 30], "lm_head": [6, 8], "critic_head": [2, 6]}}, {"step": 19000, "ranks": {"input_proj": [4, 8], "q_proj": [1, 1], "k_proj": [1, 1], "v_proj": [1, 1], "o_proj": [3, 30], "lm_head": [6, 8], "critic_head": [2, 6]}}, {"step": 19095, "ranks": {"input_proj": [4, 8], "q_proj": [1, 1], "k_proj": [1, 1], "v_proj": [1, 1], "o_proj": [3, 30], "lm_head": [6, 8], "critic_head": [1, 7]}}, {"step": 19127, "ranks": {"input_proj": [4, 8], "q_proj": [1, 1], "k_proj": [1, 1], "v_proj": [1, 1], "o_proj": [3, 30], "lm_head": [6, 8], "critic_head": [1, 6]}}, {"step": 19200, "ranks": {"input_proj": [4, 8], "q_proj": [1, 1], "k_proj": [1, 1], "v_proj": [1, 1], "o_proj": [3, 30], "lm_head": [6, 8], "critic_head": [1, 7]}}, {"step": 19237, "ranks": {"input_proj": [4, 8], "q_proj": [1, 1], "k_proj": [1, 1], "v_proj": [1, 1], "o_proj": [3, 30], "lm_head": [6, 8], "critic_head": [1, 8]}}, {"step": 19268, "ranks": {"input_proj": [4, 8], "q_proj": [1, 1], "k_proj": [1, 1], "v_proj": [1, 1], "o_proj": [3, 30], "lm_head": [6, 8], "critic_head": [1, 7]}}, {"step": 19354, "ranks": {"input_proj": [4, 8], "q_proj": [1, 1], "k_proj": [1, 1], "v_proj": [1, 1], "o_proj": [3, 30], "lm_head": [6, 8], "critic_head": [1, 8]}}, {"step": 19386, "ranks": {"input_proj": [4, 8], "q_proj": [1, 1], "k_proj": [1, 1], "v_proj": [1, 1], "o_proj": [3, 30], "lm_head": [6, 8], "critic_head": [1, 8]}}, {"step": 19400, "ranks": {"input_proj": [4, 8], "q_proj": [1, 1], "k_proj": [1, 1], "v_proj": [1, 1], "o_proj": [3, 30], "lm_head": [6, 7], "critic_head": [2, 8]}}, {"step": 19424, "ranks": {"input_proj": [4, 8], "q_proj": [1, 1], "k_proj": [1, 1], "v_proj": [1, 1], "o_proj": [3, 30], "lm_head": [6, 8], "critic_head": [1, 8]}}, {"step": 19461, "ranks": {"input_proj": [4, 8], "q_proj": [1, 1], "k_proj": [1, 1], "v_proj": [1, 1], "o_proj": [3, 30], "lm_head": [6, 8], "critic_head": [1, 8]}}, {"step": 19572, "ranks": {"input_proj": [4, 8], "q_proj": [1, 1], "k_proj": [1, 1], "v_proj": [1, 1], "o_proj": [3, 30], "lm_head": [6, 8], "critic_head": [2, 8]}}, {"step": 19600, "ranks": {"input_proj": [4, 8], "q_proj": [1, 1], "k_proj": [1, 1], "v_proj": [1, 1], "o_proj": [3, 30], "lm_head": [6, 8], "critic_head": [1, 8]}}, {"step": 19612, "ranks": {"input_proj": [4, 8], "q_proj": [1, 1], "k_proj": [1, 1], "v_proj": [1, 1], "o_proj": [3, 30], "lm_head": [6, 8], "critic_head": [2, 8]}}, {"step": 19657, "ranks": {"input_proj": [4, 8], "q_proj": [1, 1], "k_proj": [1, 1], "v_proj": [1, 1], "o_proj": [3, 30], "lm_head": [6, 8], "critic_head": [2, 8]}}, {"step": 19712, "ranks": {"input_proj": [4, 8], "q_proj": [1, 1], "k_proj": [1, 1], "v_proj": [1, 1], "o_proj": [3, 30], "lm_head": [6, 8], "critic_head": [2, 8]}}, {"step": 19800, "ranks": {"input_proj": [4, 8], "q_proj": [1, 1], "k_proj": [1, 1], "v_proj": [1, 1], "o_proj": [3, 30], "lm_head": [6, 8], "critic_head": [2, 8]}}, {"step": 19825, "ranks": {"input_proj": [4, 8], "q_proj": [1, 1], "k_proj": [1, 1], "v_proj": [1, 1], "o_proj": [3, 30], "lm_head": [6, 8], "critic_head": [2, 8]}}, {"step": 19856, "ranks": {"input_proj": [4, 8], "q_proj": [1, 1], "k_proj": [1, 1], "v_proj": [1, 1], "o_proj": [3, 30], "lm_head": [6, 8], "critic_head": [2, 8]}}, {"step": 19979, "ranks": {"input_proj": [4, 8], "q_proj": [1, 1], "k_proj": [1, 1], "v_proj": [1, 1], "o_proj": [3, 30], "lm_head": [6, 8], "critic_head": [2, 8]}}, {"step": 20000, "ranks": {"input_proj": [5, 8], "q_proj": [1, 1], "k_proj": [1, 1], "v_proj": [1, 1], "o_proj": [3, 31], "lm_head": [6, 8], "critic_head": [2, 8]}}]
STAGE_HISTORY_JSON [{"step": 5590, "event": "level_up", "from": {"vocab": 8, "k": 1, "phase": "vocab"}, "to": {"vocab": 16, "k": 1, "phase": "vocab"}}, {"step": 5626, "event": "level_down", "from": {"vocab": 16, "k": 1, "phase": "vocab"}, "to": {"vocab": 8, "k": 1, "phase": "vocab"}}, {"step": 7015, "event": "level_up", "from": {"vocab": 8, "k": 1, "phase": "vocab"}, "to": {"vocab": 16, "k": 1, "phase": "vocab"}}, {"step": 7045, "event": "level_down", "from": {"vocab": 16, "k": 1, "phase": "vocab"}, "to": {"vocab": 8, "k": 1, "phase": "vocab"}}, {"step": 9774, "event": "level_up", "from": {"vocab": 8, "k": 1, "phase": "vocab"}, "to": {"vocab": 16, "k": 1, "phase": "vocab"}}, {"step": 9806, "event": "level_down", "from": {"vocab": 16, "k": 1, "phase": "vocab"}, "to": {"vocab": 8, "k": 1, "phase": "vocab"}}, {"step": 9965, "event": "level_up", "from": {"vocab": 8, "k": 1, "phase": "vocab"}, "to": {"vocab": 16, "k": 1, "phase": "vocab"}}, {"step": 9995, "event": "level_down", "from": {"vocab": 16, "k": 1, "phase": "vocab"}, "to": {"vocab": 8, "k": 1, "phase": "vocab"}}, {"step": 10415, "event": "level_up", "from": {"vocab": 8, "k": 1, "phase": "vocab"}, "to": {"vocab": 16, "k": 1, "phase": "vocab"}}, {"step": 10453, "event": "level_down", "from": {"vocab": 16, "k": 1, "phase": "vocab"}, "to": {"vocab": 8, "k": 1, "phase": "vocab"}}, {"step": 10546, "event": "level_up", "from": {"vocab": 8, "k": 1, "phase": "vocab"}, "to": {"vocab": 16, "k": 1, "phase": "vocab"}}, {"step": 10576, "event": "level_down", "from": {"vocab": 16, "k": 1, "phase": "vocab"}, "to": {"vocab": 8, "k": 1, "phase": "vocab"}}, {"step": 10735, "event": "level_up", "from": {"vocab": 8, "k": 1, "phase": "vocab"}, "to": {"vocab": 16, "k": 1, "phase": "vocab"}}, {"step": 10771, "event": "level_down", "from": {"vocab": 16, "k": 1, "phase": "vocab"}, "to": {"vocab": 8, "k": 1, "phase": "vocab"}}, {"step": 10958, "event": "level_up", "from": {"vocab": 8, "k": 1, "phase": "vocab"}, "to": {"vocab": 16, "k": 1, "phase": "vocab"}}, {"step": 10989, "event": "level_down", "from": {"vocab": 16, "k": 1, "phase": "vocab"}, "to": {"vocab": 8, "k": 1, "phase": "vocab"}}, {"step": 11211, "event": "level_up", "from": {"vocab": 8, "k": 1, "phase": "vocab"}, "to": {"vocab": 16, "k": 1, "phase": "vocab"}}, {"step": 11241, "event": "level_down", "from": {"vocab": 16, "k": 1, "phase": "vocab"}, "to": {"vocab": 8, "k": 1, "phase": "vocab"}}, {"step": 11289, "event": "level_up", "from": {"vocab": 8, "k": 1, "phase": "vocab"}, "to": {"vocab": 16, "k": 1, "phase": "vocab"}}, {"step": 11319, "event": "level_down", "from": {"vocab": 16, "k": 1, "phase": "vocab"}, "to": {"vocab": 8, "k": 1, "phase": "vocab"}}, {"step": 11412, "event": "level_up", "from": {"vocab": 8, "k": 1, "phase": "vocab"}, "to": {"vocab": 16, "k": 1, "phase": "vocab"}}, {"step": 11444, "event": "level_down", "from": {"vocab": 16, "k": 1, "phase": "vocab"}, "to": {"vocab": 8, "k": 1, "phase": "vocab"}}, {"step": 11468, "event": "level_up", "from": {"vocab": 8, "k": 1, "phase": "vocab"}, "to": {"vocab": 16, "k": 1, "phase": "vocab"}}, {"step": 11501, "event": "level_down", "from": {"vocab": 16, "k": 1, "phase": "vocab"}, "to": {"vocab": 8, "k": 1, "phase": "vocab"}}, {"step": 11622, "event": "level_up", "from": {"vocab": 8, "k": 1, "phase": "vocab"}, "to": {"vocab": 16, "k": 1, "phase": "vocab"}}, {"step": 11652, "event": "level_down", "from": {"vocab": 16, "k": 1, "phase": "vocab"}, "to": {"vocab": 8, "k": 1, "phase": "vocab"}}, {"step": 11688, "event": "level_up", "from": {"vocab": 8, "k": 1, "phase": "vocab"}, "to": {"vocab": 16, "k": 1, "phase": "vocab"}}, {"step": 11723, "event": "level_down", "from": {"vocab": 16, "k": 1, "phase": "vocab"}, "to": {"vocab": 8, "k": 1, "phase": "vocab"}}, {"step": 11791, "event": "level_up", "from": {"vocab": 8, "k": 1, "phase": "vocab"}, "to": {"vocab": 16, "k": 1, "phase": "vocab"}}, {"step": 11823, "event": "level_down", "from": {"vocab": 16, "k": 1, "phase": "vocab"}, "to": {"vocab": 8, "k": 1, "phase": "vocab"}}, {"step": 11964, "event": "level_up", "from": {"vocab": 8, "k": 1, "phase": "vocab"}, "to": {"vocab": 16, "k": 1, "phase": "vocab"}}, {"step": 11995, "event": "level_down", "from": {"vocab": 16, "k": 1, "phase": "vocab"}, "to": {"vocab": 8, "k": 1, "phase": "vocab"}}, {"step": 12028, "event": "level_up", "from": {"vocab": 8, "k": 1, "phase": "vocab"}, "to": {"vocab": 16, "k": 1, "phase": "vocab"}}, {"step": 12063, "event": "level_down", "from": {"vocab": 16, "k": 1, "phase": "vocab"}, "to": {"vocab": 8, "k": 1, "phase": "vocab"}}, {"step": 12134, "event": "level_up", "from": {"vocab": 8, "k": 1, "phase": "vocab"}, "to": {"vocab": 16, "k": 1, "phase": "vocab"}}, {"step": 12164, "event": "level_down", "from": {"vocab": 16, "k": 1, "phase": "vocab"}, "to": {"vocab": 8, "k": 1, "phase": "vocab"}}, {"step": 12245, "event": "level_up", "from": {"vocab": 8, "k": 1, "phase": "vocab"}, "to": {"vocab": 16, "k": 1, "phase": "vocab"}}, {"step": 12275, "event": "level_down", "from": {"vocab": 16, "k": 1, "phase": "vocab"}, "to": {"vocab": 8, "k": 1, "phase": "vocab"}}, {"step": 12315, "event": "level_up", "from": {"vocab": 8, "k": 1, "phase": "vocab"}, "to": {"vocab": 16, "k": 1, "phase": "vocab"}}, {"step": 12361, "event": "level_down", "from": {"vocab": 16, "k": 1, "phase": "vocab"}, "to": {"vocab": 8, "k": 1, "phase": "vocab"}}, {"step": 12464, "event": "level_up", "from": {"vocab": 8, "k": 1, "phase": "vocab"}, "to": {"vocab": 16, "k": 1, "phase": "vocab"}}, {"step": 12496, "event": "level_down", "from": {"vocab": 16, "k": 1, "phase": "vocab"}, "to": {"vocab": 8, "k": 1, "phase": "vocab"}}, {"step": 12512, "event": "level_up", "from": {"vocab": 8, "k": 1, "phase": "vocab"}, "to": {"vocab": 16, "k": 1, "phase": "vocab"}}, {"step": 12556, "event": "level_down", "from": {"vocab": 16, "k": 1, "phase": "vocab"}, "to": {"vocab": 8, "k": 1, "phase": "vocab"}}, {"step": 12601, "event": "level_up", "from": {"vocab": 8, "k": 1, "phase": "vocab"}, "to": {"vocab": 16, "k": 1, "phase": "vocab"}}, {"step": 12631, "event": "level_down", "from": {"vocab": 16, "k": 1, "phase": "vocab"}, "to": {"vocab": 8, "k": 1, "phase": "vocab"}}, {"step": 12676, "event": "level_up", "from": {"vocab": 8, "k": 1, "phase": "vocab"}, "to": {"vocab": 16, "k": 1, "phase": "vocab"}}, {"step": 12713, "event": "level_down", "from": {"vocab": 16, "k": 1, "phase": "vocab"}, "to": {"vocab": 8, "k": 1, "phase": "vocab"}}, {"step": 12741, "event": "level_up", "from": {"vocab": 8, "k": 1, "phase": "vocab"}, "to": {"vocab": 16, "k": 1, "phase": "vocab"}}, {"step": 12771, "event": "level_down", "from": {"vocab": 16, "k": 1, "phase": "vocab"}, "to": {"vocab": 8, "k": 1, "phase": "vocab"}}, {"step": 12827, "event": "level_up", "from": {"vocab": 8, "k": 1, "phase": "vocab"}, "to": {"vocab": 16, "k": 1, "phase": "vocab"}}, {"step": 12863, "event": "level_down", "from": {"vocab": 16, "k": 1, "phase": "vocab"}, "to": {"vocab": 8, "k": 1, "phase": "vocab"}}, {"step": 12905, "event": "level_up", "from": {"vocab": 8, "k": 1, "phase": "vocab"}, "to": {"vocab": 16, "k": 1, "phase": "vocab"}}, {"step": 12945, "event": "level_down", "from": {"vocab": 16, "k": 1, "phase": "vocab"}, "to": {"vocab": 8, "k": 1, "phase": "vocab"}}, {"step": 12990, "event": "level_up", "from": {"vocab": 8, "k": 1, "phase": "vocab"}, "to": {"vocab": 16, "k": 1, "phase": "vocab"}}, {"step": 13034, "event": "level_down", "from": {"vocab": 16, "k": 1, "phase": "vocab"}, "to": {"vocab": 8, "k": 1, "phase": "vocab"}}, {"step": 13123, "event": "level_up", "from": {"vocab": 8, "k": 1, "phase": "vocab"}, "to": {"vocab": 16, "k": 1, "phase": "vocab"}}, {"step": 13153, "event": "level_down", "from": {"vocab": 16, "k": 1, "phase": "vocab"}, "to": {"vocab": 8, "k": 1, "phase": "vocab"}}, {"step": 13222, "event": "level_up", "from": {"vocab": 8, "k": 1, "phase": "vocab"}, "to": {"vocab": 16, "k": 1, "phase": "vocab"}}, {"step": 13257, "event": "level_down", "from": {"vocab": 16, "k": 1, "phase": "vocab"}, "to": {"vocab": 8, "k": 1, "phase": "vocab"}}, {"step": 13317, "event": "level_up", "from": {"vocab": 8, "k": 1, "phase": "vocab"}, "to": {"vocab": 16, "k": 1, "phase": "vocab"}}, {"step": 13359, "event": "level_down", "from": {"vocab": 16, "k": 1, "phase": "vocab"}, "to": {"vocab": 8, "k": 1, "phase": "vocab"}}, {"step": 13494, "event": "level_up", "from": {"vocab": 8, "k": 1, "phase": "vocab"}, "to": {"vocab": 16, "k": 1, "phase": "vocab"}}, {"step": 13527, "event": "level_down", "from": {"vocab": 16, "k": 1, "phase": "vocab"}, "to": {"vocab": 8, "k": 1, "phase": "vocab"}}, {"step": 13610, "event": "level_up", "from": {"vocab": 8, "k": 1, "phase": "vocab"}, "to": {"vocab": 16, "k": 1, "phase": "vocab"}}, {"step": 13667, "event": "level_down", "from": {"vocab": 16, "k": 1, "phase": "vocab"}, "to": {"vocab": 8, "k": 1, "phase": "vocab"}}, {"step": 13739, "event": "level_up", "from": {"vocab": 8, "k": 1, "phase": "vocab"}, "to": {"vocab": 16, "k": 1, "phase": "vocab"}}, {"step": 13776, "event": "level_down", "from": {"vocab": 16, "k": 1, "phase": "vocab"}, "to": {"vocab": 8, "k": 1, "phase": "vocab"}}, {"step": 13948, "event": "level_up", "from": {"vocab": 8, "k": 1, "phase": "vocab"}, "to": {"vocab": 16, "k": 1, "phase": "vocab"}}, {"step": 13995, "event": "level_down", "from": {"vocab": 16, "k": 1, "phase": "vocab"}, "to": {"vocab": 8, "k": 1, "phase": "vocab"}}, {"step": 14011, "event": "level_up", "from": {"vocab": 8, "k": 1, "phase": "vocab"}, "to": {"vocab": 16, "k": 1, "phase": "vocab"}}, {"step": 14041, "event": "level_down", "from": {"vocab": 16, "k": 1, "phase": "vocab"}, "to": {"vocab": 8, "k": 1, "phase": "vocab"}}, {"step": 14203, "event": "level_up", "from": {"vocab": 8, "k": 1, "phase": "vocab"}, "to": {"vocab": 16, "k": 1, "phase": "vocab"}}, {"step": 14233, "event": "level_down", "from": {"vocab": 16, "k": 1, "phase": "vocab"}, "to": {"vocab": 8, "k": 1, "phase": "vocab"}}, {"step": 14310, "event": "level_up", "from": {"vocab": 8, "k": 1, "phase": "vocab"}, "to": {"vocab": 16, "k": 1, "phase": "vocab"}}, {"step": 14340, "event": "level_down", "from": {"vocab": 16, "k": 1, "phase": "vocab"}, "to": {"vocab": 8, "k": 1, "phase": "vocab"}}, {"step": 14530, "event": "level_up", "from": {"vocab": 8, "k": 1, "phase": "vocab"}, "to": {"vocab": 16, "k": 1, "phase": "vocab"}}, {"step": 14560, "event": "level_down", "from": {"vocab": 16, "k": 1, "phase": "vocab"}, "to": {"vocab": 8, "k": 1, "phase": "vocab"}}, {"step": 14657, "event": "level_up", "from": {"vocab": 8, "k": 1, "phase": "vocab"}, "to": {"vocab": 16, "k": 1, "phase": "vocab"}}, {"step": 14705, "event": "level_down", "from": {"vocab": 16, "k": 1, "phase": "vocab"}, "to": {"vocab": 8, "k": 1, "phase": "vocab"}}, {"step": 14757, "event": "level_up", "from": {"vocab": 8, "k": 1, "phase": "vocab"}, "to": {"vocab": 16, "k": 1, "phase": "vocab"}}, {"step": 14787, "event": "level_down", "from": {"vocab": 16, "k": 1, "phase": "vocab"}, "to": {"vocab": 8, "k": 1, "phase": "vocab"}}, {"step": 14848, "event": "level_up", "from": {"vocab": 8, "k": 1, "phase": "vocab"}, "to": {"vocab": 16, "k": 1, "phase": "vocab"}}, {"step": 14880, "event": "level_down", "from": {"vocab": 16, "k": 1, "phase": "vocab"}, "to": {"vocab": 8, "k": 1, "phase": "vocab"}}, {"step": 14924, "event": "level_up", "from": {"vocab": 8, "k": 1, "phase": "vocab"}, "to": {"vocab": 16, "k": 1, "phase": "vocab"}}, {"step": 14955, "event": "level_down", "from": {"vocab": 16, "k": 1, "phase": "vocab"}, "to": {"vocab": 8, "k": 1, "phase": "vocab"}}, {"step": 15053, "event": "level_up", "from": {"vocab": 8, "k": 1, "phase": "vocab"}, "to": {"vocab": 16, "k": 1, "phase": "vocab"}}, {"step": 15089, "event": "level_down", "from": {"vocab": 16, "k": 1, "phase": "vocab"}, "to": {"vocab": 8, "k": 1, "phase": "vocab"}}, {"step": 15274, "event": "level_up", "from": {"vocab": 8, "k": 1, "phase": "vocab"}, "to": {"vocab": 16, "k": 1, "phase": "vocab"}}, {"step": 15310, "event": "level_down", "from": {"vocab": 16, "k": 1, "phase": "vocab"}, "to": {"vocab": 8, "k": 1, "phase": "vocab"}}, {"step": 15475, "event": "level_up", "from": {"vocab": 8, "k": 1, "phase": "vocab"}, "to": {"vocab": 16, "k": 1, "phase": "vocab"}}, {"step": 15505, "event": "level_down", "from": {"vocab": 16, "k": 1, "phase": "vocab"}, "to": {"vocab": 8, "k": 1, "phase": "vocab"}}, {"step": 15586, "event": "level_up", "from": {"vocab": 8, "k": 1, "phase": "vocab"}, "to": {"vocab": 16, "k": 1, "phase": "vocab"}}, {"step": 15644, "event": "level_down", "from": {"vocab": 16, "k": 1, "phase": "vocab"}, "to": {"vocab": 8, "k": 1, "phase": "vocab"}}, {"step": 15717, "event": "level_up", "from": {"vocab": 8, "k": 1, "phase": "vocab"}, "to": {"vocab": 16, "k": 1, "phase": "vocab"}}, {"step": 15751, "event": "level_down", "from": {"vocab": 16, "k": 1, "phase": "vocab"}, "to": {"vocab": 8, "k": 1, "phase": "vocab"}}, {"step": 15855, "event": "level_up", "from": {"vocab": 8, "k": 1, "phase": "vocab"}, "to": {"vocab": 16, "k": 1, "phase": "vocab"}}, {"step": 15896, "event": "level_down", "from": {"vocab": 16, "k": 1, "phase": "vocab"}, "to": {"vocab": 8, "k": 1, "phase": "vocab"}}, {"step": 16014, "event": "level_up", "from": {"vocab": 8, "k": 1, "phase": "vocab"}, "to": {"vocab": 16, "k": 1, "phase": "vocab"}}, {"step": 16049, "event": "level_down", "from": {"vocab": 16, "k": 1, "phase": "vocab"}, "to": {"vocab": 8, "k": 1, "phase": "vocab"}}, {"step": 16245, "event": "level_up", "from": {"vocab": 8, "k": 1, "phase": "vocab"}, "to": {"vocab": 16, "k": 1, "phase": "vocab"}}, {"step": 16278, "event": "level_down", "from": {"vocab": 16, "k": 1, "phase": "vocab"}, "to": {"vocab": 8, "k": 1, "phase": "vocab"}}, {"step": 16365, "event": "level_up", "from": {"vocab": 8, "k": 1, "phase": "vocab"}, "to": {"vocab": 16, "k": 1, "phase": "vocab"}}, {"step": 16395, "event": "level_down", "from": {"vocab": 16, "k": 1, "phase": "vocab"}, "to": {"vocab": 8, "k": 1, "phase": "vocab"}}, {"step": 16484, "event": "level_up", "from": {"vocab": 8, "k": 1, "phase": "vocab"}, "to": {"vocab": 16, "k": 1, "phase": "vocab"}}, {"step": 16530, "event": "level_down", "from": {"vocab": 16, "k": 1, "phase": "vocab"}, "to": {"vocab": 8, "k": 1, "phase": "vocab"}}, {"step": 16800, "event": "level_up", "from": {"vocab": 8, "k": 1, "phase": "vocab"}, "to": {"vocab": 16, "k": 1, "phase": "vocab"}}, {"step": 16837, "event": "level_down", "from": {"vocab": 16, "k": 1, "phase": "vocab"}, "to": {"vocab": 8, "k": 1, "phase": "vocab"}}, {"step": 16914, "event": "level_up", "from": {"vocab": 8, "k": 1, "phase": "vocab"}, "to": {"vocab": 16, "k": 1, "phase": "vocab"}}, {"step": 16960, "event": "level_down", "from": {"vocab": 16, "k": 1, "phase": "vocab"}, "to": {"vocab": 8, "k": 1, "phase": "vocab"}}, {"step": 17101, "event": "level_up", "from": {"vocab": 8, "k": 1, "phase": "vocab"}, "to": {"vocab": 16, "k": 1, "phase": "vocab"}}, {"step": 17131, "event": "level_down", "from": {"vocab": 16, "k": 1, "phase": "vocab"}, "to": {"vocab": 8, "k": 1, "phase": "vocab"}}, {"step": 17174, "event": "level_up", "from": {"vocab": 8, "k": 1, "phase": "vocab"}, "to": {"vocab": 16, "k": 1, "phase": "vocab"}}, {"step": 17206, "event": "level_down", "from": {"vocab": 16, "k": 1, "phase": "vocab"}, "to": {"vocab": 8, "k": 1, "phase": "vocab"}}, {"step": 17434, "event": "level_up", "from": {"vocab": 8, "k": 1, "phase": "vocab"}, "to": {"vocab": 16, "k": 1, "phase": "vocab"}}, {"step": 17466, "event": "level_down", "from": {"vocab": 16, "k": 1, "phase": "vocab"}, "to": {"vocab": 8, "k": 1, "phase": "vocab"}}, {"step": 17730, "event": "level_up", "from": {"vocab": 8, "k": 1, "phase": "vocab"}, "to": {"vocab": 16, "k": 1, "phase": "vocab"}}, {"step": 17769, "event": "level_down", "from": {"vocab": 16, "k": 1, "phase": "vocab"}, "to": {"vocab": 8, "k": 1, "phase": "vocab"}}, {"step": 17830, "event": "level_up", "from": {"vocab": 8, "k": 1, "phase": "vocab"}, "to": {"vocab": 16, "k": 1, "phase": "vocab"}}, {"step": 17860, "event": "level_down", "from": {"vocab": 16, "k": 1, "phase": "vocab"}, "to": {"vocab": 8, "k": 1, "phase": "vocab"}}, {"step": 18129, "event": "level_up", "from": {"vocab": 8, "k": 1, "phase": "vocab"}, "to": {"vocab": 16, "k": 1, "phase": "vocab"}}, {"step": 18176, "event": "level_down", "from": {"vocab": 16, "k": 1, "phase": "vocab"}, "to": {"vocab": 8, "k": 1, "phase": "vocab"}}, {"step": 18213, "event": "level_up", "from": {"vocab": 8, "k": 1, "phase": "vocab"}, "to": {"vocab": 16, "k": 1, "phase": "vocab"}}, {"step": 18250, "event": "level_down", "from": {"vocab": 16, "k": 1, "phase": "vocab"}, "to": {"vocab": 8, "k": 1, "phase": "vocab"}}, {"step": 18370, "event": "level_up", "from": {"vocab": 8, "k": 1, "phase": "vocab"}, "to": {"vocab": 16, "k": 1, "phase": "vocab"}}, {"step": 18406, "event": "level_down", "from": {"vocab": 16, "k": 1, "phase": "vocab"}, "to": {"vocab": 8, "k": 1, "phase": "vocab"}}, {"step": 18456, "event": "level_up", "from": {"vocab": 8, "k": 1, "phase": "vocab"}, "to": {"vocab": 16, "k": 1, "phase": "vocab"}}, {"step": 18486, "event": "level_down", "from": {"vocab": 16, "k": 1, "phase": "vocab"}, "to": {"vocab": 8, "k": 1, "phase": "vocab"}}, {"step": 18536, "event": "level_up", "from": {"vocab": 8, "k": 1, "phase": "vocab"}, "to": {"vocab": 16, "k": 1, "phase": "vocab"}}, {"step": 18566, "event": "level_down", "from": {"vocab": 16, "k": 1, "phase": "vocab"}, "to": {"vocab": 8, "k": 1, "phase": "vocab"}}, {"step": 18602, "event": "level_up", "from": {"vocab": 8, "k": 1, "phase": "vocab"}, "to": {"vocab": 16, "k": 1, "phase": "vocab"}}, {"step": 18636, "event": "level_down", "from": {"vocab": 16, "k": 1, "phase": "vocab"}, "to": {"vocab": 8, "k": 1, "phase": "vocab"}}, {"step": 18752, "event": "level_up", "from": {"vocab": 8, "k": 1, "phase": "vocab"}, "to": {"vocab": 16, "k": 1, "phase": "vocab"}}, {"step": 18793, "event": "level_down", "from": {"vocab": 16, "k": 1, "phase": "vocab"}, "to": {"vocab": 8, "k": 1, "phase": "vocab"}}, {"step": 18958, "event": "level_up", "from": {"vocab": 8, "k": 1, "phase": "vocab"}, "to": {"vocab": 16, "k": 1, "phase": "vocab"}}, {"step": 18990, "event": "level_down", "from": {"vocab": 16, "k": 1, "phase": "vocab"}, "to": {"vocab": 8, "k": 1, "phase": "vocab"}}, {"step": 19095, "event": "level_up", "from": {"vocab": 8, "k": 1, "phase": "vocab"}, "to": {"vocab": 16, "k": 1, "phase": "vocab"}}, {"step": 19127, "event": "level_down", "from": {"vocab": 16, "k": 1, "phase": "vocab"}, "to": {"vocab": 8, "k": 1, "phase": "vocab"}}, {"step": 19237, "event": "level_up", "from": {"vocab": 8, "k": 1, "phase": "vocab"}, "to": {"vocab": 16, "k": 1, "phase": "vocab"}}, {"step": 19268, "event": "level_down", "from": {"vocab": 16, "k": 1, "phase": "vocab"}, "to": {"vocab": 8, "k": 1, "phase": "vocab"}}, {"step": 19354, "event": "level_up", "from": {"vocab": 8, "k": 1, "phase": "vocab"}, "to": {"vocab": 16, "k": 1, "phase": "vocab"}}, {"step": 19386, "event": "level_down", "from": {"vocab": 16, "k": 1, "phase": "vocab"}, "to": {"vocab": 8, "k": 1, "phase": "vocab"}}, {"step": 19424, "event": "level_up", "from": {"vocab": 8, "k": 1, "phase": "vocab"}, "to": {"vocab": 16, "k": 1, "phase": "vocab"}}, {"step": 19461, "event": "level_down", "from": {"vocab": 16, "k": 1, "phase": "vocab"}, "to": {"vocab": 8, "k": 1, "phase": "vocab"}}, {"step": 19572, "event": "level_up", "from": {"vocab": 8, "k": 1, "phase": "vocab"}, "to": {"vocab": 16, "k": 1, "phase": "vocab"}}, {"step": 19612, "event": "level_down", "from": {"vocab": 16, "k": 1, "phase": "vocab"}, "to": {"vocab": 8, "k": 1, "phase": "vocab"}}, {"step": 19657, "event": "level_up", "from": {"vocab": 8, "k": 1, "phase": "vocab"}, "to": {"vocab": 16, "k": 1, "phase": "vocab"}}, {"step": 19712, "event": "level_down", "from": {"vocab": 16, "k": 1, "phase": "vocab"}, "to": {"vocab": 8, "k": 1, "phase": "vocab"}}, {"step": 19825, "event": "level_up", "from": {"vocab": 8, "k": 1, "phase": "vocab"}, "to": {"vocab": 16, "k": 1, "phase": "vocab"}}, {"step": 19856, "event": "level_down", "from": {"vocab": 16, "k": 1, "phase": "vocab"}, "to": {"vocab": 8, "k": 1, "phase": "vocab"}}, {"step": 19979, "event": "level_up", "from": {"vocab": 8, "k": 1, "phase": "vocab"}, "to": {"vocab": 16, "k": 1, "phase": "vocab"}}]
