# MQAR curriculum precision=fp4 max_steps=20000 seed=2001 peak_lr=0.015 num_tiles=16 k_max=10 additive_rank=1 dynamic_rank_control=True rank_grace_period_steps=50 use_critic=False recurrent_only_output=False embed_width=16 input_sparsity_p=None wide_max_weights=None dy_sparsity_p=None use_tile_cache=False output_dy_sparsity_p=0.5 streak_threshold=10 wrong_streak_threshold=5
  step=    200  phase=vocab  vocab=   8  k=  1  loss_ema=1.7974  acc_ema=0.2370  steps/sec=10.4  ranks[in=1/1 q=1/1 k=1/1 v=1/1 o=1/1 lm=1/2]
  step=    400  phase=vocab  vocab=   8  k=  1  loss_ema=1.3380  acc_ema=0.4325  steps/sec=10.6  ranks[in=1/1 q=1/1 k=1/1 v=1/1 o=1/1 lm=1/1]
  step=    600  phase=vocab  vocab=   8  k=  1  loss_ema=1.3124  acc_ema=0.4905  steps/sec=10.7  ranks[in=1/1 q=1/1 k=1/1 v=1/1 o=1/1 lm=1/1]
  step=    800  phase=vocab  vocab=   8  k=  1  loss_ema=1.1792  acc_ema=0.5856  steps/sec=10.7  ranks[in=1/1 q=1/1 k=1/1 v=1/1 o=1/1 lm=2/1]
  step=   1000  phase=vocab  vocab=   8  k=  1  loss_ema=1.2869  acc_ema=0.5230  steps/sec=10.7  ranks[in=1/1 q=1/1 k=1/1 v=1/1 o=1/1 lm=1/1]
  step=   1200  phase=vocab  vocab=   8  k=  1  loss_ema=1.2151  acc_ema=0.5342  steps/sec=10.6  ranks[in=1/1 q=1/1 k=1/1 v=1/1 o=1/1 lm=1/1]
  step=   1380  phase=vocab  vocab=  16  k=  1  loss_ema=1.1749  acc_ema=0.5939  [LEVEL_UP]  ranks[in=1/1 q=1/1 k=1/1 v=1/1 o=1/1 lm=1/1]
  step=   1400  phase=vocab  vocab=  16  k=  1  loss_ema=3.2467  acc_ema=0.4157  steps/sec=10.6  ranks[in=2/2 q=1/1 k=1/1 v=1/1 o=1/1 lm=1/2]
  step=   1416  phase=vocab  vocab=   8  k=  1  loss_ema=3.2763  acc_ema=0.3510  [LEVEL_DOWN]  ranks[in=1/3 q=1/1 k=1/1 v=1/1 o=1/1 lm=1/2]
  step=   1600  phase=vocab  vocab=   8  k=  1  loss_ema=1.1633  acc_ema=0.5950  steps/sec=10.6  ranks[in=1/3 q=1/1 k=1/1 v=1/1 o=1/1 lm=1/2]
  step=   1800  phase=vocab  vocab=   8  k=  1  loss_ema=1.1235  acc_ema=0.6770  steps/sec=10.6  ranks[in=1/3 q=1/1 k=1/1 v=1/1 o=1/1 lm=1/2]
  step=   1813  phase=vocab  vocab=  16  k=  1  loss_ema=1.0784  acc_ema=0.7195  [LEVEL_UP]  ranks[in=1/3 q=1/1 k=1/1 v=1/1 o=1/1 lm=1/2]
  step=   1843  phase=vocab  vocab=   8  k=  1  loss_ema=3.7751  acc_ema=0.4223  [LEVEL_DOWN]  ranks[in=1/3 q=1/1 k=1/1 v=1/1 o=1/1 lm=1/3]
  step=   1956  phase=vocab  vocab=  16  k=  1  loss_ema=1.1092  acc_ema=0.6511  [LEVEL_UP]  ranks[in=1/3 q=1/1 k=1/1 v=1/1 o=1/1 lm=1/3]
  step=   1991  phase=vocab  vocab=   8  k=  1  loss_ema=2.9844  acc_ema=0.3932  [LEVEL_DOWN]  ranks[in=1/4 q=1/1 k=1/1 v=1/1 o=1/1 lm=1/4]
  step=   2000  phase=vocab  vocab=   8  k=  1  loss_ema=2.7457  acc_ema=0.3829  steps/sec=10.6  ranks[in=1/4 q=1/1 k=1/1 v=1/1 o=1/1 lm=1/4]
  step=   2200  phase=vocab  vocab=   8  k=  1  loss_ema=1.1621  acc_ema=0.5655  steps/sec=10.5  ranks[in=1/4 q=1/1 k=1/1 v=1/1 o=1/1 lm=1/3]
  step=   2400  phase=vocab  vocab=   8  k=  1  loss_ema=1.1554  acc_ema=0.5386  steps/sec=10.5  ranks[in=1/4 q=1/1 k=1/1 v=1/1 o=1/1 lm=1/3]
  step=   2600  phase=vocab  vocab=   8  k=  1  loss_ema=1.1683  acc_ema=0.5449  steps/sec=10.5  ranks[in=1/4 q=1/1 k=1/1 v=1/1 o=1/1 lm=1/3]
  step=   2765  phase=vocab  vocab=  16  k=  1  loss_ema=1.0498  acc_ema=0.7011  [LEVEL_UP]  ranks[in=1/4 q=1/1 k=1/1 v=1/1 o=1/1 lm=1/3]
  step=   2800  phase=vocab  vocab=   8  k=  1  loss_ema=3.1570  acc_ema=0.4364  [LEVEL_DOWN]  ranks[in=1/4 q=1/1 k=1/1 v=1/1 o=1/1 lm=1/4]
  step=   2800  phase=vocab  vocab=  16  k=  1  loss_ema=3.1570  acc_ema=0.4364  steps/sec=10.5  ranks[in=1/4 q=1/1 k=1/1 v=1/1 o=1/1 lm=1/4]
  step=   3000  phase=vocab  vocab=   8  k=  1  loss_ema=1.4177  acc_ema=0.4395  steps/sec=10.5  ranks[in=1/4 q=1/1 k=1/1 v=1/1 o=1/1 lm=1/3]
  step=   3066  phase=vocab  vocab=  16  k=  1  loss_ema=1.1603  acc_ema=0.6019  [LEVEL_UP]  ranks[in=1/4 q=1/1 k=1/1 v=1/1 o=1/1 lm=1/3]
  step=   3096  phase=vocab  vocab=   8  k=  1  loss_ema=3.1284  acc_ema=0.4383  [LEVEL_DOWN]  ranks[in=1/4 q=1/1 k=1/1 v=1/1 o=1/1 lm=1/4]
  step=   3200  phase=vocab  vocab=   8  k=  1  loss_ema=1.1391  acc_ema=0.6454  steps/sec=10.5  ranks[in=1/4 q=1/1 k=1/1 v=1/1 o=1/1 lm=1/3]
  step=   3205  phase=vocab  vocab=  16  k=  1  loss_ema=1.1002  acc_ema=0.6795  [LEVEL_UP]  ranks[in=1/4 q=1/1 k=1/1 v=1/1 o=1/1 lm=1/3]
  step=   3245  phase=vocab  vocab=   8  k=  1  loss_ema=2.3535  acc_ema=0.4058  [LEVEL_DOWN]  ranks[in=1/4 q=1/1 k=1/1 v=1/1 o=1/1 lm=1/3]
  step=   3400  phase=vocab  vocab=   8  k=  1  loss_ema=1.2244  acc_ema=0.4138  steps/sec=10.5  ranks[in=1/4 q=1/1 k=1/1 v=1/1 o=1/1 lm=1/3]
  step=   3539  phase=vocab  vocab=  16  k=  1  loss_ema=1.0823  acc_ema=0.6738  [LEVEL_UP]  ranks[in=1/4 q=1/1 k=1/1 v=1/1 o=1/1 lm=1/3]
  step=   3571  phase=vocab  vocab=   8  k=  1  loss_ema=3.0114  acc_ema=0.4290  [LEVEL_DOWN]  ranks[in=1/4 q=1/1 k=1/1 v=1/1 o=1/1 lm=1/3]
  step=   3600  phase=vocab  vocab=   8  k=  1  loss_ema=1.8958  acc_ema=0.5473  steps/sec=10.5  ranks[in=1/4 q=1/1 k=1/1 v=1/1 o=1/1 lm=1/3]
  step=   3658  phase=vocab  vocab=  16  k=  1  loss_ema=1.1744  acc_ema=0.6925  [LEVEL_UP]  ranks[in=1/4 q=1/1 k=1/1 v=1/1 o=1/1 lm=1/3]
  step=   3707  phase=vocab  vocab=   8  k=  1  loss_ema=2.8093  acc_ema=0.3922  [LEVEL_DOWN]  ranks[in=1/4 q=1/1 k=1/1 v=1/1 o=1/1 lm=1/3]
  step=   3800  phase=vocab  vocab=   8  k=  1  loss_ema=1.1313  acc_ema=0.6587  steps/sec=10.4  ranks[in=1/4 q=1/1 k=1/1 v=1/1 o=1/1 lm=1/3]
  step=   3864  phase=vocab  vocab=  16  k=  1  loss_ema=0.9963  acc_ema=0.7940  [LEVEL_UP]  ranks[in=1/4 q=1/1 k=1/1 v=1/1 o=1/1 lm=1/3]
  step=   3894  phase=vocab  vocab=   8  k=  1  loss_ema=3.0954  acc_ema=0.4800  [LEVEL_DOWN]  ranks[in=1/4 q=1/1 k=1/1 v=1/1 o=1/1 lm=2/3]
  step=   3980  phase=vocab  vocab=  16  k=  1  loss_ema=1.3241  acc_ema=0.5521  [LEVEL_UP]  ranks[in=1/4 q=1/1 k=1/1 v=1/1 o=1/1 lm=2/3]
  step=   4000  phase=vocab  vocab=  16  k=  1  loss_ema=2.7070  acc_ema=0.4030  steps/sec=10.4  ranks[in=1/4 q=1/1 k=1/1 v=1/1 o=1/1 lm=2/3]
  step=   4010  phase=vocab  vocab=   8  k=  1  loss_ema=3.0076  acc_ema=0.3293  [LEVEL_DOWN]  ranks[in=1/4 q=1/1 k=1/1 v=1/1 o=1/1 lm=2/3]
  step=   4057  phase=vocab  vocab=  16  k=  1  loss_ema=1.5501  acc_ema=0.5372  [LEVEL_UP]  ranks[in=1/4 q=1/1 k=1/1 v=1/1 o=1/1 lm=1/3]
  step=   4087  phase=vocab  vocab=   8  k=  1  loss_ema=2.5390  acc_ema=0.3581  [LEVEL_DOWN]  ranks[in=1/4 q=1/1 k=1/1 v=1/1 o=1/1 lm=1/3]
  step=   4104  phase=vocab  vocab=  16  k=  1  loss_ema=1.8540  acc_ema=0.4976  [LEVEL_UP]  ranks[in=1/4 q=1/1 k=1/1 v=1/1 o=1/1 lm=1/3]
  step=   4135  phase=vocab  vocab=   8  k=  1  loss_ema=2.8488  acc_ema=0.3877  [LEVEL_DOWN]  ranks[in=1/4 q=1/1 k=1/1 v=1/1 o=1/1 lm=1/3]
  step=   4178  phase=vocab  vocab=  16  k=  1  loss_ema=1.6178  acc_ema=0.5139  [LEVEL_UP]  ranks[in=1/4 q=1/1 k=1/1 v=1/1 o=1/1 lm=1/3]
  step=   4200  phase=vocab  vocab=  16  k=  1  loss_ema=2.6669  acc_ema=0.3970  steps/sec=10.4  ranks[in=1/4 q=1/1 k=1/1 v=1/1 o=1/1 lm=1/3]
  step=   4208  phase=vocab  vocab=   8  k=  1  loss_ema=2.7597  acc_ema=0.3729  [LEVEL_DOWN]  ranks[in=1/4 q=1/1 k=1/1 v=1/1 o=1/1 lm=1/3]
  step=   4256  phase=vocab  vocab=  16  k=  1  loss_ema=1.4156  acc_ema=0.5696  [LEVEL_UP]  ranks[in=1/4 q=1/1 k=1/1 v=1/1 o=1/1 lm=1/3]
  step=   4352  phase=vocab  vocab=   8  k=  1  loss_ema=2.3601  acc_ema=0.3583  [LEVEL_DOWN]  ranks[in=1/4 q=1/1 k=1/1 v=1/1 o=1/1 lm=1/3]
  step=   4400  phase=vocab  vocab=   8  k=  1  loss_ema=1.3315  acc_ema=0.5824  steps/sec=10.4  ranks[in=1/4 q=1/1 k=1/1 v=1/1 o=1/1 lm=1/3]
  step=   4429  phase=vocab  vocab=  16  k=  1  loss_ema=1.0835  acc_ema=0.7236  [LEVEL_UP]  ranks[in=1/4 q=1/1 k=1/1 v=1/1 o=1/1 lm=1/3]
  step=   4459  phase=vocab  vocab=   8  k=  1  loss_ema=2.2115  acc_ema=0.5304  [LEVEL_DOWN]  ranks[in=1/4 q=1/1 k=1/1 v=1/1 o=1/1 lm=1/3]
  step=   4486  phase=vocab  vocab=  16  k=  1  loss_ema=1.5838  acc_ema=0.5888  [LEVEL_UP]  ranks[in=1/4 q=1/1 k=1/1 v=1/1 o=1/1 lm=1/3]
  step=   4530  phase=vocab  vocab=   8  k=  1  loss_ema=2.3611  acc_ema=0.3800  [LEVEL_DOWN]  ranks[in=1/4 q=1/1 k=1/1 v=1/1 o=1/1 lm=1/3]
  step=   4549  phase=vocab  vocab=  16  k=  1  loss_ema=1.8049  acc_ema=0.5468  [LEVEL_UP]  ranks[in=1/4 q=1/1 k=1/1 v=1/1 o=1/1 lm=1/3]
  step=   4600  phase=vocab  vocab=  16  k=  1  loss_ema=1.9573  acc_ema=0.5360  steps/sec=10.4  ranks[in=1/4 q=1/1 k=1/1 v=1/1 o=1/1 lm=2/3]
  step=   4629  phase=vocab  vocab=  32  k=  1  loss_ema=1.6937  acc_ema=0.6303  [LEVEL_UP]  ranks[in=1/4 q=1/1 k=1/1 v=1/1 o=1/1 lm=1/3]
  step=   4659  phase=vocab  vocab=  16  k=  1  loss_ema=4.1129  acc_ema=0.3438  [LEVEL_DOWN]  ranks[in=1/4 q=1/1 k=1/1 v=1/1 o=1/1 lm=1/3]
  step=   4732  phase=vocab  vocab=  32  k=  1  loss_ema=1.7488  acc_ema=0.6787  [LEVEL_UP]  ranks[in=1/4 q=1/1 k=1/1 v=1/1 o=1/1 lm=2/3]
  step=   4762  phase=vocab  vocab=  16  k=  1  loss_ema=3.9528  acc_ema=0.3702  [LEVEL_DOWN]  ranks[in=1/4 q=1/1 k=1/1 v=1/1 o=1/1 lm=1/3]
  step=   4800  phase=vocab  vocab=  16  k=  1  loss_ema=2.5393  acc_ema=0.5269  steps/sec=10.4  ranks[in=1/4 q=1/1 k=1/1 v=1/1 o=1/1 lm=2/3]
  step=   4802  phase=vocab  vocab=  32  k=  1  loss_ema=2.5215  acc_ema=0.5457  [LEVEL_UP]  ranks[in=1/4 q=1/1 k=1/1 v=1/1 o=1/1 lm=2/3]
  step=   4836  phase=vocab  vocab=  16  k=  1  loss_ema=4.1070  acc_ema=0.2926  [LEVEL_DOWN]  ranks[in=1/4 q=1/1 k=1/1 v=1/1 o=1/1 lm=1/3]
  step=   4877  phase=vocab  vocab=  32  k=  1  loss_ema=2.4611  acc_ema=0.5583  [LEVEL_UP]  ranks[in=1/4 q=1/1 k=1/1 v=1/1 o=1/1 lm=1/3]
  step=   4907  phase=vocab  vocab=  16  k=  1  loss_ema=3.7535  acc_ema=0.3216  [LEVEL_DOWN]  ranks[in=1/4 q=1/1 k=1/1 v=1/1 o=1/1 lm=1/3]
  step=   4982  phase=vocab  vocab=  32  k=  1  loss_ema=1.7291  acc_ema=0.7201  [LEVEL_UP]  ranks[in=1/4 q=1/1 k=1/1 v=1/1 o=1/1 lm=2/3]
  step=   5000  phase=vocab  vocab=  32  k=  1  loss_ema=3.2973  acc_ema=0.5176  steps/sec=10.4  ranks[in=1/4 q=1/1 k=1/1 v=1/1 o=1/1 lm=1/3]
  step=   5012  phase=vocab  vocab=  16  k=  1  loss_ema=3.5729  acc_ema=0.4061  [LEVEL_DOWN]  ranks[in=1/4 q=1/1 k=1/1 v=1/1 o=1/1 lm=1/3]
  step=   5028  phase=vocab  vocab=  32  k=  1  loss_ema=2.6986  acc_ema=0.5237  [LEVEL_UP]  ranks[in=1/4 q=1/1 k=1/1 v=1/1 o=1/1 lm=1/3]
  step=   5063  phase=vocab  vocab=  16  k=  1  loss_ema=3.9034  acc_ema=0.2914  [LEVEL_DOWN]  ranks[in=1/4 q=1/1 k=1/1 v=1/1 o=1/1 lm=1/3]
  step=   5115  phase=vocab  vocab=  32  k=  1  loss_ema=2.1840  acc_ema=0.5979  [LEVEL_UP]  ranks[in=1/4 q=1/1 k=1/1 v=1/1 o=1/1 lm=1/3]
  step=   5149  phase=vocab  vocab=  16  k=  1  loss_ema=3.3164  acc_ema=0.3314  [LEVEL_DOWN]  ranks[in=1/4 q=1/1 k=1/1 v=1/1 o=1/1 lm=1/3]
  step=   5200  phase=vocab  vocab=  16  k=  1  loss_ema=1.9906  acc_ema=0.6204  steps/sec=10.4  ranks[in=1/4 q=1/1 k=1/1 v=1/1 o=1/1 lm=1/3]
  step=   5207  phase=vocab  vocab=  32  k=  1  loss_ema=1.8143  acc_ema=0.6705  [LEVEL_UP]  ranks[in=1/4 q=1/1 k=1/1 v=1/1 o=1/1 lm=1/3]
  step=   5237  phase=vocab  vocab=  16  k=  1  loss_ema=3.0170  acc_ema=0.3988  [LEVEL_DOWN]  ranks[in=1/4 q=1/1 k=1/1 v=1/1 o=1/1 lm=1/3]
  step=   5247  phase=vocab  vocab=  32  k=  1  loss_ema=2.7070  acc_ema=0.5088  [LEVEL_UP]  ranks[in=1/4 q=1/1 k=1/1 v=1/1 o=1/1 lm=1/3]
  step=   5277  phase=vocab  vocab=  16  k=  1  loss_ema=3.0121  acc_ema=0.3565  [LEVEL_DOWN]  ranks[in=1/4 q=1/1 k=1/1 v=1/1 o=1/1 lm=1/3]
  step=   5299  phase=vocab  vocab=  32  k=  1  loss_ema=2.4608  acc_ema=0.5156  [LEVEL_UP]  ranks[in=1/4 q=1/1 k=1/1 v=1/1 o=1/1 lm=1/3]
  step=   5332  phase=vocab  vocab=  16  k=  1  loss_ema=3.1079  acc_ema=0.3358  [LEVEL_DOWN]  ranks[in=1/4 q=1/1 k=1/1 v=1/1 o=1/1 lm=1/3]
  step=   5342  phase=vocab  vocab=  32  k=  1  loss_ema=2.7957  acc_ema=0.4573  [LEVEL_UP]  ranks[in=1/4 q=1/1 k=1/1 v=1/1 o=1/1 lm=1/3]
  step=   5382  phase=vocab  vocab=  16  k=  1  loss_ema=2.8790  acc_ema=0.2751  [LEVEL_DOWN]  ranks[in=1/4 q=1/1 k=1/1 v=1/1 o=1/1 lm=1/3]
  step=   5400  phase=vocab  vocab=  16  k=  1  loss_ema=2.5164  acc_ema=0.4252  steps/sec=10.4  ranks[in=1/4 q=1/1 k=1/1 v=1/1 o=1/1 lm=2/3]
  step=   5416  phase=vocab  vocab=  32  k=  1  loss_ema=2.2392  acc_ema=0.5529  [LEVEL_UP]  ranks[in=1/4 q=1/1 k=1/1 v=1/1 o=1/1 lm=2/2]
  step=   5456  phase=vocab  vocab=  16  k=  1  loss_ema=3.1851  acc_ema=0.3221  [LEVEL_DOWN]  ranks[in=1/4 q=1/1 k=1/1 v=1/1 o=1/1 lm=2/2]
  step=   5486  phase=vocab  vocab=  32  k=  1  loss_ema=2.3646  acc_ema=0.5877  [LEVEL_UP]  ranks[in=1/4 q=1/1 k=1/1 v=1/1 o=1/1 lm=1/2]
  step=   5516  phase=vocab  vocab=  16  k=  1  loss_ema=3.0581  acc_ema=0.3322  [LEVEL_DOWN]  ranks[in=1/4 q=1/1 k=1/1 v=1/1 o=1/1 lm=1/2]
  step=   5527  phase=vocab  vocab=  32  k=  1  loss_ema=2.8801  acc_ema=0.4489  [LEVEL_UP]  ranks[in=1/4 q=1/1 k=1/1 v=1/1 o=1/1 lm=1/2]
  step=   5573  phase=vocab  vocab=  16  k=  1  loss_ema=3.1654  acc_ema=0.2949  [LEVEL_DOWN]  ranks[in=1/4 q=1/1 k=1/1 v=1/1 o=1/1 lm=1/2]
  step=   5600  phase=vocab  vocab=  16  k=  1  loss_ema=2.7013  acc_ema=0.5016  steps/sec=10.4  ranks[in=1/4 q=1/1 k=1/1 v=1/1 o=1/1 lm=2/2]
  step=   5617  phase=vocab  vocab=  32  k=  1  loss_ema=2.2471  acc_ema=0.6301  [LEVEL_UP]  ranks[in=1/4 q=1/1 k=1/1 v=1/1 o=1/1 lm=2/2]
  step=   5648  phase=vocab  vocab=  16  k=  1  loss_ema=2.7740  acc_ema=0.4252  [LEVEL_DOWN]  ranks[in=1/4 q=1/1 k=1/1 v=1/1 o=1/1 lm=2/2]
  step=   5666  phase=vocab  vocab=  32  k=  1  loss_ema=2.4188  acc_ema=0.5543  [LEVEL_UP]  ranks[in=1/4 q=1/1 k=1/1 v=1/1 o=1/1 lm=2/2]
  step=   5702  phase=vocab  vocab=  16  k=  1  loss_ema=3.0695  acc_ema=0.3029  [LEVEL_DOWN]  ranks[in=1/4 q=1/1 k=1/1 v=1/1 o=1/1 lm=1/2]
  step=   5732  phase=vocab  vocab=  32  k=  1  loss_ema=2.8571  acc_ema=0.4188  [LEVEL_UP]  ranks[in=1/4 q=1/1 k=1/1 v=1/1 o=1/1 lm=1/2]
  step=   5762  phase=vocab  vocab=  16  k=  1  loss_ema=3.2840  acc_ema=0.2415  [LEVEL_DOWN]  ranks[in=1/4 q=1/1 k=1/1 v=1/1 o=1/1 lm=1/2]
  step=   5785  phase=vocab  vocab=  32  k=  1  loss_ema=2.6300  acc_ema=0.4377  [LEVEL_UP]  ranks[in=1/4 q=1/1 k=1/1 v=1/1 o=1/1 lm=1/2]
  step=   5800  phase=vocab  vocab=  32  k=  1  loss_ema=3.0025  acc_ema=0.3233  steps/sec=10.4  ranks[in=1/4 q=1/1 k=1/1 v=1/1 o=1/1 lm=1/2]
  step=   5815  phase=vocab  vocab=  16  k=  1  loss_ema=2.9790  acc_ema=0.2561  [LEVEL_DOWN]  ranks[in=1/4 q=1/1 k=1/1 v=1/1 o=1/1 lm=1/2]
  step=   5833  phase=vocab  vocab=  32  k=  1  loss_ema=2.5162  acc_ema=0.4364  [LEVEL_UP]  ranks[in=1/4 q=1/1 k=1/1 v=1/1 o=1/1 lm=1/2]
  step=   5872  phase=vocab  vocab=  16  k=  1  loss_ema=2.8893  acc_ema=0.3515  [LEVEL_DOWN]  ranks[in=1/4 q=1/1 k=1/1 v=1/1 o=1/1 lm=1/2]
  step=   5886  phase=vocab  vocab=  32  k=  1  loss_ema=2.5033  acc_ema=0.4796  [LEVEL_UP]  ranks[in=1/4 q=1/1 k=1/1 v=1/1 o=1/1 lm=1/2]
  step=   5936  phase=vocab  vocab=  16  k=  1  loss_ema=2.8079  acc_ema=0.3700  [LEVEL_DOWN]  ranks[in=1/4 q=1/1 k=1/1 v=1/1 o=1/1 lm=1/2]
  step=   5984  phase=vocab  vocab=  32  k=  1  loss_ema=2.1142  acc_ema=0.6084  [LEVEL_UP]  ranks[in=1/4 q=1/1 k=1/1 v=1/1 o=1/1 lm=1/2]
  step=   6000  phase=vocab  vocab=  32  k=  1  loss_ema=2.4818  acc_ema=0.5489  steps/sec=10.4  ranks[in=1/4 q=1/1 k=1/1 v=1/1 o=1/1 lm=1/2]
  step=   6015  phase=vocab  vocab=  16  k=  1  loss_ema=2.6942  acc_ema=0.4555  [LEVEL_DOWN]  ranks[in=1/4 q=1/1 k=1/1 v=1/1 o=1/1 lm=1/2]
  step=   6034  phase=vocab  vocab=  32  k=  1  loss_ema=2.2657  acc_ema=0.5530  [LEVEL_UP]  ranks[in=1/4 q=1/1 k=1/1 v=1/1 o=1/1 lm=1/2]
  step=   6142  phase=vocab  vocab=  16  k=  1  loss_ema=2.5589  acc_ema=0.5082  [LEVEL_DOWN]  ranks[in=1/4 q=1/1 k=1/1 v=1/2 o=1/1 lm=1/2]
  step=   6200  phase=vocab  vocab=  16  k=  1  loss_ema=2.2815  acc_ema=0.6777  steps/sec=10.4  ranks[in=1/4 q=1/1 k=1/1 v=1/2 o=1/1 lm=1/2]
  step=   6220  phase=vocab  vocab=  32  k=  1  loss_ema=2.0860  acc_ema=0.7235  [LEVEL_UP]  ranks[in=1/4 q=1/1 k=1/1 v=1/2 o=1/1 lm=1/2]
  step=   6257  phase=vocab  vocab=  16  k=  1  loss_ema=2.5327  acc_ema=0.5737  [LEVEL_DOWN]  ranks[in=1/4 q=1/1 k=1/1 v=1/2 o=1/1 lm=1/2]
  step=   6275  phase=vocab  vocab=  32  k=  1  loss_ema=2.2443  acc_ema=0.6716  [LEVEL_UP]  ranks[in=1/4 q=1/1 k=1/1 v=1/2 o=1/1 lm=1/2]
  step=   6374  phase=vocab  vocab=  64  k=  1  loss_ema=2.3296  acc_ema=0.6723  [LEVEL_UP]  ranks[in=1/4 q=1/1 k=1/1 v=1/2 o=1/1 lm=1/2]
  step=   6400  phase=vocab  vocab=  64  k=  1  loss_ema=4.3432  acc_ema=0.3976  steps/sec=10.4  ranks[in=1/4 q=1/1 k=1/1 v=1/2 o=1/1 lm=1/2]
  step=   6404  phase=vocab  vocab=  32  k=  1  loss_ema=4.5024  acc_ema=0.3667  [LEVEL_DOWN]  ranks[in=1/4 q=1/1 k=1/1 v=1/2 o=1/1 lm=1/2]
  step=   6449  phase=vocab  vocab=  16  k=  1  loss_ema=3.4486  acc_ema=0.3403  [LEVEL_DOWN]  ranks[in=1/4 q=1/1 k=1/1 v=1/2 o=1/2 lm=1/2]
  step=   6489  phase=vocab  vocab=   8  k=  1  loss_ema=3.0966  acc_ema=0.3149  [LEVEL_DOWN]  ranks[in=1/4 q=1/1 k=1/1 v=1/2 o=1/1 lm=2/2]
  step=   6561  phase=vocab  vocab=  16  k=  1  loss_ema=1.1712  acc_ema=0.6333  [LEVEL_UP]  ranks[in=1/4 q=1/1 k=1/1 v=1/2 o=1/1 lm=1/2]
  step=   6600  phase=vocab  vocab=  16  k=  1  loss_ema=2.5001  acc_ema=0.5466  steps/sec=10.3  ranks[in=1/4 q=1/1 k=1/1 v=1/2 o=1/1 lm=1/2]
  step=   6632  phase=vocab  vocab=  32  k=  1  loss_ema=2.2918  acc_ema=0.6393  [LEVEL_UP]  ranks[in=1/4 q=1/1 k=1/1 v=1/2 o=1/1 lm=1/2]
  step=   6662  phase=vocab  vocab=  16  k=  1  loss_ema=2.8720  acc_ema=0.4217  [LEVEL_DOWN]  ranks[in=1/4 q=1/1 k=1/1 v=1/2 o=1/2 lm=1/2]
  step=   6680  phase=vocab  vocab=  32  k=  1  loss_ema=2.6857  acc_ema=0.4921  [LEVEL_UP]  ranks[in=1/4 q=1/1 k=1/1 v=1/2 o=1/2 lm=1/2]
  step=   6715  phase=vocab  vocab=  16  k=  1  loss_ema=3.2072  acc_ema=0.3172  [LEVEL_DOWN]  ranks[in=1/4 q=1/1 k=1/1 v=2/2 o=1/2 lm=2/2]
  step=   6792  phase=vocab  vocab=  32  k=  1  loss_ema=1.9304  acc_ema=0.6771  [LEVEL_UP]  ranks[in=1/4 q=1/1 k=1/1 v=1/2 o=1/2 lm=1/2]
  step=   6800  phase=vocab  vocab=  32  k=  1  loss_ema=2.4453  acc_ema=0.6145  steps/sec=10.3  ranks[in=1/4 q=1/1 k=1/1 v=1/2 o=1/2 lm=1/2]
  step=   6822  phase=vocab  vocab=  16  k=  1  loss_ema=3.0549  acc_ema=0.4378  [LEVEL_DOWN]  ranks[in=1/4 q=1/1 k=1/1 v=1/2 o=1/2 lm=1/2]
  step=   6858  phase=vocab  vocab=   8  k=  1  loss_ema=3.2640  acc_ema=0.3227  [LEVEL_DOWN]  ranks[in=1/4 q=1/1 k=1/1 v=1/3 o=1/3 lm=2/2]
  step=   6914  phase=vocab  vocab=  16  k=  1  loss_ema=1.5605  acc_ema=0.5390  [LEVEL_UP]  ranks[in=1/4 q=1/1 k=1/1 v=1/2 o=1/3 lm=1/2]
  step=   6962  phase=vocab  vocab=   8  k=  1  loss_ema=2.7659  acc_ema=0.4445  [LEVEL_DOWN]  ranks[in=1/4 q=1/1 k=1/1 v=1/2 o=1/3 lm=1/2]
  step=   6995  phase=vocab  vocab=  16  k=  1  loss_ema=1.7847  acc_ema=0.5460  [LEVEL_UP]  ranks[in=1/4 q=1/1 k=1/1 v=1/2 o=1/3 lm=2/2]
  step=   7000  phase=vocab  vocab=  16  k=  1  loss_ema=2.4662  acc_ema=0.5136  steps/sec=10.3  ranks[in=1/4 q=1/1 k=1/1 v=1/2 o=1/3 lm=1/2]
  step=   7025  phase=vocab  vocab=   8  k=  1  loss_ema=2.9511  acc_ema=0.3881  [LEVEL_DOWN]  ranks[in=1/4 q=1/1 k=1/1 v=1/2 o=1/3 lm=2/2]
  step=   7080  phase=vocab  vocab=  16  k=  1  loss_ema=1.3779  acc_ema=0.6026  [LEVEL_UP]  ranks[in=1/4 q=1/1 k=1/1 v=1/3 o=1/3 lm=1/2]
  step=   7118  phase=vocab  vocab=   8  k=  1  loss_ema=2.8595  acc_ema=0.4040  [LEVEL_DOWN]  ranks[in=2/4 q=1/1 k=1/1 v=1/3 o=1/3 lm=2/2]
  step=   7185  phase=vocab  vocab=  16  k=  1  loss_ema=1.2299  acc_ema=0.5931  [LEVEL_UP]  ranks[in=2/4 q=1/1 k=1/1 v=1/5 o=1/3 lm=1/2]
  step=   7200  phase=vocab  vocab=  16  k=  1  loss_ema=2.8906  acc_ema=0.4572  steps/sec=10.3  ranks[in=1/4 q=1/1 k=1/1 v=1/6 o=1/4 lm=1/2]
  step=   7243  phase=vocab  vocab=   8  k=  1  loss_ema=2.6244  acc_ema=0.4659  [LEVEL_DOWN]  ranks[in=1/4 q=1/1 k=1/1 v=1/5 o=1/5 lm=1/2]
  step=   7400  phase=vocab  vocab=   8  k=  1  loss_ema=1.2886  acc_ema=0.4211  steps/sec=10.3  ranks[in=1/4 q=1/2 k=1/2 v=1/6 o=1/5 lm=1/2]
  step=   7600  phase=vocab  vocab=   8  k=  1  loss_ema=1.3312  acc_ema=0.4776  steps/sec=10.3  ranks[in=3/4 q=1/3 k=1/2 v=1/6 o=1/6 lm=1/2]
  step=   7659  phase=vocab  vocab=  16  k=  1  loss_ema=1.2803  acc_ema=0.5563  [LEVEL_UP]  ranks[in=3/4 q=1/2 k=1/2 v=1/6 o=1/6 lm=1/2]
  step=   7689  phase=vocab  vocab=   8  k=  1  loss_ema=2.6605  acc_ema=0.4687  [LEVEL_DOWN]  ranks[in=3/4 q=1/2 k=1/2 v=2/6 o=1/7 lm=2/2]
  step=   7800  phase=vocab  vocab=   8  k=  1  loss_ema=1.3130  acc_ema=0.5192  steps/sec=10.3  ranks[in=3/4 q=2/2 k=2/5 v=1/8 o=1/8 lm=2/2]
  step=   8000  phase=vocab  vocab=   8  k=  1  loss_ema=1.3956  acc_ema=0.5299  steps/sec=10.2  ranks[in=4/4 q=1/3 k=1/7 v=2/12 o=1/10 lm=2/1]
  step=   8200  phase=vocab  vocab=   8  k=  1  loss_ema=1.0583  acc_ema=0.6406  steps/sec=10.2  ranks[in=4/4 q=1/3 k=1/7 v=2/13 o=1/13 lm=1/1]
  step=   8256  phase=vocab  vocab=  16  k=  1  loss_ema=0.9551  acc_ema=0.8166  [LEVEL_UP]  ranks[in=4/4 q=1/3 k=1/7 v=2/14 o=1/14 lm=1/1]
  step=   8300  phase=vocab  vocab=   8  k=  1  loss_ema=3.5215  acc_ema=0.4878  [LEVEL_DOWN]  ranks[in=4/4 q=1/3 k=1/7 v=3/13 o=1/15 lm=1/1]
  step=   8400  phase=vocab  vocab=   8  k=  1  loss_ema=1.3184  acc_ema=0.6762  steps/sec=10.2  ranks[in=4/4 q=1/3 k=1/7 v=3/14 o=1/14 lm=1/1]
  step=   8402  phase=vocab  vocab=  16  k=  1  loss_ema=1.2841  acc_ema=0.6891  [LEVEL_UP]  ranks[in=4/4 q=1/3 k=1/7 v=3/14 o=1/14 lm=1/1]
  step=   8439  phase=vocab  vocab=   8  k=  1  loss_ema=3.8564  acc_ema=0.4080  [LEVEL_DOWN]  ranks[in=4/4 q=1/3 k=1/7 v=3/14 o=1/15 lm=1/1]
  step=   8507  phase=vocab  vocab=  16  k=  1  loss_ema=1.3819  acc_ema=0.6049  [LEVEL_UP]  ranks[in=4/4 q=1/3 k=1/9 v=3/14 o=1/15 lm=1/1]
  step=   8547  phase=vocab  vocab=   8  k=  1  loss_ema=3.9253  acc_ema=0.3663  [LEVEL_DOWN]  ranks[in=4/4 q=1/3 k=2/10 v=4/15 o=2/14 lm=1/1]
  step=   8600  phase=vocab  vocab=   8  k=  1  loss_ema=1.7811  acc_ema=0.2347  steps/sec=10.1  ranks[in=4/4 q=1/4 k=2/10 v=4/15 o=2/14 lm=1/1]
  step=   8800  phase=vocab  vocab=   8  k=  1  loss_ema=1.1605  acc_ema=0.5736  steps/sec=10.0  ranks[in=4/4 q=1/5 k=2/10 v=4/19 o=2/14 lm=1/1]
  step=   8854  phase=vocab  vocab=  16  k=  1  loss_ema=1.1430  acc_ema=0.6501  [LEVEL_UP]  ranks[in=4/4 q=1/5 k=2/10 v=4/21 o=2/14 lm=1/1]
  step=   8884  phase=vocab  vocab=   8  k=  1  loss_ema=3.4431  acc_ema=0.4001  [LEVEL_DOWN]  ranks[in=4/4 q=2/5 k=2/10 v=4/21 o=2/14 lm=1/1]
  step=   8931  phase=vocab  vocab=  16  k=  1  loss_ema=1.5984  acc_ema=0.5414  [LEVEL_UP]  ranks[in=4/4 q=1/5 k=2/10 v=4/21 o=2/14 lm=1/1]
  step=   8966  phase=vocab  vocab=   8  k=  1  loss_ema=3.4097  acc_ema=0.3004  [LEVEL_DOWN]  ranks[in=4/4 q=2/5 k=2/11 v=4/21 o=2/14 lm=1/1]
  step=   9000  phase=vocab  vocab=   8  k=  1  loss_ema=1.9084  acc_ema=0.4081  steps/sec=10.0  ranks[in=4/4 q=1/5 k=2/11 v=4/21 o=2/14 lm=1/1]
  step=   9200  phase=vocab  vocab=   8  k=  1  loss_ema=1.2142  acc_ema=0.4810  steps/sec=9.9  ranks[in=4/4 q=1/5 k=2/11 v=4/26 o=2/14 lm=1/1]
  step=   9313  phase=vocab  vocab=  16  k=  1  loss_ema=1.0826  acc_ema=0.6428  [LEVEL_UP]  ranks[in=4/4 q=1/5 k=2/11 v=4/26 o=2/14 lm=1/1]
  step=   9343  phase=vocab  vocab=   8  k=  1  loss_ema=3.5931  acc_ema=0.3625  [LEVEL_DOWN]  ranks[in=4/4 q=1/5 k=2/11 v=4/27 o=2/14 lm=1/1]
  step=   9400  phase=vocab  vocab=   8  k=  1  loss_ema=1.7603  acc_ema=0.3227  steps/sec=9.9  ranks[in=4/4 q=2/5 k=2/11 v=4/27 o=2/15 lm=1/1]
  step=   9600  phase=vocab  vocab=   8  k=  1  loss_ema=1.4610  acc_ema=0.3426  steps/sec=9.8  ranks[in=4/4 q=3/6 k=2/10 v=5/27 o=4/14 lm=1/1]
  step=   9800  phase=vocab  vocab=   8  k=  1  loss_ema=1.2670  acc_ema=0.4949  steps/sec=9.7  ranks[in=4/4 q=2/6 k=2/10 v=8/32 o=3/14 lm=1/1]
  step=   9873  phase=vocab  vocab=  16  k=  1  loss_ema=1.2219  acc_ema=0.6192  [LEVEL_UP]  ranks[in=4/4 q=2/6 k=2/10 v=9/32 o=3/14 lm=1/1]
  step=   9903  phase=vocab  vocab=   8  k=  1  loss_ema=3.3089  acc_ema=0.3766  [LEVEL_DOWN]  ranks[in=4/4 q=2/6 k=2/10 v=8/32 o=3/14 lm=1/1]
  step=   9950  phase=vocab  vocab=  16  k=  1  loss_ema=1.4796  acc_ema=0.6498  [LEVEL_UP]  ranks[in=4/4 q=2/6 k=2/10 v=9/32 o=3/14 lm=1/1]
  step=   9992  phase=vocab  vocab=   8  k=  1  loss_ema=3.0050  acc_ema=0.4074  [LEVEL_DOWN]  ranks[in=4/4 q=2/5 k=2/10 v=10/32 o=3/14 lm=1/1]
  step=  10000  phase=vocab  vocab=   8  k=  1  loss_ema=2.7504  acc_ema=0.4423  steps/sec=9.6  ranks[in=4/4 q=2/6 k=2/10 v=10/32 o=3/14 lm=1/1]
  step=  10029  phase=vocab  vocab=  16  k=  1  loss_ema=1.5576  acc_ema=0.6195  [LEVEL_UP]  ranks[in=4/4 q=2/5 k=2/9 v=10/32 o=3/14 lm=1/1]
  step=  10067  phase=vocab  vocab=   8  k=  1  loss_ema=2.9625  acc_ema=0.3528  [LEVEL_DOWN]  ranks[in=4/4 q=2/6 k=3/9 v=9/32 o=3/14 lm=1/1]
  step=  10139  phase=vocab  vocab=  16  k=  1  loss_ema=1.3209  acc_ema=0.5475  [LEVEL_UP]  ranks[in=4/4 q=2/7 k=2/9 v=9/32 o=3/14 lm=1/1]
  step=  10169  phase=vocab  vocab=   8  k=  1  loss_ema=2.9566  acc_ema=0.3431  [LEVEL_DOWN]  ranks[in=4/4 q=2/9 k=2/9 v=9/32 o=3/14 lm=1/1]
  step=  10200  phase=vocab  vocab=   8  k=  1  loss_ema=1.9409  acc_ema=0.3918  steps/sec=9.6  ranks[in=4/4 q=2/10 k=2/9 v=9/32 o=3/14 lm=1/1]
  step=  10231  phase=vocab  vocab=  16  k=  1  loss_ema=1.5209  acc_ema=0.5412  [LEVEL_UP]  ranks[in=4/4 q=2/10 k=2/9 v=9/32 o=3/14 lm=1/1]
  step=  10261  phase=vocab  vocab=   8  k=  1  loss_ema=2.8946  acc_ema=0.3517  [LEVEL_DOWN]  ranks[in=4/4 q=2/10 k=2/9 v=9/32 o=3/14 lm=1/1]
  step=  10323  phase=vocab  vocab=  16  k=  1  loss_ema=1.3141  acc_ema=0.5787  [LEVEL_UP]  ranks[in=4/4 q=2/11 k=3/9 v=9/32 o=3/14 lm=1/1]
  step=  10400  phase=vocab  vocab=  16  k=  1  loss_ema=2.7402  acc_ema=0.3312  steps/sec=9.5  ranks[in=4/4 q=2/11 k=3/9 v=9/32 o=3/14 lm=1/1]
  step=  10402  phase=vocab  vocab=   8  k=  1  loss_ema=2.7093  acc_ema=0.3180  [LEVEL_DOWN]  ranks[in=4/4 q=2/11 k=3/9 v=9/32 o=3/14 lm=1/1]
  step=  10491  phase=vocab  vocab=  16  k=  1  loss_ema=1.1285  acc_ema=0.7194  [LEVEL_UP]  ranks[in=4/4 q=2/11 k=3/9 v=9/32 o=3/14 lm=1/1]
  step=  10552  phase=vocab  vocab=   8  k=  1  loss_ema=2.3621  acc_ema=0.4783  [LEVEL_DOWN]  ranks[in=4/4 q=2/11 k=3/9 v=9/32 o=3/14 lm=1/1]
  step=  10600  phase=vocab  vocab=   8  k=  1  loss_ema=1.3482  acc_ema=0.6624  steps/sec=9.4  ranks[in=4/4 q=2/11 k=3/9 v=9/32 o=3/14 lm=1/1]
  step=  10602  phase=vocab  vocab=  16  k=  1  loss_ema=1.3026  acc_ema=0.6758  [LEVEL_UP]  ranks[in=4/4 q=2/11 k=3/9 v=9/32 o=3/14 lm=1/1]
  step=  10632  phase=vocab  vocab=   8  k=  1  loss_ema=2.8443  acc_ema=0.4585  [LEVEL_DOWN]  ranks[in=4/4 q=2/11 k=2/9 v=9/32 o=3/14 lm=1/1]
  step=  10675  phase=vocab  vocab=  16  k=  1  loss_ema=1.6009  acc_ema=0.5753  [LEVEL_UP]  ranks[in=4/4 q=2/11 k=2/9 v=9/32 o=3/14 lm=1/1]
  step=  10716  phase=vocab  vocab=   8  k=  1  loss_ema=2.8579  acc_ema=0.3494  [LEVEL_DOWN]  ranks[in=4/4 q=2/11 k=2/9 v=9/32 o=3/14 lm=1/1]
  step=  10787  phase=vocab  vocab=  16  k=  1  loss_ema=1.2576  acc_ema=0.6196  [LEVEL_UP]  ranks[in=4/4 q=2/11 k=2/9 v=9/32 o=3/14 lm=1/1]
  step=  10800  phase=vocab  vocab=  16  k=  1  loss_ema=2.5259  acc_ema=0.5102  steps/sec=9.4  ranks[in=4/4 q=2/11 k=2/9 v=9/32 o=3/14 lm=1/1]
  step=  10821  phase=vocab  vocab=   8  k=  1  loss_ema=2.6232  acc_ema=0.4457  [LEVEL_DOWN]  ranks[in=4/4 q=2/11 k=2/9 v=9/32 o=3/14 lm=1/1]
  step=  10865  phase=vocab  vocab=  16  k=  1  loss_ema=1.5851  acc_ema=0.5576  [LEVEL_UP]  ranks[in=4/4 q=2/11 k=2/9 v=9/32 o=3/14 lm=1/1]
  step=  10899  phase=vocab  vocab=   8  k=  1  loss_ema=2.5535  acc_ema=0.3921  [LEVEL_DOWN]  ranks[in=4/4 q=2/11 k=2/9 v=9/32 o=3/14 lm=1/1]
  step=  10947  phase=vocab  vocab=  16  k=  1  loss_ema=1.4224  acc_ema=0.6081  [LEVEL_UP]  ranks[in=4/4 q=2/11 k=2/9 v=9/32 o=3/14 lm=1/1]
  step=  10978  phase=vocab  vocab=   8  k=  1  loss_ema=2.9080  acc_ema=0.3859  [LEVEL_DOWN]  ranks[in=4/4 q=2/11 k=2/9 v=9/32 o=3/14 lm=1/1]
  step=  11000  phase=vocab  vocab=   8  k=  1  loss_ema=2.2403  acc_ema=0.4824  steps/sec=9.3  ranks[in=4/4 q=2/11 k=2/9 v=9/32 o=3/14 lm=1/1]
  step=  11028  phase=vocab  vocab=  16  k=  1  loss_ema=1.4671  acc_ema=0.6224  [LEVEL_UP]  ranks[in=4/4 q=2/11 k=2/9 v=9/32 o=3/14 lm=1/1]
  step=  11080  phase=vocab  vocab=   8  k=  1  loss_ema=2.5183  acc_ema=0.4599  [LEVEL_DOWN]  ranks[in=4/4 q=2/11 k=2/9 v=9/32 o=3/14 lm=1/1]
  step=  11129  phase=vocab  vocab=  16  k=  1  loss_ema=1.4495  acc_ema=0.6655  [LEVEL_UP]  ranks[in=4/4 q=2/11 k=2/9 v=9/32 o=3/14 lm=1/1]
  step=  11173  phase=vocab  vocab=   8  k=  1  loss_ema=2.6117  acc_ema=0.4278  [LEVEL_DOWN]  ranks[in=4/4 q=2/11 k=2/9 v=10/32 o=3/14 lm=1/1]
  step=  11200  phase=vocab  vocab=   8  k=  1  loss_ema=1.9341  acc_ema=0.4844  steps/sec=9.3  ranks[in=4/4 q=2/11 k=2/9 v=10/32 o=3/14 lm=1/1]
  step=  11215  phase=vocab  vocab=  16  k=  1  loss_ema=1.5915  acc_ema=0.6028  [LEVEL_UP]  ranks[in=4/4 q=2/11 k=2/9 v=11/32 o=3/14 lm=1/1]
  step=  11250  phase=vocab  vocab=   8  k=  1  loss_ema=2.5623  acc_ema=0.4723  [LEVEL_DOWN]  ranks[in=4/4 q=2/11 k=2/9 v=10/32 o=3/14 lm=1/1]
  step=  11271  phase=vocab  vocab=  16  k=  1  loss_ema=2.1505  acc_ema=0.5517  [LEVEL_UP]  ranks[in=4/4 q=2/11 k=2/9 v=11/32 o=3/14 lm=1/1]
  step=  11400  phase=vocab  vocab=  16  k=  1  loss_ema=2.1378  acc_ema=0.5615  steps/sec=9.3  ranks[in=4/4 q=2/11 k=2/9 v=11/32 o=3/14 lm=1/1]
  step=  11445  phase=vocab  vocab=   8  k=  1  loss_ema=2.0657  acc_ema=0.5525  [LEVEL_DOWN]  ranks[in=4/4 q=2/11 k=2/9 v=12/32 o=3/15 lm=1/1]
  step=  11486  phase=vocab  vocab=  16  k=  1  loss_ema=1.6839  acc_ema=0.6459  [LEVEL_UP]  ranks[in=4/4 q=2/11 k=2/9 v=12/32 o=3/15 lm=1/1]
  step=  11522  phase=vocab  vocab=   8  k=  1  loss_ema=3.5546  acc_ema=0.4443  [LEVEL_DOWN]  ranks[in=4/4 q=2/11 k=2/9 v=12/32 o=3/15 lm=2/1]
  step=  11541  phase=vocab  vocab=  16  k=  1  loss_ema=2.4514  acc_ema=0.5462  [LEVEL_UP]  ranks[in=4/4 q=2/11 k=2/9 v=11/32 o=3/16 lm=1/1]
  step=  11571  phase=vocab  vocab=   8  k=  1  loss_ema=3.8469  acc_ema=0.3275  [LEVEL_DOWN]  ranks[in=4/4 q=2/11 k=2/9 v=12/32 o=3/16 lm=1/1]
  step=  11593  phase=vocab  vocab=  16  k=  1  loss_ema=2.3713  acc_ema=0.5107  [LEVEL_UP]  ranks[in=4/4 q=2/11 k=2/9 v=11/32 o=3/16 lm=1/1]
  step=  11600  phase=vocab  vocab=  16  k=  1  loss_ema=3.1157  acc_ema=0.4626  steps/sec=9.2  ranks[in=4/4 q=3/11 k=3/9 v=11/32 o=3/16 lm=1/1]
  step=  11628  phase=vocab  vocab=   8  k=  1  loss_ema=3.4657  acc_ema=0.3054  [LEVEL_DOWN]  ranks[in=4/4 q=3/12 k=2/8 v=11/32 o=3/17 lm=2/1]
  step=  11800  phase=vocab  vocab=   8  k=  1  loss_ema=1.2625  acc_ema=0.6838  steps/sec=9.2  ranks[in=4/4 q=3/11 k=2/8 v=13/32 o=3/17 lm=1/1]
  step=  11857  phase=vocab  vocab=  16  k=  1  loss_ema=1.0372  acc_ema=0.7470  [LEVEL_UP]  ranks[in=4/4 q=2/13 k=2/8 v=13/32 o=3/17 lm=1/1]
  step=  11988  phase=vocab  vocab=  32  k=  1  loss_ema=1.9897  acc_ema=0.6632  [LEVEL_UP]  ranks[in=4/4 q=2/13 k=2/8 v=13/32 o=3/19 lm=1/1]
  step=  12000  phase=vocab  vocab=  32  k=  1  loss_ema=3.2937  acc_ema=0.5204  steps/sec=9.1  ranks[in=4/4 q=2/13 k=2/8 v=13/32 o=3/19 lm=1/1]
  step=  12018  phase=vocab  vocab=  16  k=  1  loss_ema=4.1577  acc_ema=0.3618  [LEVEL_DOWN]  ranks[in=4/4 q=2/13 k=2/8 v=13/32 o=3/19 lm=1/1]
  step=  12038  phase=vocab  vocab=  32  k=  1  loss_ema=3.1150  acc_ema=0.4987  [LEVEL_UP]  ranks[in=4/4 q=2/13 k=2/8 v=13/32 o=3/19 lm=1/1]
  step=  12068  phase=vocab  vocab=  16  k=  1  loss_ema=4.5158  acc_ema=0.2721  [LEVEL_DOWN]  ranks[in=4/4 q=2/13 k=2/8 v=13/32 o=3/19 lm=1/1]
  step=  12169  phase=vocab  vocab=  32  k=  1  loss_ema=1.9881  acc_ema=0.7272  [LEVEL_UP]  ranks[in=3/4 q=2/13 k=2/8 v=14/32 o=3/20 lm=1/1]
  step=  12199  phase=vocab  vocab=  16  k=  1  loss_ema=4.0564  acc_ema=0.3967  [LEVEL_DOWN]  ranks[in=4/4 q=2/13 k=2/8 v=14/32 o=3/21 lm=1/1]
  step=  12200  phase=vocab  vocab=  16  k=  1  loss_ema=3.9567  acc_ema=0.4087  steps/sec=9.1  ranks[in=4/4 q=2/13 k=2/8 v=14/32 o=3/21 lm=1/1]
  step=  12250  phase=vocab  vocab=  32  k=  1  loss_ema=2.2716  acc_ema=0.6499  [LEVEL_UP]  ranks[in=3/4 q=2/13 k=2/8 v=14/32 o=3/21 lm=1/1]
  step=  12282  phase=vocab  vocab=  16  k=  1  loss_ema=4.1669  acc_ema=0.3585  [LEVEL_DOWN]  ranks[in=4/4 q=2/13 k=2/8 v=15/32 o=3/22 lm=1/1]
  step=  12332  phase=vocab  vocab=  32  k=  1  loss_ema=2.2928  acc_ema=0.6425  [LEVEL_UP]  ranks[in=4/4 q=2/13 k=2/8 v=15/32 o=3/22 lm=1/1]
  step=  12362  phase=vocab  vocab=  16  k=  1  loss_ema=4.1685  acc_ema=0.3505  [LEVEL_DOWN]  ranks[in=4/4 q=2/13 k=2/8 v=15/32 o=3/22 lm=1/1]
  step=  12380  phase=vocab  vocab=  32  k=  1  loss_ema=3.4376  acc_ema=0.4709  [LEVEL_UP]  ranks[in=4/4 q=2/13 k=2/8 v=15/32 o=3/22 lm=1/1]
  step=  12400  phase=vocab  vocab=  32  k=  1  loss_ema=4.1007  acc_ema=0.3143  steps/sec=9.0  ranks[in=4/4 q=2/13 k=2/8 v=15/32 o=3/21 lm=1/1]
  step=  12410  phase=vocab  vocab=  16  k=  1  loss_ema=4.3391  acc_ema=0.2568  [LEVEL_DOWN]  ranks[in=4/4 q=2/13 k=2/8 v=15/32 o=3/22 lm=1/1]
  step=  12460  phase=vocab  vocab=  32  k=  1  loss_ema=2.3372  acc_ema=0.4876  [LEVEL_UP]  ranks[in=4/4 q=2/13 k=2/8 v=15/32 o=3/22 lm=1/1]
  step=  12490  phase=vocab  vocab=  16  k=  1  loss_ema=3.9553  acc_ema=0.2660  [LEVEL_DOWN]  ranks[in=4/4 q=2/13 k=2/8 v=15/32 o=3/22 lm=1/1]
  step=  12504  phase=vocab  vocab=  32  k=  1  loss_ema=3.1474  acc_ema=0.3991  [LEVEL_UP]  ranks[in=4/4 q=2/13 k=2/8 v=15/32 o=3/22 lm=1/1]
  step=  12534  phase=vocab  vocab=  16  k=  1  loss_ema=4.3066  acc_ema=0.2347  [LEVEL_DOWN]  ranks[in=4/4 q=2/13 k=2/8 v=16/32 o=3/21 lm=1/1]
  step=  12591  phase=vocab  vocab=  32  k=  1  loss_ema=2.5579  acc_ema=0.6075  [LEVEL_UP]  ranks[in=4/4 q=2/13 k=2/8 v=17/32 o=3/22 lm=1/1]
  step=  12600  phase=vocab  vocab=  32  k=  1  loss_ema=3.4615  acc_ema=0.5065  steps/sec=9.0  ranks[in=4/4 q=2/13 k=2/8 v=17/32 o=3/22 lm=1/1]
  step=  12621  phase=vocab  vocab=  16  k=  1  loss_ema=4.2132  acc_ema=0.3450  [LEVEL_DOWN]  ranks[in=4/4 q=2/13 k=2/8 v=16/32 o=3/22 lm=1/1]
  step=  12692  phase=vocab  vocab=  32  k=  1  loss_ema=2.0142  acc_ema=0.6993  [LEVEL_UP]  ranks[in=4/4 q=2/13 k=2/9 v=17/32 o=3/23 lm=1/1]
  step=  12722  phase=vocab  vocab=  16  k=  1  loss_ema=3.7463  acc_ema=0.3992  [LEVEL_DOWN]  ranks[in=4/4 q=2/13 k=2/10 v=17/32 o=3/24 lm=1/1]
  step=  12766  phase=vocab  vocab=  32  k=  1  loss_ema=2.3690  acc_ema=0.5651  [LEVEL_UP]  ranks[in=4/4 q=3/14 k=2/10 v=17/32 o=3/23 lm=1/1]
  step=  12796  phase=vocab  vocab=  16  k=  1  loss_ema=3.9279  acc_ema=0.3253  [LEVEL_DOWN]  ranks[in=4/4 q=2/14 k=3/10 v=17/32 o=3/24 lm=1/1]
  step=  12800  phase=vocab  vocab=  16  k=  1  loss_ema=3.9085  acc_ema=0.3380  steps/sec=9.0  ranks[in=4/4 q=3/14 k=3/10 v=17/32 o=3/24 lm=1/1]
  step=  12818  phase=vocab  vocab=  32  k=  1  loss_ema=2.8593  acc_ema=0.4943  [LEVEL_UP]  ranks[in=4/4 q=3/14 k=3/11 v=17/32 o=3/25 lm=1/1]
  step=  12850  phase=vocab  vocab=  16  k=  1  loss_ema=4.1194  acc_ema=0.3212  [LEVEL_DOWN]  ranks[in=4/4 q=2/14 k=2/12 v=16/32 o=3/24 lm=1/1]
  step=  12947  phase=vocab  vocab=   8  k=  1  loss_ema=2.3673  acc_ema=0.5124  [LEVEL_DOWN]  ranks[in=4/4 q=2/14 k=2/12 v=18/32 o=3/25 lm=1/1]
  step=  13000  phase=vocab  vocab=   8  k=  1  loss_ema=1.8305  acc_ema=0.5616  steps/sec=8.9  ranks[in=4/4 q=2/14 k=2/12 v=18/32 o=3/26 lm=1/1]
  step=  13098  phase=vocab  vocab=  16  k=  1  loss_ema=1.1915  acc_ema=0.7281  [LEVEL_UP]  ranks[in=4/4 q=2/14 k=2/12 v=19/32 o=3/28 lm=1/1]
  step=  13173  phase=vocab  vocab=  32  k=  1  loss_ema=1.9235  acc_ema=0.7382  [LEVEL_UP]  ranks[in=4/4 q=1/14 k=2/12 v=18/32 o=3/29 lm=1/1]
  step=  13200  phase=vocab  vocab=  32  k=  1  loss_ema=4.0350  acc_ema=0.4278  steps/sec=8.9  ranks[in=4/4 q=1/14 k=2/12 v=18/32 o=3/28 lm=1/1]
  step=  13203  phase=vocab  vocab=  16  k=  1  loss_ema=4.1500  acc_ema=0.4027  [LEVEL_DOWN]  ranks[in=4/4 q=1/14 k=2/12 v=18/32 o=3/28 lm=1/1]
  step=  13234  phase=vocab  vocab=  32  k=  1  loss_ema=2.3822  acc_ema=0.6368  [LEVEL_UP]  ranks[in=4/4 q=1/14 k=2/12 v=18/32 o=3/29 lm=1/1]
  step=  13270  phase=vocab  vocab=  16  k=  1  loss_ema=3.8802  acc_ema=0.3595  [LEVEL_DOWN]  ranks[in=4/4 q=1/14 k=2/12 v=18/32 o=3/29 lm=1/1]
  step=  13295  phase=vocab  vocab=  32  k=  1  loss_ema=2.6357  acc_ema=0.5248  [LEVEL_UP]  ranks[in=4/4 q=1/14 k=2/12 v=18/32 o=3/30 lm=1/1]
  step=  13333  phase=vocab  vocab=  16  k=  1  loss_ema=4.1356  acc_ema=0.2893  [LEVEL_DOWN]  ranks[in=4/4 q=1/14 k=2/12 v=17/32 o=3/31 lm=1/1]
  step=  13389  phase=vocab  vocab=  32  k=  1  loss_ema=1.9565  acc_ema=0.6310  [LEVEL_UP]  ranks[in=4/4 q=1/14 k=2/12 v=18/32 o=3/32 lm=1/1]
  step=  13400  phase=vocab  vocab=  32  k=  1  loss_ema=3.0915  acc_ema=0.5253  steps/sec=8.9  ranks[in=4/4 q=1/14 k=2/12 v=17/32 o=3/32 lm=1/1]
  step=  13424  phase=vocab  vocab=  16  k=  1  loss_ema=4.0007  acc_ema=0.3569  [LEVEL_DOWN]  ranks[in=4/4 q=1/14 k=2/12 v=18/32 o=3/32 lm=1/1]
  step=  13468  phase=vocab  vocab=  32  k=  1  loss_ema=2.1228  acc_ema=0.6454  [LEVEL_UP]  ranks[in=4/4 q=1/14 k=2/12 v=17/32 o=3/32 lm=1/1]
  step=  13506  phase=vocab  vocab=  16  k=  1  loss_ema=3.7896  acc_ema=0.4245  [LEVEL_DOWN]  ranks[in=4/4 q=1/14 k=2/12 v=17/32 o=3/32 lm=1/1]
  step=  13543  phase=vocab  vocab=  32  k=  1  loss_ema=2.1807  acc_ema=0.5938  [LEVEL_UP]  ranks[in=4/4 q=1/14 k=2/12 v=18/32 o=3/32 lm=1/1]
  step=  13581  phase=vocab  vocab=  16  k=  1  loss_ema=3.9235  acc_ema=0.3654  [LEVEL_DOWN]  ranks[in=4/4 q=1/14 k=2/12 v=18/32 o=3/32 lm=1/1]
  step=  13594  phase=vocab  vocab=  32  k=  1  loss_ema=3.1379  acc_ema=0.4799  [LEVEL_UP]  ranks[in=4/4 q=1/14 k=2/12 v=18/32 o=3/32 lm=1/1]
  step=  13600  phase=vocab  vocab=  32  k=  1  loss_ema=3.5153  acc_ema=0.4432  steps/sec=8.8  ranks[in=4/4 q=1/14 k=2/12 v=18/32 o=3/32 lm=1/1]
  step=  13624  phase=vocab  vocab=  16  k=  1  loss_ema=3.9790  acc_ema=0.3591  [LEVEL_DOWN]  ranks[in=4/4 q=1/14 k=2/12 v=18/32 o=3/32 lm=1/1]
  step=  13676  phase=vocab  vocab=  32  k=  1  loss_ema=1.9410  acc_ema=0.6644  [LEVEL_UP]  ranks[in=4/4 q=1/14 k=2/12 v=19/32 o=3/32 lm=1/1]
  step=  13706  phase=vocab  vocab=  16  k=  1  loss_ema=3.5920  acc_ema=0.4739  [LEVEL_DOWN]  ranks[in=4/4 q=1/14 k=2/12 v=19/32 o=3/32 lm=1/1]
  step=  13750  phase=vocab  vocab=  32  k=  1  loss_ema=2.1821  acc_ema=0.6918  [LEVEL_UP]  ranks[in=4/4 q=1/14 k=2/12 v=19/32 o=3/32 lm=1/1]
  step=  13781  phase=vocab  vocab=  16  k=  1  loss_ema=3.8191  acc_ema=0.4635  [LEVEL_DOWN]  ranks[in=4/4 q=1/14 k=2/12 v=19/32 o=3/32 lm=1/1]
  step=  13797  phase=vocab  vocab=  32  k=  1  loss_ema=3.0135  acc_ema=0.5806  [LEVEL_UP]  ranks[in=4/4 q=1/14 k=2/12 v=19/32 o=3/32 lm=1/1]
  step=  13800  phase=vocab  vocab=  32  k=  1  loss_ema=3.2849  acc_ema=0.5464  steps/sec=8.8  ranks[in=4/4 q=1/14 k=2/12 v=19/32 o=3/32 lm=1/1]
  step=  13827  phase=vocab  vocab=  16  k=  1  loss_ema=3.8741  acc_ema=0.3610  [LEVEL_DOWN]  ranks[in=4/4 q=1/14 k=2/12 v=20/32 o=3/32 lm=1/1]
  step=  13843  phase=vocab  vocab=  32  k=  1  loss_ema=3.0230  acc_ema=0.4913  [LEVEL_UP]  ranks[in=4/4 q=1/14 k=2/12 v=19/32 o=3/32 lm=1/1]
  step=  13888  phase=vocab  vocab=  16  k=  1  loss_ema=3.8856  acc_ema=0.3899  [LEVEL_DOWN]  ranks[in=4/4 q=1/14 k=2/12 v=20/32 o=3/32 lm=1/1]
  step=  13965  phase=vocab  vocab=  32  k=  1  loss_ema=1.6692  acc_ema=0.7421  [LEVEL_UP]  ranks[in=4/4 q=1/14 k=2/12 v=21/32 o=3/32 lm=1/1]
  step=  14000  phase=vocab  vocab=  16  k=  1  loss_ema=3.7803  acc_ema=0.4013  [LEVEL_DOWN]  ranks[in=4/4 q=1/14 k=2/12 v=21/32 o=3/32 lm=1/1]
  step=  14000  phase=vocab  vocab=  32  k=  1  loss_ema=3.7803  acc_ema=0.4013  steps/sec=8.8  ranks[in=4/4 q=1/14 k=2/12 v=21/32 o=3/32 lm=1/1]
  step=  14018  phase=vocab  vocab=  32  k=  1  loss_ema=2.8139  acc_ema=0.5518  [LEVEL_UP]  ranks[in=4/4 q=1/14 k=2/12 v=21/32 o=3/32 lm=1/1]
  step=  14052  phase=vocab  vocab=  16  k=  1  loss_ema=3.9394  acc_ema=0.3784  [LEVEL_DOWN]  ranks[in=4/4 q=1/14 k=2/12 v=21/32 o=3/32 lm=1/1]
  step=  14083  phase=vocab  vocab=  32  k=  1  loss_ema=2.3999  acc_ema=0.5911  [LEVEL_UP]  ranks[in=4/4 q=1/14 k=2/12 v=21/32 o=3/32 lm=1/1]
  step=  14114  phase=vocab  vocab=  16  k=  1  loss_ema=3.6222  acc_ema=0.4450  [LEVEL_DOWN]  ranks[in=4/4 q=1/14 k=2/12 v=20/32 o=3/32 lm=1/1]
  step=  14130  phase=vocab  vocab=  32  k=  1  loss_ema=2.9446  acc_ema=0.5521  [LEVEL_UP]  ranks[in=4/4 q=1/14 k=2/12 v=21/32 o=3/32 lm=1/1]
  step=  14161  phase=vocab  vocab=  16  k=  1  loss_ema=3.7117  acc_ema=0.4161  [LEVEL_DOWN]  ranks[in=4/4 q=1/14 k=2/12 v=20/32 o=3/32 lm=1/1]
  step=  14194  phase=vocab  vocab=  32  k=  1  loss_ema=2.2931  acc_ema=0.6118  [LEVEL_UP]  ranks[in=4/4 q=1/14 k=2/12 v=21/32 o=3/32 lm=1/1]
  step=  14200  phase=vocab  vocab=  32  k=  1  loss_ema=2.9531  acc_ema=0.5419  steps/sec=8.7  ranks[in=4/4 q=1/14 k=2/12 v=21/32 o=3/32 lm=1/1]
  step=  14224  phase=vocab  vocab=  16  k=  1  loss_ema=3.7026  acc_ema=0.3980  [LEVEL_DOWN]  ranks[in=4/4 q=1/14 k=2/12 v=20/32 o=3/32 lm=1/1]
  step=  14248  phase=vocab  vocab=  32  k=  1  loss_ema=2.5102  acc_ema=0.5448  [LEVEL_UP]  ranks[in=4/4 q=1/14 k=2/12 v=21/32 o=3/32 lm=1/1]
  step=  14284  phase=vocab  vocab=  16  k=  1  loss_ema=3.8597  acc_ema=0.3505  [LEVEL_DOWN]  ranks[in=4/4 q=1/14 k=2/12 v=21/32 o=3/32 lm=1/1]
  step=  14326  phase=vocab  vocab=  32  k=  1  loss_ema=2.1748  acc_ema=0.6147  [LEVEL_UP]  ranks[in=4/4 q=1/14 k=2/12 v=21/32 o=3/32 lm=1/1]
  step=  14376  phase=vocab  vocab=  16  k=  1  loss_ema=3.7414  acc_ema=0.4251  [LEVEL_DOWN]  ranks[in=4/4 q=1/14 k=2/12 v=22/32 o=3/32 lm=1/1]
  step=  14400  phase=vocab  vocab=  16  k=  1  loss_ema=2.6686  acc_ema=0.5108  steps/sec=8.7  ranks[in=4/4 q=1/14 k=2/12 v=22/32 o=3/32 lm=1/1]
  step=  14401  phase=vocab  vocab=  32  k=  1  loss_ema=2.6700  acc_ema=0.5206  [LEVEL_UP]  ranks[in=4/4 q=1/14 k=2/12 v=22/32 o=3/32 lm=1/1]
  step=  14442  phase=vocab  vocab=  16  k=  1  loss_ema=3.8029  acc_ema=0.4139  [LEVEL_DOWN]  ranks[in=4/4 q=1/14 k=2/12 v=23/32 o=3/32 lm=1/1]
  step=  14458  phase=vocab  vocab=  32  k=  1  loss_ema=3.2420  acc_ema=0.5290  [LEVEL_UP]  ranks[in=4/4 q=1/14 k=2/12 v=23/32 o=3/32 lm=1/1]
  step=  14498  phase=vocab  vocab=  16  k=  1  loss_ema=3.8470  acc_ema=0.3931  [LEVEL_DOWN]  ranks[in=4/4 q=1/14 k=2/12 v=24/32 o=3/32 lm=1/1]
  step=  14516  phase=vocab  vocab=  32  k=  1  loss_ema=2.8949  acc_ema=0.5033  [LEVEL_UP]  ranks[in=4/4 q=1/14 k=2/12 v=24/32 o=3/32 lm=1/1]
  step=  14547  phase=vocab  vocab=  16  k=  1  loss_ema=3.7058  acc_ema=0.3472  [LEVEL_DOWN]  ranks[in=4/4 q=1/14 k=2/12 v=24/32 o=3/32 lm=1/1]
  step=  14586  phase=vocab  vocab=  32  k=  1  loss_ema=2.4923  acc_ema=0.5616  [LEVEL_UP]  ranks[in=4/4 q=1/14 k=2/12 v=24/32 o=3/32 lm=1/1]
  step=  14600  phase=vocab  vocab=  32  k=  1  loss_ema=3.5432  acc_ema=0.4406  steps/sec=8.7  ranks[in=4/4 q=1/14 k=2/12 v=24/32 o=3/32 lm=1/1]
  step=  14618  phase=vocab  vocab=  16  k=  1  loss_ema=3.9157  acc_ema=0.3905  [LEVEL_DOWN]  ranks[in=4/4 q=1/14 k=2/12 v=25/32 o=3/32 lm=1/1]
  step=  14638  phase=vocab  vocab=  32  k=  1  loss_ema=2.9206  acc_ema=0.5182  [LEVEL_UP]  ranks[in=4/4 q=1/14 k=2/12 v=24/32 o=3/32 lm=1/1]
  step=  14668  phase=vocab  vocab=  16  k=  1  loss_ema=3.8158  acc_ema=0.3564  [LEVEL_DOWN]  ranks[in=4/4 q=1/14 k=2/12 v=25/32 o=3/32 lm=1/1]
  step=  14687  phase=vocab  vocab=  32  k=  1  loss_ema=2.8383  acc_ema=0.4861  [LEVEL_UP]  ranks[in=4/4 q=1/14 k=2/12 v=25/32 o=3/32 lm=1/1]
  step=  14727  phase=vocab  vocab=  16  k=  1  loss_ema=3.8371  acc_ema=0.3350  [LEVEL_DOWN]  ranks[in=4/4 q=1/14 k=2/12 v=25/32 o=3/32 lm=1/1]
  step=  14771  phase=vocab  vocab=  32  k=  1  loss_ema=2.2924  acc_ema=0.5268  [LEVEL_UP]  ranks[in=4/4 q=1/14 k=2/12 v=25/32 o=3/32 lm=1/2]
  step=  14800  phase=vocab  vocab=  32  k=  1  loss_ema=3.4753  acc_ema=0.4861  steps/sec=8.6  ranks[in=4/4 q=1/14 k=2/12 v=25/32 o=3/32 lm=1/2]
  step=  14825  phase=vocab  vocab=  16  k=  1  loss_ema=3.7352  acc_ema=0.4205  [LEVEL_DOWN]  ranks[in=4/4 q=1/14 k=2/12 v=25/32 o=3/32 lm=1/1]
  step=  14889  phase=vocab  vocab=  32  k=  1  loss_ema=3.2316  acc_ema=0.5521  [LEVEL_UP]  ranks[in=4/4 q=1/14 k=2/12 v=25/32 o=3/32 lm=1/1]
  step=  14919  phase=vocab  vocab=  16  k=  1  loss_ema=3.9604  acc_ema=0.3293  [LEVEL_DOWN]  ranks[in=4/4 q=1/14 k=2/12 v=26/32 o=3/32 lm=1/2]
  step=  15000  phase=vocab  vocab=  16  k=  1  loss_ema=2.2916  acc_ema=0.6286  steps/sec=8.6  ranks[in=4/4 q=1/14 k=2/12 v=26/32 o=3/32 lm=1/2]
  step=  15042  phase=vocab  vocab=  32  k=  1  loss_ema=1.8848  acc_ema=0.7418  [LEVEL_UP]  ranks[in=4/4 q=1/14 k=2/12 v=26/32 o=3/32 lm=1/2]
  step=  15073  phase=vocab  vocab=  16  k=  1  loss_ema=3.5670  acc_ema=0.4635  [LEVEL_DOWN]  ranks[in=4/4 q=1/14 k=2/12 v=26/32 o=3/32 lm=1/3]
  step=  15093  phase=vocab  vocab=  32  k=  1  loss_ema=2.7097  acc_ema=0.5812  [LEVEL_UP]  ranks[in=4/4 q=1/14 k=2/12 v=27/32 o=3/32 lm=1/3]
  step=  15127  phase=vocab  vocab=  16  k=  1  loss_ema=3.4166  acc_ema=0.4314  [LEVEL_DOWN]  ranks[in=4/4 q=1/14 k=2/12 v=26/32 o=3/32 lm=1/4]
  step=  15200  phase=vocab  vocab=  16  k=  1  loss_ema=1.9104  acc_ema=0.6793  steps/sec=8.6  ranks[in=4/4 q=1/14 k=2/12 v=27/32 o=3/32 lm=1/4]
  step=  15210  phase=vocab  vocab=  32  k=  1  loss_ema=1.7979  acc_ema=0.7380  [LEVEL_UP]  ranks[in=4/4 q=1/14 k=2/12 v=27/32 o=3/32 lm=1/4]
  step=  15243  phase=vocab  vocab=  16  k=  1  loss_ema=3.5495  acc_ema=0.4510  [LEVEL_DOWN]  ranks[in=4/4 q=1/14 k=2/12 v=27/32 o=3/32 lm=1/4]
  step=  15260  phase=vocab  vocab=  32  k=  1  loss_ema=2.7201  acc_ema=0.5943  [LEVEL_UP]  ranks[in=4/4 q=1/14 k=2/12 v=27/32 o=3/32 lm=1/4]
  step=  15293  phase=vocab  vocab=  16  k=  1  loss_ema=3.3155  acc_ema=0.4275  [LEVEL_DOWN]  ranks[in=4/4 q=1/14 k=2/12 v=27/32 o=3/32 lm=1/4]
  step=  15342  phase=vocab  vocab=  32  k=  1  loss_ema=2.3437  acc_ema=0.6546  [LEVEL_UP]  ranks[in=4/4 q=1/14 k=2/12 v=27/32 o=3/32 lm=1/3]
  step=  15372  phase=vocab  vocab=  16  k=  1  loss_ema=3.7818  acc_ema=0.4003  [LEVEL_DOWN]  ranks[in=4/4 q=1/14 k=2/12 v=27/32 o=3/32 lm=1/4]
  step=  15386  phase=vocab  vocab=  32  k=  1  loss_ema=3.2112  acc_ema=0.5000  [LEVEL_UP]  ranks[in=4/4 q=1/14 k=2/12 v=27/32 o=3/32 lm=1/3]
  step=  15400  phase=vocab  vocab=  32  k=  1  loss_ema=3.5142  acc_ema=0.3952  steps/sec=8.5  ranks[in=4/4 q=2/14 k=3/12 v=27/32 o=3/32 lm=1/4]
  step=  15418  phase=vocab  vocab=  16  k=  1  loss_ema=3.4672  acc_ema=0.3076  [LEVEL_DOWN]  ranks[in=4/4 q=1/13 k=2/12 v=27/32 o=3/32 lm=1/4]
  step=  15457  phase=vocab  vocab=  32  k=  1  loss_ema=2.5898  acc_ema=0.6089  [LEVEL_UP]  ranks[in=4/4 q=1/13 k=2/12 v=27/32 o=3/32 lm=1/4]
  step=  15505  phase=vocab  vocab=  16  k=  1  loss_ema=3.2767  acc_ema=0.3460  [LEVEL_DOWN]  ranks[in=4/4 q=1/13 k=2/12 v=27/32 o=3/32 lm=1/4]
  step=  15536  phase=vocab  vocab=  32  k=  1  loss_ema=2.6569  acc_ema=0.5590  [LEVEL_UP]  ranks[in=4/4 q=1/13 k=2/12 v=28/32 o=3/32 lm=1/4]
  step=  15579  phase=vocab  vocab=  16  k=  1  loss_ema=3.1733  acc_ema=0.4154  [LEVEL_DOWN]  ranks[in=4/4 q=1/13 k=2/12 v=28/32 o=3/32 lm=1/4]
  step=  15600  phase=vocab  vocab=  16  k=  1  loss_ema=2.6733  acc_ema=0.5205  steps/sec=8.5  ranks[in=4/4 q=1/13 k=2/12 v=28/32 o=3/32 lm=1/4]
  step=  15632  phase=vocab  vocab=  32  k=  1  loss_ema=2.1670  acc_ema=0.6700  [LEVEL_UP]  ranks[in=4/4 q=1/13 k=2/12 v=28/32 o=3/32 lm=1/4]
  step=  15674  phase=vocab  vocab=  16  k=  1  loss_ema=3.2419  acc_ema=0.4592  [LEVEL_DOWN]  ranks[in=4/4 q=1/13 k=2/12 v=28/32 o=3/32 lm=1/4]
  step=  15722  phase=vocab  vocab=  32  k=  1  loss_ema=2.0519  acc_ema=0.6917  [LEVEL_UP]  ranks[in=4/4 q=1/13 k=2/12 v=28/32 o=3/32 lm=1/4]
  step=  15756  phase=vocab  vocab=  16  k=  1  loss_ema=3.1496  acc_ema=0.5040  [LEVEL_DOWN]  ranks[in=4/4 q=1/13 k=2/12 v=29/32 o=3/32 lm=1/4]
  step=  15800  phase=vocab  vocab=  16  k=  1  loss_ema=2.2945  acc_ema=0.6916  steps/sec=8.5  ranks[in=4/4 q=1/13 k=2/12 v=29/32 o=3/32 lm=1/4]
  step=  15810  phase=vocab  vocab=  32  k=  1  loss_ema=1.9930  acc_ema=0.7480  [LEVEL_UP]  ranks[in=4/4 q=1/13 k=2/12 v=29/32 o=3/32 lm=1/4]
  step=  15886  phase=vocab  vocab=  16  k=  1  loss_ema=3.2167  acc_ema=0.4025  [LEVEL_DOWN]  ranks[in=4/4 q=1/13 k=2/12 v=28/32 o=3/32 lm=1/4]
  step=  15941  phase=vocab  vocab=  32  k=  1  loss_ema=2.0421  acc_ema=0.6883  [LEVEL_UP]  ranks[in=4/4 q=1/13 k=2/12 v=29/32 o=3/32 lm=1/4]
  step=  15996  phase=vocab  vocab=  16  k=  1  loss_ema=3.2424  acc_ema=0.4297  [LEVEL_DOWN]  ranks[in=4/4 q=1/12 k=2/11 v=29/32 o=3/32 lm=1/4]
  step=  16000  phase=vocab  vocab=  16  k=  1  loss_ema=3.2140  acc_ema=0.4355  steps/sec=8.4  ranks[in=4/4 q=1/12 k=2/11 v=30/32 o=3/32 lm=1/4]
  step=  16035  phase=vocab  vocab=  32  k=  1  loss_ema=2.3502  acc_ema=0.6404  [LEVEL_UP]  ranks[in=4/4 q=1/12 k=2/11 v=30/32 o=3/32 lm=1/4]
  step=  16091  phase=vocab  vocab=  16  k=  1  loss_ema=3.0148  acc_ema=0.4144  [LEVEL_DOWN]  ranks[in=4/4 q=1/12 k=2/11 v=30/32 o=3/32 lm=1/4]
  step=  16112  phase=vocab  vocab=  32  k=  1  loss_ema=2.5167  acc_ema=0.5307  [LEVEL_UP]  ranks[in=4/4 q=1/12 k=2/11 v=31/32 o=3/32 lm=1/4]
  step=  16179  phase=vocab  vocab=  16  k=  1  loss_ema=3.2213  acc_ema=0.4669  [LEVEL_DOWN]  ranks[in=4/4 q=1/12 k=2/11 v=31/32 o=3/32 lm=1/4]
  step=  16200  phase=vocab  vocab=  16  k=  1  loss_ema=2.8127  acc_ema=0.5736  steps/sec=8.4  ranks[in=4/4 q=1/12 k=2/11 v=31/32 o=3/32 lm=1/4]
  step=  16206  phase=vocab  vocab=  32  k=  1  loss_ema=2.6149  acc_ema=0.6223  [LEVEL_UP]  ranks[in=4/4 q=1/12 k=2/11 v=31/32 o=3/32 lm=1/4]
  step=  16269  phase=vocab  vocab=  16  k=  1  loss_ema=2.9323  acc_ema=0.5445  [LEVEL_DOWN]  ranks[in=4/4 q=1/12 k=2/11 v=31/32 o=3/32 lm=1/4]
  step=  16300  phase=vocab  vocab=  32  k=  1  loss_ema=2.4759  acc_ema=0.6652  [LEVEL_UP]  ranks[in=4/4 q=1/12 k=2/11 v=31/32 o=3/32 lm=1/4]
  step=  16348  phase=vocab  vocab=  16  k=  1  loss_ema=3.1180  acc_ema=0.5311  [LEVEL_DOWN]  ranks[in=4/4 q=1/12 k=2/11 v=31/32 o=3/32 lm=1/4]
  step=  16380  phase=vocab  vocab=  32  k=  1  loss_ema=2.5482  acc_ema=0.6400  [LEVEL_UP]  ranks[in=4/4 q=1/12 k=2/11 v=31/32 o=3/32 lm=1/4]
  step=  16400  phase=vocab  vocab=  32  k=  1  loss_ema=2.8218  acc_ema=0.5748  steps/sec=8.4  ranks[in=4/4 q=1/12 k=2/11 v=31/32 o=3/32 lm=1/4]
  step=  16415  phase=vocab  vocab=  16  k=  1  loss_ema=3.0470  acc_ema=0.5082  [LEVEL_DOWN]  ranks[in=4/4 q=1/12 k=2/11 v=32/32 o=3/32 lm=1/4]
  step=  16445  phase=vocab  vocab=  32  k=  1  loss_ema=2.4494  acc_ema=0.6532  [LEVEL_UP]  ranks[in=4/4 q=1/12 k=2/11 v=31/32 o=3/32 lm=1/4]
  step=  16488  phase=vocab  vocab=  16  k=  1  loss_ema=2.8903  acc_ema=0.5975  [LEVEL_DOWN]  ranks[in=4/4 q=1/12 k=2/11 v=32/32 o=3/32 lm=1/4]
  step=  16521  phase=vocab  vocab=  32  k=  1  loss_ema=2.3433  acc_ema=0.7163  [LEVEL_UP]  ranks[in=4/4 q=1/12 k=2/11 v=32/32 o=3/32 lm=1/4]
  step=  16600  phase=vocab  vocab=  32  k=  1  loss_ema=2.5622  acc_ema=0.6326  steps/sec=8.3  ranks[in=4/4 q=1/12 k=2/11 v=31/32 o=3/32 lm=1/4]
  step=  16639  phase=vocab  vocab=  16  k=  1  loss_ema=2.7305  acc_ema=0.6195  [LEVEL_DOWN]  ranks[in=4/4 q=1/12 k=2/11 v=32/32 o=3/32 lm=1/4]
  step=  16652  phase=vocab  vocab=  32  k=  1  loss_ema=2.5116  acc_ema=0.6750  [LEVEL_UP]  ranks[in=4/4 q=1/12 k=2/11 v=31/32 o=3/32 lm=1/4]
  step=  16800  phase=vocab  vocab=  32  k=  1  loss_ema=2.6929  acc_ema=0.6354  steps/sec=8.3  ranks[in=4/4 q=1/12 k=2/11 v=32/32 o=3/32 lm=1/4]
  step=  16806  phase=vocab  vocab=  64  k=  1  loss_ema=2.5916  acc_ema=0.6770  [LEVEL_UP]  ranks[in=4/4 q=1/12 k=2/11 v=32/32 o=3/32 lm=1/4]
  step=  16836  phase=vocab  vocab=  32  k=  1  loss_ema=4.8002  acc_ema=0.3693  [LEVEL_DOWN]  ranks[in=4/4 q=1/12 k=2/11 v=32/32 o=3/32 lm=1/4]
  step=  17000  phase=vocab  vocab=  32  k=  1  loss_ema=2.8390  acc_ema=0.5350  steps/sec=8.3  ranks[in=4/4 q=1/12 k=2/11 v=32/32 o=3/32 lm=1/4]
  step=  17200  phase=vocab  vocab=  32  k=  1  loss_ema=2.6159  acc_ema=0.6415  steps/sec=8.3  ranks[in=4/4 q=1/12 k=2/11 v=32/32 o=3/32 lm=1/4]
  step=  17250  phase=vocab  vocab=  64  k=  1  loss_ema=2.6536  acc_ema=0.7352  [LEVEL_UP]  ranks[in=4/4 q=1/12 k=2/11 v=32/32 o=3/32 lm=1/4]
  step=  17280  phase=vocab  vocab=  32  k=  1  loss_ema=4.9473  acc_ema=0.4011  [LEVEL_DOWN]  ranks[in=4/4 q=1/12 k=2/11 v=32/32 o=3/32 lm=1/4]
  step=  17382  phase=vocab  vocab=  64  k=  1  loss_ema=2.7401  acc_ema=0.7284  [LEVEL_UP]  ranks[in=4/4 q=1/12 k=2/11 v=32/32 o=3/32 lm=1/4]
  step=  17400  phase=vocab  vocab=  64  k=  1  loss_ema=4.5951  acc_ema=0.5063  steps/sec=8.2  ranks[in=4/4 q=1/12 k=2/11 v=32/32 o=3/32 lm=1/4]
  step=  17416  phase=vocab  vocab=  32  k=  1  loss_ema=4.7173  acc_ema=0.3999  [LEVEL_DOWN]  ranks[in=4/4 q=1/12 k=2/11 v=32/32 o=3/32 lm=1/4]
  step=  17433  phase=vocab  vocab=  64  k=  1  loss_ema=3.8310  acc_ema=0.4971  [LEVEL_UP]  ranks[in=4/4 q=1/12 k=2/11 v=32/32 o=3/32 lm=1/4]
  step=  17463  phase=vocab  vocab=  32  k=  1  loss_ema=4.6201  acc_ema=0.2711  [LEVEL_DOWN]  ranks[in=4/4 q=1/12 k=2/11 v=32/32 o=3/32 lm=1/4]
  step=  17593  phase=vocab  vocab=  64  k=  1  loss_ema=2.3903  acc_ema=0.7006  [LEVEL_UP]  ranks[in=4/4 q=1/12 k=2/11 v=32/32 o=3/32 lm=1/4]
  step=  17600  phase=vocab  vocab=  64  k=  1  loss_ema=3.4028  acc_ema=0.6267  steps/sec=8.2  ranks[in=4/4 q=1/12 k=2/11 v=32/32 o=3/32 lm=1/4]
  step=  17623  phase=vocab  vocab=  32  k=  1  loss_ema=4.4114  acc_ema=0.3938  [LEVEL_DOWN]  ranks[in=4/4 q=1/12 k=2/11 v=32/32 o=3/32 lm=1/4]
  step=  17720  phase=vocab  vocab=  64  k=  1  loss_ema=2.7186  acc_ema=0.6769  [LEVEL_UP]  ranks[in=4/4 q=1/12 k=2/11 v=32/32 o=3/32 lm=1/4]
  step=  17753  phase=vocab  vocab=  32  k=  1  loss_ema=4.1611  acc_ema=0.3949  [LEVEL_DOWN]  ranks[in=4/4 q=1/12 k=2/11 v=32/32 o=3/32 lm=1/4]
  step=  17800  phase=vocab  vocab=  32  k=  1  loss_ema=2.8296  acc_ema=0.5878  steps/sec=8.2  ranks[in=4/4 q=1/12 k=2/11 v=32/32 o=3/32 lm=1/4]
  step=  17872  phase=vocab  vocab=  64  k=  1  loss_ema=2.5424  acc_ema=0.7276  [LEVEL_UP]  ranks[in=4/4 q=1/12 k=2/11 v=32/32 o=3/32 lm=1/4]
  step=  17902  phase=vocab  vocab=  32  k=  1  loss_ema=4.3463  acc_ema=0.4117  [LEVEL_DOWN]  ranks[in=4/4 q=1/12 k=2/11 v=32/32 o=3/32 lm=1/4]
  step=  17975  phase=vocab  vocab=  64  k=  1  loss_ema=2.7372  acc_ema=0.6746  [LEVEL_UP]  ranks[in=4/4 q=1/12 k=2/11 v=32/32 o=3/32 lm=1/4]
  step=  18000  phase=vocab  vocab=  64  k=  1  loss_ema=4.3695  acc_ema=0.4238  steps/sec=8.2  ranks[in=4/4 q=1/12 k=2/11 v=32/32 o=3/32 lm=1/4]
  step=  18005  phase=vocab  vocab=  32  k=  1  loss_ema=4.4902  acc_ema=0.3831  [LEVEL_DOWN]  ranks[in=4/4 q=1/12 k=2/11 v=32/32 o=3/32 lm=1/4]
  step=  18059  phase=vocab  vocab=  64  k=  1  loss_ema=2.8314  acc_ema=0.6323  [LEVEL_UP]  ranks[in=4/4 q=1/12 k=2/11 v=32/32 o=3/32 lm=1/4]
  step=  18089  phase=vocab  vocab=  32  k=  1  loss_ema=4.2602  acc_ema=0.3749  [LEVEL_DOWN]  ranks[in=4/4 q=1/12 k=2/11 v=32/32 o=3/32 lm=1/4]
  step=  18142  phase=vocab  vocab=  64  k=  1  loss_ema=2.9894  acc_ema=0.6407  [LEVEL_UP]  ranks[in=4/4 q=1/12 k=2/10 v=32/32 o=3/32 lm=1/4]
  step=  18172  phase=vocab  vocab=  32  k=  1  loss_ema=4.1811  acc_ema=0.3495  [LEVEL_DOWN]  ranks[in=4/4 q=1/12 k=2/10 v=32/32 o=3/32 lm=1/4]
  step=  18200  phase=vocab  vocab=  32  k=  1  loss_ema=3.1971  acc_ema=0.5227  steps/sec=8.1  ranks[in=4/4 q=1/12 k=2/10 v=32/32 o=3/32 lm=1/4]
  step=  18300  phase=vocab  vocab=  64  k=  1  loss_ema=2.6356  acc_ema=0.7745  [LEVEL_UP]  ranks[in=4/4 q=1/12 k=2/10 v=32/32 o=3/32 lm=1/4]
  step=  18330  phase=vocab  vocab=  32  k=  1  loss_ema=4.0313  acc_ema=0.4382  [LEVEL_DOWN]  ranks[in=4/4 q=1/12 k=2/10 v=32/32 o=3/32 lm=1/4]
  step=  18372  phase=vocab  vocab=  64  k=  1  loss_ema=3.1145  acc_ema=0.6148  [LEVEL_UP]  ranks[in=4/4 q=1/12 k=2/10 v=32/32 o=3/32 lm=1/4]
  step=  18400  phase=vocab  vocab=  64  k=  1  loss_ema=4.2535  acc_ema=0.3620  steps/sec=8.1  ranks[in=4/4 q=1/12 k=2/10 v=32/32 o=3/32 lm=1/4]
  step=  18402  phase=vocab  vocab=  32  k=  1  loss_ema=4.2398  acc_ema=0.3477  [LEVEL_DOWN]  ranks[in=4/4 q=1/12 k=2/10 v=32/32 o=3/32 lm=1/4]
  step=  18428  phase=vocab  vocab=  64  k=  1  loss_ema=3.4023  acc_ema=0.5148  [LEVEL_UP]  ranks[in=4/4 q=1/12 k=2/10 v=32/32 o=3/32 lm=1/4]
  step=  18461  phase=vocab  vocab=  32  k=  1  loss_ema=4.0762  acc_ema=0.3397  [LEVEL_DOWN]  ranks[in=4/4 q=1/12 k=2/10 v=32/32 o=3/32 lm=1/4]
  step=  18496  phase=vocab  vocab=  64  k=  1  loss_ema=3.1986  acc_ema=0.6016  [LEVEL_UP]  ranks[in=4/4 q=1/12 k=2/10 v=32/32 o=3/32 lm=1/4]
  step=  18535  phase=vocab  vocab=  32  k=  1  loss_ema=3.9441  acc_ema=0.3422  [LEVEL_DOWN]  ranks[in=4/4 q=1/12 k=2/10 v=32/32 o=3/32 lm=1/4]
  step=  18583  phase=vocab  vocab=  64  k=  1  loss_ema=2.7870  acc_ema=0.5743  [LEVEL_UP]  ranks[in=4/4 q=1/12 k=2/10 v=32/32 o=3/32 lm=1/4]
  step=  18600  phase=vocab  vocab=  64  k=  1  loss_ema=3.6868  acc_ema=0.4255  steps/sec=8.1  ranks[in=4/4 q=1/12 k=3/10 v=32/32 o=3/32 lm=1/4]
  step=  18615  phase=vocab  vocab=  32  k=  1  loss_ema=3.9038  acc_ema=0.3480  [LEVEL_DOWN]  ranks[in=4/4 q=1/11 k=3/10 v=32/32 o=3/32 lm=1/4]
  step=  18664  phase=vocab  vocab=  64  k=  1  loss_ema=2.7079  acc_ema=0.6398  [LEVEL_UP]  ranks[in=4/4 q=1/10 k=2/10 v=32/32 o=3/32 lm=1/4]
  step=  18718  phase=vocab  vocab=  32  k=  1  loss_ema=3.7378  acc_ema=0.3452  [LEVEL_DOWN]  ranks[in=4/4 q=1/10 k=2/10 v=32/32 o=3/32 lm=1/4]
  step=  18749  phase=vocab  vocab=  64  k=  1  loss_ema=2.8911  acc_ema=0.5430  [LEVEL_UP]  ranks[in=4/4 q=1/10 k=2/10 v=32/32 o=3/32 lm=1/4]
  step=  18784  phase=vocab  vocab=  32  k=  1  loss_ema=3.8858  acc_ema=0.4039  [LEVEL_DOWN]  ranks[in=4/4 q=1/10 k=2/10 v=32/32 o=3/32 lm=1/4]
  step=  18800  phase=vocab  vocab=  32  k=  1  loss_ema=3.5917  acc_ema=0.4683  steps/sec=8.1  ranks[in=4/4 q=1/10 k=2/10 v=32/32 o=3/32 lm=1/4]
  step=  18834  phase=vocab  vocab=  64  k=  1  loss_ema=2.7767  acc_ema=0.6547  [LEVEL_UP]  ranks[in=4/4 q=1/10 k=2/10 v=32/32 o=3/32 lm=1/4]
  step=  18864  phase=vocab  vocab=  32  k=  1  loss_ema=3.9190  acc_ema=0.3880  [LEVEL_DOWN]  ranks[in=4/4 q=1/10 k=2/10 v=32/32 o=3/32 lm=1/4]
  step=  18932  phase=vocab  vocab=  64  k=  1  loss_ema=2.6134  acc_ema=0.6810  [LEVEL_UP]  ranks[in=4/4 q=1/10 k=2/10 v=32/32 o=3/32 lm=1/4]
  step=  18963  phase=vocab  vocab=  32  k=  1  loss_ema=3.7985  acc_ema=0.4523  [LEVEL_DOWN]  ranks[in=4/4 q=1/10 k=2/10 v=32/32 o=3/32 lm=1/4]
  step=  19000  phase=vocab  vocab=  32  k=  1  loss_ema=2.8264  acc_ema=0.6431  steps/sec=8.0  ranks[in=4/4 q=1/10 k=2/10 v=32/32 o=3/32 lm=1/4]
  step=  19019  phase=vocab  vocab=  64  k=  1  loss_ema=2.5685  acc_ema=0.7098  [LEVEL_UP]  ranks[in=4/4 q=1/10 k=2/10 v=32/32 o=3/32 lm=1/4]
  step=  19052  phase=vocab  vocab=  32  k=  1  loss_ema=3.6490  acc_ema=0.4486  [LEVEL_DOWN]  ranks[in=4/4 q=1/10 k=2/10 v=32/32 o=3/32 lm=1/4]
  step=  19124  phase=vocab  vocab=  64  k=  1  loss_ema=2.4951  acc_ema=0.6953  [LEVEL_UP]  ranks[in=4/4 q=1/10 k=2/10 v=32/32 o=3/32 lm=1/4]
  step=  19154  phase=vocab  vocab=  32  k=  1  loss_ema=3.7328  acc_ema=0.4691  [LEVEL_DOWN]  ranks[in=4/4 q=1/10 k=2/10 v=32/32 o=3/32 lm=1/4]
  step=  19193  phase=vocab  vocab=  64  k=  1  loss_ema=2.8355  acc_ema=0.6154  [LEVEL_UP]  ranks[in=4/4 q=1/10 k=2/10 v=32/32 o=3/32 lm=1/4]
  step=  19200  phase=vocab  vocab=  64  k=  1  loss_ema=3.3204  acc_ema=0.5715  steps/sec=8.0  ranks[in=4/4 q=1/10 k=2/10 v=32/32 o=3/32 lm=1/4]
  step=  19227  phase=vocab  vocab=  32  k=  1  loss_ema=3.7887  acc_ema=0.4524  [LEVEL_DOWN]  ranks[in=4/4 q=1/10 k=2/10 v=32/32 o=3/32 lm=1/4]
  step=  19281  phase=vocab  vocab=  16  k=  1  loss_ema=2.9112  acc_ema=0.6150  [LEVEL_DOWN]  ranks[in=4/4 q=1/10 k=2/10 v=32/32 o=3/32 lm=1/4]
  step=  19311  phase=vocab  vocab=   8  k=  1  loss_ema=4.3712  acc_ema=0.3497  [LEVEL_DOWN]  ranks[in=4/4 q=1/10 k=2/10 v=32/32 o=3/32 lm=1/4]
  step=  19400  phase=vocab  vocab=   8  k=  1  loss_ema=2.1926  acc_ema=0.4955  steps/sec=8.0  ranks[in=4/4 q=1/10 k=2/10 v=32/32 o=3/32 lm=1/3]
  step=  19431  phase=vocab  vocab=  16  k=  1  loss_ema=1.5801  acc_ema=0.6888  [LEVEL_UP]  ranks[in=4/4 q=1/10 k=2/10 v=32/32 o=3/32 lm=1/3]
  step=  19461  phase=vocab  vocab=   8  k=  1  loss_ema=3.5803  acc_ema=0.4064  [LEVEL_DOWN]  ranks[in=4/4 q=1/10 k=2/10 v=32/32 o=3/32 lm=1/4]
  step=  19488  phase=vocab  vocab=  16  k=  1  loss_ema=2.4538  acc_ema=0.5431  [LEVEL_UP]  ranks[in=4/4 q=1/10 k=2/10 v=32/32 o=3/32 lm=1/4]
  step=  19590  phase=vocab  vocab=   8  k=  1  loss_ema=2.6621  acc_ema=0.4340  [LEVEL_DOWN]  ranks[in=4/4 q=1/10 k=2/10 v=32/32 o=3/32 lm=1/4]
  step=  19600  phase=vocab  vocab=   8  k=  1  loss_ema=2.4940  acc_ema=0.4292  steps/sec=8.0  ranks[in=4/4 q=1/10 k=2/10 v=32/32 o=3/32 lm=1/4]
  step=  19636  phase=vocab  vocab=  16  k=  1  loss_ema=1.4994  acc_ema=0.6465  [LEVEL_UP]  ranks[in=4/4 q=1/10 k=2/10 v=32/32 o=3/32 lm=1/4]
  step=  19787  phase=vocab  vocab=  32  k=  1  loss_ema=1.8048  acc_ema=0.6756  [LEVEL_UP]  ranks[in=4/4 q=1/10 k=2/10 v=32/32 o=3/32 lm=1/4]
  step=  19800  phase=vocab  vocab=  32  k=  1  loss_ema=3.6881  acc_ema=0.5559  steps/sec=8.0  ranks[in=4/4 q=1/10 k=2/10 v=32/32 o=3/32 lm=1/4]
  step=  19817  phase=vocab  vocab=  16  k=  1  loss_ema=4.0914  acc_ema=0.3943  [LEVEL_DOWN]  ranks[in=4/4 q=1/10 k=2/10 v=32/32 o=3/32 lm=1/4]
  step=  19894  phase=vocab  vocab=   8  k=  1  loss_ema=2.3333  acc_ema=0.4412  [LEVEL_DOWN]  ranks[in=4/4 q=1/10 k=2/10 v=32/32 o=3/32 lm=1/4]
  step=  19912  phase=vocab  vocab=  16  k=  1  loss_ema=2.3796  acc_ema=0.5057  [LEVEL_UP]  ranks[in=4/4 q=1/10 k=2/10 v=32/32 o=3/32 lm=1/4]
  step=  20000  phase=vocab  vocab=  16  k=  1  loss_ema=1.9359  acc_ema=0.5837  steps/sec=7.9  ranks[in=4/4 q=1/10 k=2/10 v=32/32 o=3/32 lm=1/4]

FINAL precision=fp4 final_vocab=16 final_k=1 final_phase=vocab graduated=False total_steps=20000 steps_per_sec=7.9 peak_rss_mb=78.9 (2516s)
PEAK precision=fp4 peak_vocab=64 peak_k=1 peak_phase=vocab
RANK_MUTATIONS precision=fp4 count=568
  input_proj   scale_rank=4  additive_rank=4
  q_proj       scale_rank=1  additive_rank=10
  k_proj       scale_rank=2  additive_rank=10
  v_proj       scale_rank=32  additive_rank=32
  o_proj       scale_rank=3  additive_rank=32
  lm_head      scale_rank=1  additive_rank=4
RANK_HISTORY_JSON [{"step": 200, "ranks": {"input_proj": [1, 1], "q_proj": [1, 1], "k_proj": [1, 1], "v_proj": [1, 1], "o_proj": [1, 1], "lm_head": [1, 2]}}, {"step": 400, "ranks": {"input_proj": [1, 1], "q_proj": [1, 1], "k_proj": [1, 1], "v_proj": [1, 1], "o_proj": [1, 1], "lm_head": [1, 1]}}, {"step": 600, "ranks": {"input_proj": [1, 1], "q_proj": [1, 1], "k_proj": [1, 1], "v_proj": [1, 1], "o_proj": [1, 1], "lm_head": [1, 1]}}, {"step": 800, "ranks": {"input_proj": [1, 1], "q_proj": [1, 1], "k_proj": [1, 1], "v_proj": [1, 1], "o_proj": [1, 1], "lm_head": [2, 1]}}, {"step": 1000, "ranks": {"input_proj": [1, 1], "q_proj": [1, 1], "k_proj": [1, 1], "v_proj": [1, 1], "o_proj": [1, 1], "lm_head": [1, 1]}}, {"step": 1200, "ranks": {"input_proj": [1, 1], "q_proj": [1, 1], "k_proj": [1, 1], "v_proj": [1, 1], "o_proj": [1, 1], "lm_head": [1, 1]}}, {"step": 1380, "ranks": {"input_proj": [1, 1], "q_proj": [1, 1], "k_proj": [1, 1], "v_proj": [1, 1], "o_proj": [1, 1], "lm_head": [1, 1]}}, {"step": 1400, "ranks": {"input_proj": [2, 2], "q_proj": [1, 1], "k_proj": [1, 1], "v_proj": [1, 1], "o_proj": [1, 1], "lm_head": [1, 2]}}, {"step": 1416, "ranks": {"input_proj": [1, 3], "q_proj": [1, 1], "k_proj": [1, 1], "v_proj": [1, 1], "o_proj": [1, 1], "lm_head": [1, 2]}}, {"step": 1600, "ranks": {"input_proj": [1, 3], "q_proj": [1, 1], "k_proj": [1, 1], "v_proj": [1, 1], "o_proj": [1, 1], "lm_head": [1, 2]}}, {"step": 1800, "ranks": {"input_proj": [1, 3], "q_proj": [1, 1], "k_proj": [1, 1], "v_proj": [1, 1], "o_proj": [1, 1], "lm_head": [1, 2]}}, {"step": 1813, "ranks": {"input_proj": [1, 3], "q_proj": [1, 1], "k_proj": [1, 1], "v_proj": [1, 1], "o_proj": [1, 1], "lm_head": [1, 2]}}, {"step": 1843, "ranks": {"input_proj": [1, 3], "q_proj": [1, 1], "k_proj": [1, 1], "v_proj": [1, 1], "o_proj": [1, 1], "lm_head": [1, 3]}}, {"step": 1956, "ranks": {"input_proj": [1, 3], "q_proj": [1, 1], "k_proj": [1, 1], "v_proj": [1, 1], "o_proj": [1, 1], "lm_head": [1, 3]}}, {"step": 1991, "ranks": {"input_proj": [1, 4], "q_proj": [1, 1], "k_proj": [1, 1], "v_proj": [1, 1], "o_proj": [1, 1], "lm_head": [1, 4]}}, {"step": 2000, "ranks": {"input_proj": [1, 4], "q_proj": [1, 1], "k_proj": [1, 1], "v_proj": [1, 1], "o_proj": [1, 1], "lm_head": [1, 4]}}, {"step": 2200, "ranks": {"input_proj": [1, 4], "q_proj": [1, 1], "k_proj": [1, 1], "v_proj": [1, 1], "o_proj": [1, 1], "lm_head": [1, 3]}}, {"step": 2400, "ranks": {"input_proj": [1, 4], "q_proj": [1, 1], "k_proj": [1, 1], "v_proj": [1, 1], "o_proj": [1, 1], "lm_head": [1, 3]}}, {"step": 2600, "ranks": {"input_proj": [1, 4], "q_proj": [1, 1], "k_proj": [1, 1], "v_proj": [1, 1], "o_proj": [1, 1], "lm_head": [1, 3]}}, {"step": 2765, "ranks": {"input_proj": [1, 4], "q_proj": [1, 1], "k_proj": [1, 1], "v_proj": [1, 1], "o_proj": [1, 1], "lm_head": [1, 3]}}, {"step": 2800, "ranks": {"input_proj": [1, 4], "q_proj": [1, 1], "k_proj": [1, 1], "v_proj": [1, 1], "o_proj": [1, 1], "lm_head": [1, 4]}}, {"step": 2800, "ranks": {"input_proj": [1, 4], "q_proj": [1, 1], "k_proj": [1, 1], "v_proj": [1, 1], "o_proj": [1, 1], "lm_head": [1, 4]}}, {"step": 3000, "ranks": {"input_proj": [1, 4], "q_proj": [1, 1], "k_proj": [1, 1], "v_proj": [1, 1], "o_proj": [1, 1], "lm_head": [1, 3]}}, {"step": 3066, "ranks": {"input_proj": [1, 4], "q_proj": [1, 1], "k_proj": [1, 1], "v_proj": [1, 1], "o_proj": [1, 1], "lm_head": [1, 3]}}, {"step": 3096, "ranks": {"input_proj": [1, 4], "q_proj": [1, 1], "k_proj": [1, 1], "v_proj": [1, 1], "o_proj": [1, 1], "lm_head": [1, 4]}}, {"step": 3200, "ranks": {"input_proj": [1, 4], "q_proj": [1, 1], "k_proj": [1, 1], "v_proj": [1, 1], "o_proj": [1, 1], "lm_head": [1, 3]}}, {"step": 3205, "ranks": {"input_proj": [1, 4], "q_proj": [1, 1], "k_proj": [1, 1], "v_proj": [1, 1], "o_proj": [1, 1], "lm_head": [1, 3]}}, {"step": 3245, "ranks": {"input_proj": [1, 4], "q_proj": [1, 1], "k_proj": [1, 1], "v_proj": [1, 1], "o_proj": [1, 1], "lm_head": [1, 3]}}, {"step": 3400, "ranks": {"input_proj": [1, 4], "q_proj": [1, 1], "k_proj": [1, 1], "v_proj": [1, 1], "o_proj": [1, 1], "lm_head": [1, 3]}}, {"step": 3539, "ranks": {"input_proj": [1, 4], "q_proj": [1, 1], "k_proj": [1, 1], "v_proj": [1, 1], "o_proj": [1, 1], "lm_head": [1, 3]}}, {"step": 3571, "ranks": {"input_proj": [1, 4], "q_proj": [1, 1], "k_proj": [1, 1], "v_proj": [1, 1], "o_proj": [1, 1], "lm_head": [1, 3]}}, {"step": 3600, "ranks": {"input_proj": [1, 4], "q_proj": [1, 1], "k_proj": [1, 1], "v_proj": [1, 1], "o_proj": [1, 1], "lm_head": [1, 3]}}, {"step": 3658, "ranks": {"input_proj": [1, 4], "q_proj": [1, 1], "k_proj": [1, 1], "v_proj": [1, 1], "o_proj": [1, 1], "lm_head": [1, 3]}}, {"step": 3707, "ranks": {"input_proj": [1, 4], "q_proj": [1, 1], "k_proj": [1, 1], "v_proj": [1, 1], "o_proj": [1, 1], "lm_head": [1, 3]}}, {"step": 3800, "ranks": {"input_proj": [1, 4], "q_proj": [1, 1], "k_proj": [1, 1], "v_proj": [1, 1], "o_proj": [1, 1], "lm_head": [1, 3]}}, {"step": 3864, "ranks": {"input_proj": [1, 4], "q_proj": [1, 1], "k_proj": [1, 1], "v_proj": [1, 1], "o_proj": [1, 1], "lm_head": [1, 3]}}, {"step": 3894, "ranks": {"input_proj": [1, 4], "q_proj": [1, 1], "k_proj": [1, 1], "v_proj": [1, 1], "o_proj": [1, 1], "lm_head": [2, 3]}}, {"step": 3980, "ranks": {"input_proj": [1, 4], "q_proj": [1, 1], "k_proj": [1, 1], "v_proj": [1, 1], "o_proj": [1, 1], "lm_head": [2, 3]}}, {"step": 4000, "ranks": {"input_proj": [1, 4], "q_proj": [1, 1], "k_proj": [1, 1], "v_proj": [1, 1], "o_proj": [1, 1], "lm_head": [2, 3]}}, {"step": 4010, "ranks": {"input_proj": [1, 4], "q_proj": [1, 1], "k_proj": [1, 1], "v_proj": [1, 1], "o_proj": [1, 1], "lm_head": [2, 3]}}, {"step": 4057, "ranks": {"input_proj": [1, 4], "q_proj": [1, 1], "k_proj": [1, 1], "v_proj": [1, 1], "o_proj": [1, 1], "lm_head": [1, 3]}}, {"step": 4087, "ranks": {"input_proj": [1, 4], "q_proj": [1, 1], "k_proj": [1, 1], "v_proj": [1, 1], "o_proj": [1, 1], "lm_head": [1, 3]}}, {"step": 4104, "ranks": {"input_proj": [1, 4], "q_proj": [1, 1], "k_proj": [1, 1], "v_proj": [1, 1], "o_proj": [1, 1], "lm_head": [1, 3]}}, {"step": 4135, "ranks": {"input_proj": [1, 4], "q_proj": [1, 1], "k_proj": [1, 1], "v_proj": [1, 1], "o_proj": [1, 1], "lm_head": [1, 3]}}, {"step": 4178, "ranks": {"input_proj": [1, 4], "q_proj": [1, 1], "k_proj": [1, 1], "v_proj": [1, 1], "o_proj": [1, 1], "lm_head": [1, 3]}}, {"step": 4200, "ranks": {"input_proj": [1, 4], "q_proj": [1, 1], "k_proj": [1, 1], "v_proj": [1, 1], "o_proj": [1, 1], "lm_head": [1, 3]}}, {"step": 4208, "ranks": {"input_proj": [1, 4], "q_proj": [1, 1], "k_proj": [1, 1], "v_proj": [1, 1], "o_proj": [1, 1], "lm_head": [1, 3]}}, {"step": 4256, "ranks": {"input_proj": [1, 4], "q_proj": [1, 1], "k_proj": [1, 1], "v_proj": [1, 1], "o_proj": [1, 1], "lm_head": [1, 3]}}, {"step": 4352, "ranks": {"input_proj": [1, 4], "q_proj": [1, 1], "k_proj": [1, 1], "v_proj": [1, 1], "o_proj": [1, 1], "lm_head": [1, 3]}}, {"step": 4400, "ranks": {"input_proj": [1, 4], "q_proj": [1, 1], "k_proj": [1, 1], "v_proj": [1, 1], "o_proj": [1, 1], "lm_head": [1, 3]}}, {"step": 4429, "ranks": {"input_proj": [1, 4], "q_proj": [1, 1], "k_proj": [1, 1], "v_proj": [1, 1], "o_proj": [1, 1], "lm_head": [1, 3]}}, {"step": 4459, "ranks": {"input_proj": [1, 4], "q_proj": [1, 1], "k_proj": [1, 1], "v_proj": [1, 1], "o_proj": [1, 1], "lm_head": [1, 3]}}, {"step": 4486, "ranks": {"input_proj": [1, 4], "q_proj": [1, 1], "k_proj": [1, 1], "v_proj": [1, 1], "o_proj": [1, 1], "lm_head": [1, 3]}}, {"step": 4530, "ranks": {"input_proj": [1, 4], "q_proj": [1, 1], "k_proj": [1, 1], "v_proj": [1, 1], "o_proj": [1, 1], "lm_head": [1, 3]}}, {"step": 4549, "ranks": {"input_proj": [1, 4], "q_proj": [1, 1], "k_proj": [1, 1], "v_proj": [1, 1], "o_proj": [1, 1], "lm_head": [1, 3]}}, {"step": 4600, "ranks": {"input_proj": [1, 4], "q_proj": [1, 1], "k_proj": [1, 1], "v_proj": [1, 1], "o_proj": [1, 1], "lm_head": [2, 3]}}, {"step": 4629, "ranks": {"input_proj": [1, 4], "q_proj": [1, 1], "k_proj": [1, 1], "v_proj": [1, 1], "o_proj": [1, 1], "lm_head": [1, 3]}}, {"step": 4659, "ranks": {"input_proj": [1, 4], "q_proj": [1, 1], "k_proj": [1, 1], "v_proj": [1, 1], "o_proj": [1, 1], "lm_head": [1, 3]}}, {"step": 4732, "ranks": {"input_proj": [1, 4], "q_proj": [1, 1], "k_proj": [1, 1], "v_proj": [1, 1], "o_proj": [1, 1], "lm_head": [2, 3]}}, {"step": 4762, "ranks": {"input_proj": [1, 4], "q_proj": [1, 1], "k_proj": [1, 1], "v_proj": [1, 1], "o_proj": [1, 1], "lm_head": [1, 3]}}, {"step": 4800, "ranks": {"input_proj": [1, 4], "q_proj": [1, 1], "k_proj": [1, 1], "v_proj": [1, 1], "o_proj": [1, 1], "lm_head": [2, 3]}}, {"step": 4802, "ranks": {"input_proj": [1, 4], "q_proj": [1, 1], "k_proj": [1, 1], "v_proj": [1, 1], "o_proj": [1, 1], "lm_head": [2, 3]}}, {"step": 4836, "ranks": {"input_proj": [1, 4], "q_proj": [1, 1], "k_proj": [1, 1], "v_proj": [1, 1], "o_proj": [1, 1], "lm_head": [1, 3]}}, {"step": 4877, "ranks": {"input_proj": [1, 4], "q_proj": [1, 1], "k_proj": [1, 1], "v_proj": [1, 1], "o_proj": [1, 1], "lm_head": [1, 3]}}, {"step": 4907, "ranks": {"input_proj": [1, 4], "q_proj": [1, 1], "k_proj": [1, 1], "v_proj": [1, 1], "o_proj": [1, 1], "lm_head": [1, 3]}}, {"step": 4982, "ranks": {"input_proj": [1, 4], "q_proj": [1, 1], "k_proj": [1, 1], "v_proj": [1, 1], "o_proj": [1, 1], "lm_head": [2, 3]}}, {"step": 5000, "ranks": {"input_proj": [1, 4], "q_proj": [1, 1], "k_proj": [1, 1], "v_proj": [1, 1], "o_proj": [1, 1], "lm_head": [1, 3]}}, {"step": 5012, "ranks": {"input_proj": [1, 4], "q_proj": [1, 1], "k_proj": [1, 1], "v_proj": [1, 1], "o_proj": [1, 1], "lm_head": [1, 3]}}, {"step": 5028, "ranks": {"input_proj": [1, 4], "q_proj": [1, 1], "k_proj": [1, 1], "v_proj": [1, 1], "o_proj": [1, 1], "lm_head": [1, 3]}}, {"step": 5063, "ranks": {"input_proj": [1, 4], "q_proj": [1, 1], "k_proj": [1, 1], "v_proj": [1, 1], "o_proj": [1, 1], "lm_head": [1, 3]}}, {"step": 5115, "ranks": {"input_proj": [1, 4], "q_proj": [1, 1], "k_proj": [1, 1], "v_proj": [1, 1], "o_proj": [1, 1], "lm_head": [1, 3]}}, {"step": 5149, "ranks": {"input_proj": [1, 4], "q_proj": [1, 1], "k_proj": [1, 1], "v_proj": [1, 1], "o_proj": [1, 1], "lm_head": [1, 3]}}, {"step": 5200, "ranks": {"input_proj": [1, 4], "q_proj": [1, 1], "k_proj": [1, 1], "v_proj": [1, 1], "o_proj": [1, 1], "lm_head": [1, 3]}}, {"step": 5207, "ranks": {"input_proj": [1, 4], "q_proj": [1, 1], "k_proj": [1, 1], "v_proj": [1, 1], "o_proj": [1, 1], "lm_head": [1, 3]}}, {"step": 5237, "ranks": {"input_proj": [1, 4], "q_proj": [1, 1], "k_proj": [1, 1], "v_proj": [1, 1], "o_proj": [1, 1], "lm_head": [1, 3]}}, {"step": 5247, "ranks": {"input_proj": [1, 4], "q_proj": [1, 1], "k_proj": [1, 1], "v_proj": [1, 1], "o_proj": [1, 1], "lm_head": [1, 3]}}, {"step": 5277, "ranks": {"input_proj": [1, 4], "q_proj": [1, 1], "k_proj": [1, 1], "v_proj": [1, 1], "o_proj": [1, 1], "lm_head": [1, 3]}}, {"step": 5299, "ranks": {"input_proj": [1, 4], "q_proj": [1, 1], "k_proj": [1, 1], "v_proj": [1, 1], "o_proj": [1, 1], "lm_head": [1, 3]}}, {"step": 5332, "ranks": {"input_proj": [1, 4], "q_proj": [1, 1], "k_proj": [1, 1], "v_proj": [1, 1], "o_proj": [1, 1], "lm_head": [1, 3]}}, {"step": 5342, "ranks": {"input_proj": [1, 4], "q_proj": [1, 1], "k_proj": [1, 1], "v_proj": [1, 1], "o_proj": [1, 1], "lm_head": [1, 3]}}, {"step": 5382, "ranks": {"input_proj": [1, 4], "q_proj": [1, 1], "k_proj": [1, 1], "v_proj": [1, 1], "o_proj": [1, 1], "lm_head": [1, 3]}}, {"step": 5400, "ranks": {"input_proj": [1, 4], "q_proj": [1, 1], "k_proj": [1, 1], "v_proj": [1, 1], "o_proj": [1, 1], "lm_head": [2, 3]}}, {"step": 5416, "ranks": {"input_proj": [1, 4], "q_proj": [1, 1], "k_proj": [1, 1], "v_proj": [1, 1], "o_proj": [1, 1], "lm_head": [2, 2]}}, {"step": 5456, "ranks": {"input_proj": [1, 4], "q_proj": [1, 1], "k_proj": [1, 1], "v_proj": [1, 1], "o_proj": [1, 1], "lm_head": [2, 2]}}, {"step": 5486, "ranks": {"input_proj": [1, 4], "q_proj": [1, 1], "k_proj": [1, 1], "v_proj": [1, 1], "o_proj": [1, 1], "lm_head": [1, 2]}}, {"step": 5516, "ranks": {"input_proj": [1, 4], "q_proj": [1, 1], "k_proj": [1, 1], "v_proj": [1, 1], "o_proj": [1, 1], "lm_head": [1, 2]}}, {"step": 5527, "ranks": {"input_proj": [1, 4], "q_proj": [1, 1], "k_proj": [1, 1], "v_proj": [1, 1], "o_proj": [1, 1], "lm_head": [1, 2]}}, {"step": 5573, "ranks": {"input_proj": [1, 4], "q_proj": [1, 1], "k_proj": [1, 1], "v_proj": [1, 1], "o_proj": [1, 1], "lm_head": [1, 2]}}, {"step": 5600, "ranks": {"input_proj": [1, 4], "q_proj": [1, 1], "k_proj": [1, 1], "v_proj": [1, 1], "o_proj": [1, 1], "lm_head": [2, 2]}}, {"step": 5617, "ranks": {"input_proj": [1, 4], "q_proj": [1, 1], "k_proj": [1, 1], "v_proj": [1, 1], "o_proj": [1, 1], "lm_head": [2, 2]}}, {"step": 5648, "ranks": {"input_proj": [1, 4], "q_proj": [1, 1], "k_proj": [1, 1], "v_proj": [1, 1], "o_proj": [1, 1], "lm_head": [2, 2]}}, {"step": 5666, "ranks": {"input_proj": [1, 4], "q_proj": [1, 1], "k_proj": [1, 1], "v_proj": [1, 1], "o_proj": [1, 1], "lm_head": [2, 2]}}, {"step": 5702, "ranks": {"input_proj": [1, 4], "q_proj": [1, 1], "k_proj": [1, 1], "v_proj": [1, 1], "o_proj": [1, 1], "lm_head": [1, 2]}}, {"step": 5732, "ranks": {"input_proj": [1, 4], "q_proj": [1, 1], "k_proj": [1, 1], "v_proj": [1, 1], "o_proj": [1, 1], "lm_head": [1, 2]}}, {"step": 5762, "ranks": {"input_proj": [1, 4], "q_proj": [1, 1], "k_proj": [1, 1], "v_proj": [1, 1], "o_proj": [1, 1], "lm_head": [1, 2]}}, {"step": 5785, "ranks": {"input_proj": [1, 4], "q_proj": [1, 1], "k_proj": [1, 1], "v_proj": [1, 1], "o_proj": [1, 1], "lm_head": [1, 2]}}, {"step": 5800, "ranks": {"input_proj": [1, 4], "q_proj": [1, 1], "k_proj": [1, 1], "v_proj": [1, 1], "o_proj": [1, 1], "lm_head": [1, 2]}}, {"step": 5815, "ranks": {"input_proj": [1, 4], "q_proj": [1, 1], "k_proj": [1, 1], "v_proj": [1, 1], "o_proj": [1, 1], "lm_head": [1, 2]}}, {"step": 5833, "ranks": {"input_proj": [1, 4], "q_proj": [1, 1], "k_proj": [1, 1], "v_proj": [1, 1], "o_proj": [1, 1], "lm_head": [1, 2]}}, {"step": 5872, "ranks": {"input_proj": [1, 4], "q_proj": [1, 1], "k_proj": [1, 1], "v_proj": [1, 1], "o_proj": [1, 1], "lm_head": [1, 2]}}, {"step": 5886, "ranks": {"input_proj": [1, 4], "q_proj": [1, 1], "k_proj": [1, 1], "v_proj": [1, 1], "o_proj": [1, 1], "lm_head": [1, 2]}}, {"step": 5936, "ranks": {"input_proj": [1, 4], "q_proj": [1, 1], "k_proj": [1, 1], "v_proj": [1, 1], "o_proj": [1, 1], "lm_head": [1, 2]}}, {"step": 5984, "ranks": {"input_proj": [1, 4], "q_proj": [1, 1], "k_proj": [1, 1], "v_proj": [1, 1], "o_proj": [1, 1], "lm_head": [1, 2]}}, {"step": 6000, "ranks": {"input_proj": [1, 4], "q_proj": [1, 1], "k_proj": [1, 1], "v_proj": [1, 1], "o_proj": [1, 1], "lm_head": [1, 2]}}, {"step": 6015, "ranks": {"input_proj": [1, 4], "q_proj": [1, 1], "k_proj": [1, 1], "v_proj": [1, 1], "o_proj": [1, 1], "lm_head": [1, 2]}}, {"step": 6034, "ranks": {"input_proj": [1, 4], "q_proj": [1, 1], "k_proj": [1, 1], "v_proj": [1, 1], "o_proj": [1, 1], "lm_head": [1, 2]}}, {"step": 6142, "ranks": {"input_proj": [1, 4], "q_proj": [1, 1], "k_proj": [1, 1], "v_proj": [1, 2], "o_proj": [1, 1], "lm_head": [1, 2]}}, {"step": 6200, "ranks": {"input_proj": [1, 4], "q_proj": [1, 1], "k_proj": [1, 1], "v_proj": [1, 2], "o_proj": [1, 1], "lm_head": [1, 2]}}, {"step": 6220, "ranks": {"input_proj": [1, 4], "q_proj": [1, 1], "k_proj": [1, 1], "v_proj": [1, 2], "o_proj": [1, 1], "lm_head": [1, 2]}}, {"step": 6257, "ranks": {"input_proj": [1, 4], "q_proj": [1, 1], "k_proj": [1, 1], "v_proj": [1, 2], "o_proj": [1, 1], "lm_head": [1, 2]}}, {"step": 6275, "ranks": {"input_proj": [1, 4], "q_proj": [1, 1], "k_proj": [1, 1], "v_proj": [1, 2], "o_proj": [1, 1], "lm_head": [1, 2]}}, {"step": 6374, "ranks": {"input_proj": [1, 4], "q_proj": [1, 1], "k_proj": [1, 1], "v_proj": [1, 2], "o_proj": [1, 1], "lm_head": [1, 2]}}, {"step": 6400, "ranks": {"input_proj": [1, 4], "q_proj": [1, 1], "k_proj": [1, 1], "v_proj": [1, 2], "o_proj": [1, 1], "lm_head": [1, 2]}}, {"step": 6404, "ranks": {"input_proj": [1, 4], "q_proj": [1, 1], "k_proj": [1, 1], "v_proj": [1, 2], "o_proj": [1, 1], "lm_head": [1, 2]}}, {"step": 6449, "ranks": {"input_proj": [1, 4], "q_proj": [1, 1], "k_proj": [1, 1], "v_proj": [1, 2], "o_proj": [1, 2], "lm_head": [1, 2]}}, {"step": 6489, "ranks": {"input_proj": [1, 4], "q_proj": [1, 1], "k_proj": [1, 1], "v_proj": [1, 2], "o_proj": [1, 1], "lm_head": [2, 2]}}, {"step": 6561, "ranks": {"input_proj": [1, 4], "q_proj": [1, 1], "k_proj": [1, 1], "v_proj": [1, 2], "o_proj": [1, 1], "lm_head": [1, 2]}}, {"step": 6600, "ranks": {"input_proj": [1, 4], "q_proj": [1, 1], "k_proj": [1, 1], "v_proj": [1, 2], "o_proj": [1, 1], "lm_head": [1, 2]}}, {"step": 6632, "ranks": {"input_proj": [1, 4], "q_proj": [1, 1], "k_proj": [1, 1], "v_proj": [1, 2], "o_proj": [1, 1], "lm_head": [1, 2]}}, {"step": 6662, "ranks": {"input_proj": [1, 4], "q_proj": [1, 1], "k_proj": [1, 1], "v_proj": [1, 2], "o_proj": [1, 2], "lm_head": [1, 2]}}, {"step": 6680, "ranks": {"input_proj": [1, 4], "q_proj": [1, 1], "k_proj": [1, 1], "v_proj": [1, 2], "o_proj": [1, 2], "lm_head": [1, 2]}}, {"step": 6715, "ranks": {"input_proj": [1, 4], "q_proj": [1, 1], "k_proj": [1, 1], "v_proj": [2, 2], "o_proj": [1, 2], "lm_head": [2, 2]}}, {"step": 6792, "ranks": {"input_proj": [1, 4], "q_proj": [1, 1], "k_proj": [1, 1], "v_proj": [1, 2], "o_proj": [1, 2], "lm_head": [1, 2]}}, {"step": 6800, "ranks": {"input_proj": [1, 4], "q_proj": [1, 1], "k_proj": [1, 1], "v_proj": [1, 2], "o_proj": [1, 2], "lm_head": [1, 2]}}, {"step": 6822, "ranks": {"input_proj": [1, 4], "q_proj": [1, 1], "k_proj": [1, 1], "v_proj": [1, 2], "o_proj": [1, 2], "lm_head": [1, 2]}}, {"step": 6858, "ranks": {"input_proj": [1, 4], "q_proj": [1, 1], "k_proj": [1, 1], "v_proj": [1, 3], "o_proj": [1, 3], "lm_head": [2, 2]}}, {"step": 6914, "ranks": {"input_proj": [1, 4], "q_proj": [1, 1], "k_proj": [1, 1], "v_proj": [1, 2], "o_proj": [1, 3], "lm_head": [1, 2]}}, {"step": 6962, "ranks": {"input_proj": [1, 4], "q_proj": [1, 1], "k_proj": [1, 1], "v_proj": [1, 2], "o_proj": [1, 3], "lm_head": [1, 2]}}, {"step": 6995, "ranks": {"input_proj": [1, 4], "q_proj": [1, 1], "k_proj": [1, 1], "v_proj": [1, 2], "o_proj": [1, 3], "lm_head": [2, 2]}}, {"step": 7000, "ranks": {"input_proj": [1, 4], "q_proj": [1, 1], "k_proj": [1, 1], "v_proj": [1, 2], "o_proj": [1, 3], "lm_head": [1, 2]}}, {"step": 7025, "ranks": {"input_proj": [1, 4], "q_proj": [1, 1], "k_proj": [1, 1], "v_proj": [1, 2], "o_proj": [1, 3], "lm_head": [2, 2]}}, {"step": 7080, "ranks": {"input_proj": [1, 4], "q_proj": [1, 1], "k_proj": [1, 1], "v_proj": [1, 3], "o_proj": [1, 3], "lm_head": [1, 2]}}, {"step": 7118, "ranks": {"input_proj": [2, 4], "q_proj": [1, 1], "k_proj": [1, 1], "v_proj": [1, 3], "o_proj": [1, 3], "lm_head": [2, 2]}}, {"step": 7185, "ranks": {"input_proj": [2, 4], "q_proj": [1, 1], "k_proj": [1, 1], "v_proj": [1, 5], "o_proj": [1, 3], "lm_head": [1, 2]}}, {"step": 7200, "ranks": {"input_proj": [1, 4], "q_proj": [1, 1], "k_proj": [1, 1], "v_proj": [1, 6], "o_proj": [1, 4], "lm_head": [1, 2]}}, {"step": 7243, "ranks": {"input_proj": [1, 4], "q_proj": [1, 1], "k_proj": [1, 1], "v_proj": [1, 5], "o_proj": [1, 5], "lm_head": [1, 2]}}, {"step": 7400, "ranks": {"input_proj": [1, 4], "q_proj": [1, 2], "k_proj": [1, 2], "v_proj": [1, 6], "o_proj": [1, 5], "lm_head": [1, 2]}}, {"step": 7600, "ranks": {"input_proj": [3, 4], "q_proj": [1, 3], "k_proj": [1, 2], "v_proj": [1, 6], "o_proj": [1, 6], "lm_head": [1, 2]}}, {"step": 7659, "ranks": {"input_proj": [3, 4], "q_proj": [1, 2], "k_proj": [1, 2], "v_proj": [1, 6], "o_proj": [1, 6], "lm_head": [1, 2]}}, {"step": 7689, "ranks": {"input_proj": [3, 4], "q_proj": [1, 2], "k_proj": [1, 2], "v_proj": [2, 6], "o_proj": [1, 7], "lm_head": [2, 2]}}, {"step": 7800, "ranks": {"input_proj": [3, 4], "q_proj": [2, 2], "k_proj": [2, 5], "v_proj": [1, 8], "o_proj": [1, 8], "lm_head": [2, 2]}}, {"step": 8000, "ranks": {"input_proj": [4, 4], "q_proj": [1, 3], "k_proj": [1, 7], "v_proj": [2, 12], "o_proj": [1, 10], "lm_head": [2, 1]}}, {"step": 8200, "ranks": {"input_proj": [4, 4], "q_proj": [1, 3], "k_proj": [1, 7], "v_proj": [2, 13], "o_proj": [1, 13], "lm_head": [1, 1]}}, {"step": 8256, "ranks": {"input_proj": [4, 4], "q_proj": [1, 3], "k_proj": [1, 7], "v_proj": [2, 14], "o_proj": [1, 14], "lm_head": [1, 1]}}, {"step": 8300, "ranks": {"input_proj": [4, 4], "q_proj": [1, 3], "k_proj": [1, 7], "v_proj": [3, 13], "o_proj": [1, 15], "lm_head": [1, 1]}}, {"step": 8400, "ranks": {"input_proj": [4, 4], "q_proj": [1, 3], "k_proj": [1, 7], "v_proj": [3, 14], "o_proj": [1, 14], "lm_head": [1, 1]}}, {"step": 8402, "ranks": {"input_proj": [4, 4], "q_proj": [1, 3], "k_proj": [1, 7], "v_proj": [3, 14], "o_proj": [1, 14], "lm_head": [1, 1]}}, {"step": 8439, "ranks": {"input_proj": [4, 4], "q_proj": [1, 3], "k_proj": [1, 7], "v_proj": [3, 14], "o_proj": [1, 15], "lm_head": [1, 1]}}, {"step": 8507, "ranks": {"input_proj": [4, 4], "q_proj": [1, 3], "k_proj": [1, 9], "v_proj": [3, 14], "o_proj": [1, 15], "lm_head": [1, 1]}}, {"step": 8547, "ranks": {"input_proj": [4, 4], "q_proj": [1, 3], "k_proj": [2, 10], "v_proj": [4, 15], "o_proj": [2, 14], "lm_head": [1, 1]}}, {"step": 8600, "ranks": {"input_proj": [4, 4], "q_proj": [1, 4], "k_proj": [2, 10], "v_proj": [4, 15], "o_proj": [2, 14], "lm_head": [1, 1]}}, {"step": 8800, "ranks": {"input_proj": [4, 4], "q_proj": [1, 5], "k_proj": [2, 10], "v_proj": [4, 19], "o_proj": [2, 14], "lm_head": [1, 1]}}, {"step": 8854, "ranks": {"input_proj": [4, 4], "q_proj": [1, 5], "k_proj": [2, 10], "v_proj": [4, 21], "o_proj": [2, 14], "lm_head": [1, 1]}}, {"step": 8884, "ranks": {"input_proj": [4, 4], "q_proj": [2, 5], "k_proj": [2, 10], "v_proj": [4, 21], "o_proj": [2, 14], "lm_head": [1, 1]}}, {"step": 8931, "ranks": {"input_proj": [4, 4], "q_proj": [1, 5], "k_proj": [2, 10], "v_proj": [4, 21], "o_proj": [2, 14], "lm_head": [1, 1]}}, {"step": 8966, "ranks": {"input_proj": [4, 4], "q_proj": [2, 5], "k_proj": [2, 11], "v_proj": [4, 21], "o_proj": [2, 14], "lm_head": [1, 1]}}, {"step": 9000, "ranks": {"input_proj": [4, 4], "q_proj": [1, 5], "k_proj": [2, 11], "v_proj": [4, 21], "o_proj": [2, 14], "lm_head": [1, 1]}}, {"step": 9200, "ranks": {"input_proj": [4, 4], "q_proj": [1, 5], "k_proj": [2, 11], "v_proj": [4, 26], "o_proj": [2, 14], "lm_head": [1, 1]}}, {"step": 9313, "ranks": {"input_proj": [4, 4], "q_proj": [1, 5], "k_proj": [2, 11], "v_proj": [4, 26], "o_proj": [2, 14], "lm_head": [1, 1]}}, {"step": 9343, "ranks": {"input_proj": [4, 4], "q_proj": [1, 5], "k_proj": [2, 11], "v_proj": [4, 27], "o_proj": [2, 14], "lm_head": [1, 1]}}, {"step": 9400, "ranks": {"input_proj": [4, 4], "q_proj": [2, 5], "k_proj": [2, 11], "v_proj": [4, 27], "o_proj": [2, 15], "lm_head": [1, 1]}}, {"step": 9600, "ranks": {"input_proj": [4, 4], "q_proj": [3, 6], "k_proj": [2, 10], "v_proj": [5, 27], "o_proj": [4, 14], "lm_head": [1, 1]}}, {"step": 9800, "ranks": {"input_proj": [4, 4], "q_proj": [2, 6], "k_proj": [2, 10], "v_proj": [8, 32], "o_proj": [3, 14], "lm_head": [1, 1]}}, {"step": 9873, "ranks": {"input_proj": [4, 4], "q_proj": [2, 6], "k_proj": [2, 10], "v_proj": [9, 32], "o_proj": [3, 14], "lm_head": [1, 1]}}, {"step": 9903, "ranks": {"input_proj": [4, 4], "q_proj": [2, 6], "k_proj": [2, 10], "v_proj": [8, 32], "o_proj": [3, 14], "lm_head": [1, 1]}}, {"step": 9950, "ranks": {"input_proj": [4, 4], "q_proj": [2, 6], "k_proj": [2, 10], "v_proj": [9, 32], "o_proj": [3, 14], "lm_head": [1, 1]}}, {"step": 9992, "ranks": {"input_proj": [4, 4], "q_proj": [2, 5], "k_proj": [2, 10], "v_proj": [10, 32], "o_proj": [3, 14], "lm_head": [1, 1]}}, {"step": 10000, "ranks": {"input_proj": [4, 4], "q_proj": [2, 6], "k_proj": [2, 10], "v_proj": [10, 32], "o_proj": [3, 14], "lm_head": [1, 1]}}, {"step": 10029, "ranks": {"input_proj": [4, 4], "q_proj": [2, 5], "k_proj": [2, 9], "v_proj": [10, 32], "o_proj": [3, 14], "lm_head": [1, 1]}}, {"step": 10067, "ranks": {"input_proj": [4, 4], "q_proj": [2, 6], "k_proj": [3, 9], "v_proj": [9, 32], "o_proj": [3, 14], "lm_head": [1, 1]}}, {"step": 10139, "ranks": {"input_proj": [4, 4], "q_proj": [2, 7], "k_proj": [2, 9], "v_proj": [9, 32], "o_proj": [3, 14], "lm_head": [1, 1]}}, {"step": 10169, "ranks": {"input_proj": [4, 4], "q_proj": [2, 9], "k_proj": [2, 9], "v_proj": [9, 32], "o_proj": [3, 14], "lm_head": [1, 1]}}, {"step": 10200, "ranks": {"input_proj": [4, 4], "q_proj": [2, 10], "k_proj": [2, 9], "v_proj": [9, 32], "o_proj": [3, 14], "lm_head": [1, 1]}}, {"step": 10231, "ranks": {"input_proj": [4, 4], "q_proj": [2, 10], "k_proj": [2, 9], "v_proj": [9, 32], "o_proj": [3, 14], "lm_head": [1, 1]}}, {"step": 10261, "ranks": {"input_proj": [4, 4], "q_proj": [2, 10], "k_proj": [2, 9], "v_proj": [9, 32], "o_proj": [3, 14], "lm_head": [1, 1]}}, {"step": 10323, "ranks": {"input_proj": [4, 4], "q_proj": [2, 11], "k_proj": [3, 9], "v_proj": [9, 32], "o_proj": [3, 14], "lm_head": [1, 1]}}, {"step": 10400, "ranks": {"input_proj": [4, 4], "q_proj": [2, 11], "k_proj": [3, 9], "v_proj": [9, 32], "o_proj": [3, 14], "lm_head": [1, 1]}}, {"step": 10402, "ranks": {"input_proj": [4, 4], "q_proj": [2, 11], "k_proj": [3, 9], "v_proj": [9, 32], "o_proj": [3, 14], "lm_head": [1, 1]}}, {"step": 10491, "ranks": {"input_proj": [4, 4], "q_proj": [2, 11], "k_proj": [3, 9], "v_proj": [9, 32], "o_proj": [3, 14], "lm_head": [1, 1]}}, {"step": 10552, "ranks": {"input_proj": [4, 4], "q_proj": [2, 11], "k_proj": [3, 9], "v_proj": [9, 32], "o_proj": [3, 14], "lm_head": [1, 1]}}, {"step": 10600, "ranks": {"input_proj": [4, 4], "q_proj": [2, 11], "k_proj": [3, 9], "v_proj": [9, 32], "o_proj": [3, 14], "lm_head": [1, 1]}}, {"step": 10602, "ranks": {"input_proj": [4, 4], "q_proj": [2, 11], "k_proj": [3, 9], "v_proj": [9, 32], "o_proj": [3, 14], "lm_head": [1, 1]}}, {"step": 10632, "ranks": {"input_proj": [4, 4], "q_proj": [2, 11], "k_proj": [2, 9], "v_proj": [9, 32], "o_proj": [3, 14], "lm_head": [1, 1]}}, {"step": 10675, "ranks": {"input_proj": [4, 4], "q_proj": [2, 11], "k_proj": [2, 9], "v_proj": [9, 32], "o_proj": [3, 14], "lm_head": [1, 1]}}, {"step": 10716, "ranks": {"input_proj": [4, 4], "q_proj": [2, 11], "k_proj": [2, 9], "v_proj": [9, 32], "o_proj": [3, 14], "lm_head": [1, 1]}}, {"step": 10787, "ranks": {"input_proj": [4, 4], "q_proj": [2, 11], "k_proj": [2, 9], "v_proj": [9, 32], "o_proj": [3, 14], "lm_head": [1, 1]}}, {"step": 10800, "ranks": {"input_proj": [4, 4], "q_proj": [2, 11], "k_proj": [2, 9], "v_proj": [9, 32], "o_proj": [3, 14], "lm_head": [1, 1]}}, {"step": 10821, "ranks": {"input_proj": [4, 4], "q_proj": [2, 11], "k_proj": [2, 9], "v_proj": [9, 32], "o_proj": [3, 14], "lm_head": [1, 1]}}, {"step": 10865, "ranks": {"input_proj": [4, 4], "q_proj": [2, 11], "k_proj": [2, 9], "v_proj": [9, 32], "o_proj": [3, 14], "lm_head": [1, 1]}}, {"step": 10899, "ranks": {"input_proj": [4, 4], "q_proj": [2, 11], "k_proj": [2, 9], "v_proj": [9, 32], "o_proj": [3, 14], "lm_head": [1, 1]}}, {"step": 10947, "ranks": {"input_proj": [4, 4], "q_proj": [2, 11], "k_proj": [2, 9], "v_proj": [9, 32], "o_proj": [3, 14], "lm_head": [1, 1]}}, {"step": 10978, "ranks": {"input_proj": [4, 4], "q_proj": [2, 11], "k_proj": [2, 9], "v_proj": [9, 32], "o_proj": [3, 14], "lm_head": [1, 1]}}, {"step": 11000, "ranks": {"input_proj": [4, 4], "q_proj": [2, 11], "k_proj": [2, 9], "v_proj": [9, 32], "o_proj": [3, 14], "lm_head": [1, 1]}}, {"step": 11028, "ranks": {"input_proj": [4, 4], "q_proj": [2, 11], "k_proj": [2, 9], "v_proj": [9, 32], "o_proj": [3, 14], "lm_head": [1, 1]}}, {"step": 11080, "ranks": {"input_proj": [4, 4], "q_proj": [2, 11], "k_proj": [2, 9], "v_proj": [9, 32], "o_proj": [3, 14], "lm_head": [1, 1]}}, {"step": 11129, "ranks": {"input_proj": [4, 4], "q_proj": [2, 11], "k_proj": [2, 9], "v_proj": [9, 32], "o_proj": [3, 14], "lm_head": [1, 1]}}, {"step": 11173, "ranks": {"input_proj": [4, 4], "q_proj": [2, 11], "k_proj": [2, 9], "v_proj": [10, 32], "o_proj": [3, 14], "lm_head": [1, 1]}}, {"step": 11200, "ranks": {"input_proj": [4, 4], "q_proj": [2, 11], "k_proj": [2, 9], "v_proj": [10, 32], "o_proj": [3, 14], "lm_head": [1, 1]}}, {"step": 11215, "ranks": {"input_proj": [4, 4], "q_proj": [2, 11], "k_proj": [2, 9], "v_proj": [11, 32], "o_proj": [3, 14], "lm_head": [1, 1]}}, {"step": 11250, "ranks": {"input_proj": [4, 4], "q_proj": [2, 11], "k_proj": [2, 9], "v_proj": [10, 32], "o_proj": [3, 14], "lm_head": [1, 1]}}, {"step": 11271, "ranks": {"input_proj": [4, 4], "q_proj": [2, 11], "k_proj": [2, 9], "v_proj": [11, 32], "o_proj": [3, 14], "lm_head": [1, 1]}}, {"step": 11400, "ranks": {"input_proj": [4, 4], "q_proj": [2, 11], "k_proj": [2, 9], "v_proj": [11, 32], "o_proj": [3, 14], "lm_head": [1, 1]}}, {"step": 11445, "ranks": {"input_proj": [4, 4], "q_proj": [2, 11], "k_proj": [2, 9], "v_proj": [12, 32], "o_proj": [3, 15], "lm_head": [1, 1]}}, {"step": 11486, "ranks": {"input_proj": [4, 4], "q_proj": [2, 11], "k_proj": [2, 9], "v_proj": [12, 32], "o_proj": [3, 15], "lm_head": [1, 1]}}, {"step": 11522, "ranks": {"input_proj": [4, 4], "q_proj": [2, 11], "k_proj": [2, 9], "v_proj": [12, 32], "o_proj": [3, 15], "lm_head": [2, 1]}}, {"step": 11541, "ranks": {"input_proj": [4, 4], "q_proj": [2, 11], "k_proj": [2, 9], "v_proj": [11, 32], "o_proj": [3, 16], "lm_head": [1, 1]}}, {"step": 11571, "ranks": {"input_proj": [4, 4], "q_proj": [2, 11], "k_proj": [2, 9], "v_proj": [12, 32], "o_proj": [3, 16], "lm_head": [1, 1]}}, {"step": 11593, "ranks": {"input_proj": [4, 4], "q_proj": [2, 11], "k_proj": [2, 9], "v_proj": [11, 32], "o_proj": [3, 16], "lm_head": [1, 1]}}, {"step": 11600, "ranks": {"input_proj": [4, 4], "q_proj": [3, 11], "k_proj": [3, 9], "v_proj": [11, 32], "o_proj": [3, 16], "lm_head": [1, 1]}}, {"step": 11628, "ranks": {"input_proj": [4, 4], "q_proj": [3, 12], "k_proj": [2, 8], "v_proj": [11, 32], "o_proj": [3, 17], "lm_head": [2, 1]}}, {"step": 11800, "ranks": {"input_proj": [4, 4], "q_proj": [3, 11], "k_proj": [2, 8], "v_proj": [13, 32], "o_proj": [3, 17], "lm_head": [1, 1]}}, {"step": 11857, "ranks": {"input_proj": [4, 4], "q_proj": [2, 13], "k_proj": [2, 8], "v_proj": [13, 32], "o_proj": [3, 17], "lm_head": [1, 1]}}, {"step": 11988, "ranks": {"input_proj": [4, 4], "q_proj": [2, 13], "k_proj": [2, 8], "v_proj": [13, 32], "o_proj": [3, 19], "lm_head": [1, 1]}}, {"step": 12000, "ranks": {"input_proj": [4, 4], "q_proj": [2, 13], "k_proj": [2, 8], "v_proj": [13, 32], "o_proj": [3, 19], "lm_head": [1, 1]}}, {"step": 12018, "ranks": {"input_proj": [4, 4], "q_proj": [2, 13], "k_proj": [2, 8], "v_proj": [13, 32], "o_proj": [3, 19], "lm_head": [1, 1]}}, {"step": 12038, "ranks": {"input_proj": [4, 4], "q_proj": [2, 13], "k_proj": [2, 8], "v_proj": [13, 32], "o_proj": [3, 19], "lm_head": [1, 1]}}, {"step": 12068, "ranks": {"input_proj": [4, 4], "q_proj": [2, 13], "k_proj": [2, 8], "v_proj": [13, 32], "o_proj": [3, 19], "lm_head": [1, 1]}}, {"step": 12169, "ranks": {"input_proj": [3, 4], "q_proj": [2, 13], "k_proj": [2, 8], "v_proj": [14, 32], "o_proj": [3, 20], "lm_head": [1, 1]}}, {"step": 12199, "ranks": {"input_proj": [4, 4], "q_proj": [2, 13], "k_proj": [2, 8], "v_proj": [14, 32], "o_proj": [3, 21], "lm_head": [1, 1]}}, {"step": 12200, "ranks": {"input_proj": [4, 4], "q_proj": [2, 13], "k_proj": [2, 8], "v_proj": [14, 32], "o_proj": [3, 21], "lm_head": [1, 1]}}, {"step": 12250, "ranks": {"input_proj": [3, 4], "q_proj": [2, 13], "k_proj": [2, 8], "v_proj": [14, 32], "o_proj": [3, 21], "lm_head": [1, 1]}}, {"step": 12282, "ranks": {"input_proj": [4, 4], "q_proj": [2, 13], "k_proj": [2, 8], "v_proj": [15, 32], "o_proj": [3, 22], "lm_head": [1, 1]}}, {"step": 12332, "ranks": {"input_proj": [4, 4], "q_proj": [2, 13], "k_proj": [2, 8], "v_proj": [15, 32], "o_proj": [3, 22], "lm_head": [1, 1]}}, {"step": 12362, "ranks": {"input_proj": [4, 4], "q_proj": [2, 13], "k_proj": [2, 8], "v_proj": [15, 32], "o_proj": [3, 22], "lm_head": [1, 1]}}, {"step": 12380, "ranks": {"input_proj": [4, 4], "q_proj": [2, 13], "k_proj": [2, 8], "v_proj": [15, 32], "o_proj": [3, 22], "lm_head": [1, 1]}}, {"step": 12400, "ranks": {"input_proj": [4, 4], "q_proj": [2, 13], "k_proj": [2, 8], "v_proj": [15, 32], "o_proj": [3, 21], "lm_head": [1, 1]}}, {"step": 12410, "ranks": {"input_proj": [4, 4], "q_proj": [2, 13], "k_proj": [2, 8], "v_proj": [15, 32], "o_proj": [3, 22], "lm_head": [1, 1]}}, {"step": 12460, "ranks": {"input_proj": [4, 4], "q_proj": [2, 13], "k_proj": [2, 8], "v_proj": [15, 32], "o_proj": [3, 22], "lm_head": [1, 1]}}, {"step": 12490, "ranks": {"input_proj": [4, 4], "q_proj": [2, 13], "k_proj": [2, 8], "v_proj": [15, 32], "o_proj": [3, 22], "lm_head": [1, 1]}}, {"step": 12504, "ranks": {"input_proj": [4, 4], "q_proj": [2, 13], "k_proj": [2, 8], "v_proj": [15, 32], "o_proj": [3, 22], "lm_head": [1, 1]}}, {"step": 12534, "ranks": {"input_proj": [4, 4], "q_proj": [2, 13], "k_proj": [2, 8], "v_proj": [16, 32], "o_proj": [3, 21], "lm_head": [1, 1]}}, {"step": 12591, "ranks": {"input_proj": [4, 4], "q_proj": [2, 13], "k_proj": [2, 8], "v_proj": [17, 32], "o_proj": [3, 22], "lm_head": [1, 1]}}, {"step": 12600, "ranks": {"input_proj": [4, 4], "q_proj": [2, 13], "k_proj": [2, 8], "v_proj": [17, 32], "o_proj": [3, 22], "lm_head": [1, 1]}}, {"step": 12621, "ranks": {"input_proj": [4, 4], "q_proj": [2, 13], "k_proj": [2, 8], "v_proj": [16, 32], "o_proj": [3, 22], "lm_head": [1, 1]}}, {"step": 12692, "ranks": {"input_proj": [4, 4], "q_proj": [2, 13], "k_proj": [2, 9], "v_proj": [17, 32], "o_proj": [3, 23], "lm_head": [1, 1]}}, {"step": 12722, "ranks": {"input_proj": [4, 4], "q_proj": [2, 13], "k_proj": [2, 10], "v_proj": [17, 32], "o_proj": [3, 24], "lm_head": [1, 1]}}, {"step": 12766, "ranks": {"input_proj": [4, 4], "q_proj": [3, 14], "k_proj": [2, 10], "v_proj": [17, 32], "o_proj": [3, 23], "lm_head": [1, 1]}}, {"step": 12796, "ranks": {"input_proj": [4, 4], "q_proj": [2, 14], "k_proj": [3, 10], "v_proj": [17, 32], "o_proj": [3, 24], "lm_head": [1, 1]}}, {"step": 12800, "ranks": {"input_proj": [4, 4], "q_proj": [3, 14], "k_proj": [3, 10], "v_proj": [17, 32], "o_proj": [3, 24], "lm_head": [1, 1]}}, {"step": 12818, "ranks": {"input_proj": [4, 4], "q_proj": [3, 14], "k_proj": [3, 11], "v_proj": [17, 32], "o_proj": [3, 25], "lm_head": [1, 1]}}, {"step": 12850, "ranks": {"input_proj": [4, 4], "q_proj": [2, 14], "k_proj": [2, 12], "v_proj": [16, 32], "o_proj": [3, 24], "lm_head": [1, 1]}}, {"step": 12947, "ranks": {"input_proj": [4, 4], "q_proj": [2, 14], "k_proj": [2, 12], "v_proj": [18, 32], "o_proj": [3, 25], "lm_head": [1, 1]}}, {"step": 13000, "ranks": {"input_proj": [4, 4], "q_proj": [2, 14], "k_proj": [2, 12], "v_proj": [18, 32], "o_proj": [3, 26], "lm_head": [1, 1]}}, {"step": 13098, "ranks": {"input_proj": [4, 4], "q_proj": [2, 14], "k_proj": [2, 12], "v_proj": [19, 32], "o_proj": [3, 28], "lm_head": [1, 1]}}, {"step": 13173, "ranks": {"input_proj": [4, 4], "q_proj": [1, 14], "k_proj": [2, 12], "v_proj": [18, 32], "o_proj": [3, 29], "lm_head": [1, 1]}}, {"step": 13200, "ranks": {"input_proj": [4, 4], "q_proj": [1, 14], "k_proj": [2, 12], "v_proj": [18, 32], "o_proj": [3, 28], "lm_head": [1, 1]}}, {"step": 13203, "ranks": {"input_proj": [4, 4], "q_proj": [1, 14], "k_proj": [2, 12], "v_proj": [18, 32], "o_proj": [3, 28], "lm_head": [1, 1]}}, {"step": 13234, "ranks": {"input_proj": [4, 4], "q_proj": [1, 14], "k_proj": [2, 12], "v_proj": [18, 32], "o_proj": [3, 29], "lm_head": [1, 1]}}, {"step": 13270, "ranks": {"input_proj": [4, 4], "q_proj": [1, 14], "k_proj": [2, 12], "v_proj": [18, 32], "o_proj": [3, 29], "lm_head": [1, 1]}}, {"step": 13295, "ranks": {"input_proj": [4, 4], "q_proj": [1, 14], "k_proj": [2, 12], "v_proj": [18, 32], "o_proj": [3, 30], "lm_head": [1, 1]}}, {"step": 13333, "ranks": {"input_proj": [4, 4], "q_proj": [1, 14], "k_proj": [2, 12], "v_proj": [17, 32], "o_proj": [3, 31], "lm_head": [1, 1]}}, {"step": 13389, "ranks": {"input_proj": [4, 4], "q_proj": [1, 14], "k_proj": [2, 12], "v_proj": [18, 32], "o_proj": [3, 32], "lm_head": [1, 1]}}, {"step": 13400, "ranks": {"input_proj": [4, 4], "q_proj": [1, 14], "k_proj": [2, 12], "v_proj": [17, 32], "o_proj": [3, 32], "lm_head": [1, 1]}}, {"step": 13424, "ranks": {"input_proj": [4, 4], "q_proj": [1, 14], "k_proj": [2, 12], "v_proj": [18, 32], "o_proj": [3, 32], "lm_head": [1, 1]}}, {"step": 13468, "ranks": {"input_proj": [4, 4], "q_proj": [1, 14], "k_proj": [2, 12], "v_proj": [17, 32], "o_proj": [3, 32], "lm_head": [1, 1]}}, {"step": 13506, "ranks": {"input_proj": [4, 4], "q_proj": [1, 14], "k_proj": [2, 12], "v_proj": [17, 32], "o_proj": [3, 32], "lm_head": [1, 1]}}, {"step": 13543, "ranks": {"input_proj": [4, 4], "q_proj": [1, 14], "k_proj": [2, 12], "v_proj": [18, 32], "o_proj": [3, 32], "lm_head": [1, 1]}}, {"step": 13581, "ranks": {"input_proj": [4, 4], "q_proj": [1, 14], "k_proj": [2, 12], "v_proj": [18, 32], "o_proj": [3, 32], "lm_head": [1, 1]}}, {"step": 13594, "ranks": {"input_proj": [4, 4], "q_proj": [1, 14], "k_proj": [2, 12], "v_proj": [18, 32], "o_proj": [3, 32], "lm_head": [1, 1]}}, {"step": 13600, "ranks": {"input_proj": [4, 4], "q_proj": [1, 14], "k_proj": [2, 12], "v_proj": [18, 32], "o_proj": [3, 32], "lm_head": [1, 1]}}, {"step": 13624, "ranks": {"input_proj": [4, 4], "q_proj": [1, 14], "k_proj": [2, 12], "v_proj": [18, 32], "o_proj": [3, 32], "lm_head": [1, 1]}}, {"step": 13676, "ranks": {"input_proj": [4, 4], "q_proj": [1, 14], "k_proj": [2, 12], "v_proj": [19, 32], "o_proj": [3, 32], "lm_head": [1, 1]}}, {"step": 13706, "ranks": {"input_proj": [4, 4], "q_proj": [1, 14], "k_proj": [2, 12], "v_proj": [19, 32], "o_proj": [3, 32], "lm_head": [1, 1]}}, {"step": 13750, "ranks": {"input_proj": [4, 4], "q_proj": [1, 14], "k_proj": [2, 12], "v_proj": [19, 32], "o_proj": [3, 32], "lm_head": [1, 1]}}, {"step": 13781, "ranks": {"input_proj": [4, 4], "q_proj": [1, 14], "k_proj": [2, 12], "v_proj": [19, 32], "o_proj": [3, 32], "lm_head": [1, 1]}}, {"step": 13797, "ranks": {"input_proj": [4, 4], "q_proj": [1, 14], "k_proj": [2, 12], "v_proj": [19, 32], "o_proj": [3, 32], "lm_head": [1, 1]}}, {"step": 13800, "ranks": {"input_proj": [4, 4], "q_proj": [1, 14], "k_proj": [2, 12], "v_proj": [19, 32], "o_proj": [3, 32], "lm_head": [1, 1]}}, {"step": 13827, "ranks": {"input_proj": [4, 4], "q_proj": [1, 14], "k_proj": [2, 12], "v_proj": [20, 32], "o_proj": [3, 32], "lm_head": [1, 1]}}, {"step": 13843, "ranks": {"input_proj": [4, 4], "q_proj": [1, 14], "k_proj": [2, 12], "v_proj": [19, 32], "o_proj": [3, 32], "lm_head": [1, 1]}}, {"step": 13888, "ranks": {"input_proj": [4, 4], "q_proj": [1, 14], "k_proj": [2, 12], "v_proj": [20, 32], "o_proj": [3, 32], "lm_head": [1, 1]}}, {"step": 13965, "ranks": {"input_proj": [4, 4], "q_proj": [1, 14], "k_proj": [2, 12], "v_proj": [21, 32], "o_proj": [3, 32], "lm_head": [1, 1]}}, {"step": 14000, "ranks": {"input_proj": [4, 4], "q_proj": [1, 14], "k_proj": [2, 12], "v_proj": [21, 32], "o_proj": [3, 32], "lm_head": [1, 1]}}, {"step": 14000, "ranks": {"input_proj": [4, 4], "q_proj": [1, 14], "k_proj": [2, 12], "v_proj": [21, 32], "o_proj": [3, 32], "lm_head": [1, 1]}}, {"step": 14018, "ranks": {"input_proj": [4, 4], "q_proj": [1, 14], "k_proj": [2, 12], "v_proj": [21, 32], "o_proj": [3, 32], "lm_head": [1, 1]}}, {"step": 14052, "ranks": {"input_proj": [4, 4], "q_proj": [1, 14], "k_proj": [2, 12], "v_proj": [21, 32], "o_proj": [3, 32], "lm_head": [1, 1]}}, {"step": 14083, "ranks": {"input_proj": [4, 4], "q_proj": [1, 14], "k_proj": [2, 12], "v_proj": [21, 32], "o_proj": [3, 32], "lm_head": [1, 1]}}, {"step": 14114, "ranks": {"input_proj": [4, 4], "q_proj": [1, 14], "k_proj": [2, 12], "v_proj": [20, 32], "o_proj": [3, 32], "lm_head": [1, 1]}}, {"step": 14130, "ranks": {"input_proj": [4, 4], "q_proj": [1, 14], "k_proj": [2, 12], "v_proj": [21, 32], "o_proj": [3, 32], "lm_head": [1, 1]}}, {"step": 14161, "ranks": {"input_proj": [4, 4], "q_proj": [1, 14], "k_proj": [2, 12], "v_proj": [20, 32], "o_proj": [3, 32], "lm_head": [1, 1]}}, {"step": 14194, "ranks": {"input_proj": [4, 4], "q_proj": [1, 14], "k_proj": [2, 12], "v_proj": [21, 32], "o_proj": [3, 32], "lm_head": [1, 1]}}, {"step": 14200, "ranks": {"input_proj": [4, 4], "q_proj": [1, 14], "k_proj": [2, 12], "v_proj": [21, 32], "o_proj": [3, 32], "lm_head": [1, 1]}}, {"step": 14224, "ranks": {"input_proj": [4, 4], "q_proj": [1, 14], "k_proj": [2, 12], "v_proj": [20, 32], "o_proj": [3, 32], "lm_head": [1, 1]}}, {"step": 14248, "ranks": {"input_proj": [4, 4], "q_proj": [1, 14], "k_proj": [2, 12], "v_proj": [21, 32], "o_proj": [3, 32], "lm_head": [1, 1]}}, {"step": 14284, "ranks": {"input_proj": [4, 4], "q_proj": [1, 14], "k_proj": [2, 12], "v_proj": [21, 32], "o_proj": [3, 32], "lm_head": [1, 1]}}, {"step": 14326, "ranks": {"input_proj": [4, 4], "q_proj": [1, 14], "k_proj": [2, 12], "v_proj": [21, 32], "o_proj": [3, 32], "lm_head": [1, 1]}}, {"step": 14376, "ranks": {"input_proj": [4, 4], "q_proj": [1, 14], "k_proj": [2, 12], "v_proj": [22, 32], "o_proj": [3, 32], "lm_head": [1, 1]}}, {"step": 14400, "ranks": {"input_proj": [4, 4], "q_proj": [1, 14], "k_proj": [2, 12], "v_proj": [22, 32], "o_proj": [3, 32], "lm_head": [1, 1]}}, {"step": 14401, "ranks": {"input_proj": [4, 4], "q_proj": [1, 14], "k_proj": [2, 12], "v_proj": [22, 32], "o_proj": [3, 32], "lm_head": [1, 1]}}, {"step": 14442, "ranks": {"input_proj": [4, 4], "q_proj": [1, 14], "k_proj": [2, 12], "v_proj": [23, 32], "o_proj": [3, 32], "lm_head": [1, 1]}}, {"step": 14458, "ranks": {"input_proj": [4, 4], "q_proj": [1, 14], "k_proj": [2, 12], "v_proj": [23, 32], "o_proj": [3, 32], "lm_head": [1, 1]}}, {"step": 14498, "ranks": {"input_proj": [4, 4], "q_proj": [1, 14], "k_proj": [2, 12], "v_proj": [24, 32], "o_proj": [3, 32], "lm_head": [1, 1]}}, {"step": 14516, "ranks": {"input_proj": [4, 4], "q_proj": [1, 14], "k_proj": [2, 12], "v_proj": [24, 32], "o_proj": [3, 32], "lm_head": [1, 1]}}, {"step": 14547, "ranks": {"input_proj": [4, 4], "q_proj": [1, 14], "k_proj": [2, 12], "v_proj": [24, 32], "o_proj": [3, 32], "lm_head": [1, 1]}}, {"step": 14586, "ranks": {"input_proj": [4, 4], "q_proj": [1, 14], "k_proj": [2, 12], "v_proj": [24, 32], "o_proj": [3, 32], "lm_head": [1, 1]}}, {"step": 14600, "ranks": {"input_proj": [4, 4], "q_proj": [1, 14], "k_proj": [2, 12], "v_proj": [24, 32], "o_proj": [3, 32], "lm_head": [1, 1]}}, {"step": 14618, "ranks": {"input_proj": [4, 4], "q_proj": [1, 14], "k_proj": [2, 12], "v_proj": [25, 32], "o_proj": [3, 32], "lm_head": [1, 1]}}, {"step": 14638, "ranks": {"input_proj": [4, 4], "q_proj": [1, 14], "k_proj": [2, 12], "v_proj": [24, 32], "o_proj": [3, 32], "lm_head": [1, 1]}}, {"step": 14668, "ranks": {"input_proj": [4, 4], "q_proj": [1, 14], "k_proj": [2, 12], "v_proj": [25, 32], "o_proj": [3, 32], "lm_head": [1, 1]}}, {"step": 14687, "ranks": {"input_proj": [4, 4], "q_proj": [1, 14], "k_proj": [2, 12], "v_proj": [25, 32], "o_proj": [3, 32], "lm_head": [1, 1]}}, {"step": 14727, "ranks": {"input_proj": [4, 4], "q_proj": [1, 14], "k_proj": [2, 12], "v_proj": [25, 32], "o_proj": [3, 32], "lm_head": [1, 1]}}, {"step": 14771, "ranks": {"input_proj": [4, 4], "q_proj": [1, 14], "k_proj": [2, 12], "v_proj": [25, 32], "o_proj": [3, 32], "lm_head": [1, 2]}}, {"step": 14800, "ranks": {"input_proj": [4, 4], "q_proj": [1, 14], "k_proj": [2, 12], "v_proj": [25, 32], "o_proj": [3, 32], "lm_head": [1, 2]}}, {"step": 14825, "ranks": {"input_proj": [4, 4], "q_proj": [1, 14], "k_proj": [2, 12], "v_proj": [25, 32], "o_proj": [3, 32], "lm_head": [1, 1]}}, {"step": 14889, "ranks": {"input_proj": [4, 4], "q_proj": [1, 14], "k_proj": [2, 12], "v_proj": [25, 32], "o_proj": [3, 32], "lm_head": [1, 1]}}, {"step": 14919, "ranks": {"input_proj": [4, 4], "q_proj": [1, 14], "k_proj": [2, 12], "v_proj": [26, 32], "o_proj": [3, 32], "lm_head": [1, 2]}}, {"step": 15000, "ranks": {"input_proj": [4, 4], "q_proj": [1, 14], "k_proj": [2, 12], "v_proj": [26, 32], "o_proj": [3, 32], "lm_head": [1, 2]}}, {"step": 15042, "ranks": {"input_proj": [4, 4], "q_proj": [1, 14], "k_proj": [2, 12], "v_proj": [26, 32], "o_proj": [3, 32], "lm_head": [1, 2]}}, {"step": 15073, "ranks": {"input_proj": [4, 4], "q_proj": [1, 14], "k_proj": [2, 12], "v_proj": [26, 32], "o_proj": [3, 32], "lm_head": [1, 3]}}, {"step": 15093, "ranks": {"input_proj": [4, 4], "q_proj": [1, 14], "k_proj": [2, 12], "v_proj": [27, 32], "o_proj": [3, 32], "lm_head": [1, 3]}}, {"step": 15127, "ranks": {"input_proj": [4, 4], "q_proj": [1, 14], "k_proj": [2, 12], "v_proj": [26, 32], "o_proj": [3, 32], "lm_head": [1, 4]}}, {"step": 15200, "ranks": {"input_proj": [4, 4], "q_proj": [1, 14], "k_proj": [2, 12], "v_proj": [27, 32], "o_proj": [3, 32], "lm_head": [1, 4]}}, {"step": 15210, "ranks": {"input_proj": [4, 4], "q_proj": [1, 14], "k_proj": [2, 12], "v_proj": [27, 32], "o_proj": [3, 32], "lm_head": [1, 4]}}, {"step": 15243, "ranks": {"input_proj": [4, 4], "q_proj": [1, 14], "k_proj": [2, 12], "v_proj": [27, 32], "o_proj": [3, 32], "lm_head": [1, 4]}}, {"step": 15260, "ranks": {"input_proj": [4, 4], "q_proj": [1, 14], "k_proj": [2, 12], "v_proj": [27, 32], "o_proj": [3, 32], "lm_head": [1, 4]}}, {"step": 15293, "ranks": {"input_proj": [4, 4], "q_proj": [1, 14], "k_proj": [2, 12], "v_proj": [27, 32], "o_proj": [3, 32], "lm_head": [1, 4]}}, {"step": 15342, "ranks": {"input_proj": [4, 4], "q_proj": [1, 14], "k_proj": [2, 12], "v_proj": [27, 32], "o_proj": [3, 32], "lm_head": [1, 3]}}, {"step": 15372, "ranks": {"input_proj": [4, 4], "q_proj": [1, 14], "k_proj": [2, 12], "v_proj": [27, 32], "o_proj": [3, 32], "lm_head": [1, 4]}}, {"step": 15386, "ranks": {"input_proj": [4, 4], "q_proj": [1, 14], "k_proj": [2, 12], "v_proj": [27, 32], "o_proj": [3, 32], "lm_head": [1, 3]}}, {"step": 15400, "ranks": {"input_proj": [4, 4], "q_proj": [2, 14], "k_proj": [3, 12], "v_proj": [27, 32], "o_proj": [3, 32], "lm_head": [1, 4]}}, {"step": 15418, "ranks": {"input_proj": [4, 4], "q_proj": [1, 13], "k_proj": [2, 12], "v_proj": [27, 32], "o_proj": [3, 32], "lm_head": [1, 4]}}, {"step": 15457, "ranks": {"input_proj": [4, 4], "q_proj": [1, 13], "k_proj": [2, 12], "v_proj": [27, 32], "o_proj": [3, 32], "lm_head": [1, 4]}}, {"step": 15505, "ranks": {"input_proj": [4, 4], "q_proj": [1, 13], "k_proj": [2, 12], "v_proj": [27, 32], "o_proj": [3, 32], "lm_head": [1, 4]}}, {"step": 15536, "ranks": {"input_proj": [4, 4], "q_proj": [1, 13], "k_proj": [2, 12], "v_proj": [28, 32], "o_proj": [3, 32], "lm_head": [1, 4]}}, {"step": 15579, "ranks": {"input_proj": [4, 4], "q_proj": [1, 13], "k_proj": [2, 12], "v_proj": [28, 32], "o_proj": [3, 32], "lm_head": [1, 4]}}, {"step": 15600, "ranks": {"input_proj": [4, 4], "q_proj": [1, 13], "k_proj": [2, 12], "v_proj": [28, 32], "o_proj": [3, 32], "lm_head": [1, 4]}}, {"step": 15632, "ranks": {"input_proj": [4, 4], "q_proj": [1, 13], "k_proj": [2, 12], "v_proj": [28, 32], "o_proj": [3, 32], "lm_head": [1, 4]}}, {"step": 15674, "ranks": {"input_proj": [4, 4], "q_proj": [1, 13], "k_proj": [2, 12], "v_proj": [28, 32], "o_proj": [3, 32], "lm_head": [1, 4]}}, {"step": 15722, "ranks": {"input_proj": [4, 4], "q_proj": [1, 13], "k_proj": [2, 12], "v_proj": [28, 32], "o_proj": [3, 32], "lm_head": [1, 4]}}, {"step": 15756, "ranks": {"input_proj": [4, 4], "q_proj": [1, 13], "k_proj": [2, 12], "v_proj": [29, 32], "o_proj": [3, 32], "lm_head": [1, 4]}}, {"step": 15800, "ranks": {"input_proj": [4, 4], "q_proj": [1, 13], "k_proj": [2, 12], "v_proj": [29, 32], "o_proj": [3, 32], "lm_head": [1, 4]}}, {"step": 15810, "ranks": {"input_proj": [4, 4], "q_proj": [1, 13], "k_proj": [2, 12], "v_proj": [29, 32], "o_proj": [3, 32], "lm_head": [1, 4]}}, {"step": 15886, "ranks": {"input_proj": [4, 4], "q_proj": [1, 13], "k_proj": [2, 12], "v_proj": [28, 32], "o_proj": [3, 32], "lm_head": [1, 4]}}, {"step": 15941, "ranks": {"input_proj": [4, 4], "q_proj": [1, 13], "k_proj": [2, 12], "v_proj": [29, 32], "o_proj": [3, 32], "lm_head": [1, 4]}}, {"step": 15996, "ranks": {"input_proj": [4, 4], "q_proj": [1, 12], "k_proj": [2, 11], "v_proj": [29, 32], "o_proj": [3, 32], "lm_head": [1, 4]}}, {"step": 16000, "ranks": {"input_proj": [4, 4], "q_proj": [1, 12], "k_proj": [2, 11], "v_proj": [30, 32], "o_proj": [3, 32], "lm_head": [1, 4]}}, {"step": 16035, "ranks": {"input_proj": [4, 4], "q_proj": [1, 12], "k_proj": [2, 11], "v_proj": [30, 32], "o_proj": [3, 32], "lm_head": [1, 4]}}, {"step": 16091, "ranks": {"input_proj": [4, 4], "q_proj": [1, 12], "k_proj": [2, 11], "v_proj": [30, 32], "o_proj": [3, 32], "lm_head": [1, 4]}}, {"step": 16112, "ranks": {"input_proj": [4, 4], "q_proj": [1, 12], "k_proj": [2, 11], "v_proj": [31, 32], "o_proj": [3, 32], "lm_head": [1, 4]}}, {"step": 16179, "ranks": {"input_proj": [4, 4], "q_proj": [1, 12], "k_proj": [2, 11], "v_proj": [31, 32], "o_proj": [3, 32], "lm_head": [1, 4]}}, {"step": 16200, "ranks": {"input_proj": [4, 4], "q_proj": [1, 12], "k_proj": [2, 11], "v_proj": [31, 32], "o_proj": [3, 32], "lm_head": [1, 4]}}, {"step": 16206, "ranks": {"input_proj": [4, 4], "q_proj": [1, 12], "k_proj": [2, 11], "v_proj": [31, 32], "o_proj": [3, 32], "lm_head": [1, 4]}}, {"step": 16269, "ranks": {"input_proj": [4, 4], "q_proj": [1, 12], "k_proj": [2, 11], "v_proj": [31, 32], "o_proj": [3, 32], "lm_head": [1, 4]}}, {"step": 16300, "ranks": {"input_proj": [4, 4], "q_proj": [1, 12], "k_proj": [2, 11], "v_proj": [31, 32], "o_proj": [3, 32], "lm_head": [1, 4]}}, {"step": 16348, "ranks": {"input_proj": [4, 4], "q_proj": [1, 12], "k_proj": [2, 11], "v_proj": [31, 32], "o_proj": [3, 32], "lm_head": [1, 4]}}, {"step": 16380, "ranks": {"input_proj": [4, 4], "q_proj": [1, 12], "k_proj": [2, 11], "v_proj": [31, 32], "o_proj": [3, 32], "lm_head": [1, 4]}}, {"step": 16400, "ranks": {"input_proj": [4, 4], "q_proj": [1, 12], "k_proj": [2, 11], "v_proj": [31, 32], "o_proj": [3, 32], "lm_head": [1, 4]}}, {"step": 16415, "ranks": {"input_proj": [4, 4], "q_proj": [1, 12], "k_proj": [2, 11], "v_proj": [32, 32], "o_proj": [3, 32], "lm_head": [1, 4]}}, {"step": 16445, "ranks": {"input_proj": [4, 4], "q_proj": [1, 12], "k_proj": [2, 11], "v_proj": [31, 32], "o_proj": [3, 32], "lm_head": [1, 4]}}, {"step": 16488, "ranks": {"input_proj": [4, 4], "q_proj": [1, 12], "k_proj": [2, 11], "v_proj": [32, 32], "o_proj": [3, 32], "lm_head": [1, 4]}}, {"step": 16521, "ranks": {"input_proj": [4, 4], "q_proj": [1, 12], "k_proj": [2, 11], "v_proj": [32, 32], "o_proj": [3, 32], "lm_head": [1, 4]}}, {"step": 16600, "ranks": {"input_proj": [4, 4], "q_proj": [1, 12], "k_proj": [2, 11], "v_proj": [31, 32], "o_proj": [3, 32], "lm_head": [1, 4]}}, {"step": 16639, "ranks": {"input_proj": [4, 4], "q_proj": [1, 12], "k_proj": [2, 11], "v_proj": [32, 32], "o_proj": [3, 32], "lm_head": [1, 4]}}, {"step": 16652, "ranks": {"input_proj": [4, 4], "q_proj": [1, 12], "k_proj": [2, 11], "v_proj": [31, 32], "o_proj": [3, 32], "lm_head": [1, 4]}}, {"step": 16800, "ranks": {"input_proj": [4, 4], "q_proj": [1, 12], "k_proj": [2, 11], "v_proj": [32, 32], "o_proj": [3, 32], "lm_head": [1, 4]}}, {"step": 16806, "ranks": {"input_proj": [4, 4], "q_proj": [1, 12], "k_proj": [2, 11], "v_proj": [32, 32], "o_proj": [3, 32], "lm_head": [1, 4]}}, {"step": 16836, "ranks": {"input_proj": [4, 4], "q_proj": [1, 12], "k_proj": [2, 11], "v_proj": [32, 32], "o_proj": [3, 32], "lm_head": [1, 4]}}, {"step": 17000, "ranks": {"input_proj": [4, 4], "q_proj": [1, 12], "k_proj": [2, 11], "v_proj": [32, 32], "o_proj": [3, 32], "lm_head": [1, 4]}}, {"step": 17200, "ranks": {"input_proj": [4, 4], "q_proj": [1, 12], "k_proj": [2, 11], "v_proj": [32, 32], "o_proj": [3, 32], "lm_head": [1, 4]}}, {"step": 17250, "ranks": {"input_proj": [4, 4], "q_proj": [1, 12], "k_proj": [2, 11], "v_proj": [32, 32], "o_proj": [3, 32], "lm_head": [1, 4]}}, {"step": 17280, "ranks": {"input_proj": [4, 4], "q_proj": [1, 12], "k_proj": [2, 11], "v_proj": [32, 32], "o_proj": [3, 32], "lm_head": [1, 4]}}, {"step": 17382, "ranks": {"input_proj": [4, 4], "q_proj": [1, 12], "k_proj": [2, 11], "v_proj": [32, 32], "o_proj": [3, 32], "lm_head": [1, 4]}}, {"step": 17400, "ranks": {"input_proj": [4, 4], "q_proj": [1, 12], "k_proj": [2, 11], "v_proj": [32, 32], "o_proj": [3, 32], "lm_head": [1, 4]}}, {"step": 17416, "ranks": {"input_proj": [4, 4], "q_proj": [1, 12], "k_proj": [2, 11], "v_proj": [32, 32], "o_proj": [3, 32], "lm_head": [1, 4]}}, {"step": 17433, "ranks": {"input_proj": [4, 4], "q_proj": [1, 12], "k_proj": [2, 11], "v_proj": [32, 32], "o_proj": [3, 32], "lm_head": [1, 4]}}, {"step": 17463, "ranks": {"input_proj": [4, 4], "q_proj": [1, 12], "k_proj": [2, 11], "v_proj": [32, 32], "o_proj": [3, 32], "lm_head": [1, 4]}}, {"step": 17593, "ranks": {"input_proj": [4, 4], "q_proj": [1, 12], "k_proj": [2, 11], "v_proj": [32, 32], "o_proj": [3, 32], "lm_head": [1, 4]}}, {"step": 17600, "ranks": {"input_proj": [4, 4], "q_proj": [1, 12], "k_proj": [2, 11], "v_proj": [32, 32], "o_proj": [3, 32], "lm_head": [1, 4]}}, {"step": 17623, "ranks": {"input_proj": [4, 4], "q_proj": [1, 12], "k_proj": [2, 11], "v_proj": [32, 32], "o_proj": [3, 32], "lm_head": [1, 4]}}, {"step": 17720, "ranks": {"input_proj": [4, 4], "q_proj": [1, 12], "k_proj": [2, 11], "v_proj": [32, 32], "o_proj": [3, 32], "lm_head": [1, 4]}}, {"step": 17753, "ranks": {"input_proj": [4, 4], "q_proj": [1, 12], "k_proj": [2, 11], "v_proj": [32, 32], "o_proj": [3, 32], "lm_head": [1, 4]}}, {"step": 17800, "ranks": {"input_proj": [4, 4], "q_proj": [1, 12], "k_proj": [2, 11], "v_proj": [32, 32], "o_proj": [3, 32], "lm_head": [1, 4]}}, {"step": 17872, "ranks": {"input_proj": [4, 4], "q_proj": [1, 12], "k_proj": [2, 11], "v_proj": [32, 32], "o_proj": [3, 32], "lm_head": [1, 4]}}, {"step": 17902, "ranks": {"input_proj": [4, 4], "q_proj": [1, 12], "k_proj": [2, 11], "v_proj": [32, 32], "o_proj": [3, 32], "lm_head": [1, 4]}}, {"step": 17975, "ranks": {"input_proj": [4, 4], "q_proj": [1, 12], "k_proj": [2, 11], "v_proj": [32, 32], "o_proj": [3, 32], "lm_head": [1, 4]}}, {"step": 18000, "ranks": {"input_proj": [4, 4], "q_proj": [1, 12], "k_proj": [2, 11], "v_proj": [32, 32], "o_proj": [3, 32], "lm_head": [1, 4]}}, {"step": 18005, "ranks": {"input_proj": [4, 4], "q_proj": [1, 12], "k_proj": [2, 11], "v_proj": [32, 32], "o_proj": [3, 32], "lm_head": [1, 4]}}, {"step": 18059, "ranks": {"input_proj": [4, 4], "q_proj": [1, 12], "k_proj": [2, 11], "v_proj": [32, 32], "o_proj": [3, 32], "lm_head": [1, 4]}}, {"step": 18089, "ranks": {"input_proj": [4, 4], "q_proj": [1, 12], "k_proj": [2, 11], "v_proj": [32, 32], "o_proj": [3, 32], "lm_head": [1, 4]}}, {"step": 18142, "ranks": {"input_proj": [4, 4], "q_proj": [1, 12], "k_proj": [2, 10], "v_proj": [32, 32], "o_proj": [3, 32], "lm_head": [1, 4]}}, {"step": 18172, "ranks": {"input_proj": [4, 4], "q_proj": [1, 12], "k_proj": [2, 10], "v_proj": [32, 32], "o_proj": [3, 32], "lm_head": [1, 4]}}, {"step": 18200, "ranks": {"input_proj": [4, 4], "q_proj": [1, 12], "k_proj": [2, 10], "v_proj": [32, 32], "o_proj": [3, 32], "lm_head": [1, 4]}}, {"step": 18300, "ranks": {"input_proj": [4, 4], "q_proj": [1, 12], "k_proj": [2, 10], "v_proj": [32, 32], "o_proj": [3, 32], "lm_head": [1, 4]}}, {"step": 18330, "ranks": {"input_proj": [4, 4], "q_proj": [1, 12], "k_proj": [2, 10], "v_proj": [32, 32], "o_proj": [3, 32], "lm_head": [1, 4]}}, {"step": 18372, "ranks": {"input_proj": [4, 4], "q_proj": [1, 12], "k_proj": [2, 10], "v_proj": [32, 32], "o_proj": [3, 32], "lm_head": [1, 4]}}, {"step": 18400, "ranks": {"input_proj": [4, 4], "q_proj": [1, 12], "k_proj": [2, 10], "v_proj": [32, 32], "o_proj": [3, 32], "lm_head": [1, 4]}}, {"step": 18402, "ranks": {"input_proj": [4, 4], "q_proj": [1, 12], "k_proj": [2, 10], "v_proj": [32, 32], "o_proj": [3, 32], "lm_head": [1, 4]}}, {"step": 18428, "ranks": {"input_proj": [4, 4], "q_proj": [1, 12], "k_proj": [2, 10], "v_proj": [32, 32], "o_proj": [3, 32], "lm_head": [1, 4]}}, {"step": 18461, "ranks": {"input_proj": [4, 4], "q_proj": [1, 12], "k_proj": [2, 10], "v_proj": [32, 32], "o_proj": [3, 32], "lm_head": [1, 4]}}, {"step": 18496, "ranks": {"input_proj": [4, 4], "q_proj": [1, 12], "k_proj": [2, 10], "v_proj": [32, 32], "o_proj": [3, 32], "lm_head": [1, 4]}}, {"step": 18535, "ranks": {"input_proj": [4, 4], "q_proj": [1, 12], "k_proj": [2, 10], "v_proj": [32, 32], "o_proj": [3, 32], "lm_head": [1, 4]}}, {"step": 18583, "ranks": {"input_proj": [4, 4], "q_proj": [1, 12], "k_proj": [2, 10], "v_proj": [32, 32], "o_proj": [3, 32], "lm_head": [1, 4]}}, {"step": 18600, "ranks": {"input_proj": [4, 4], "q_proj": [1, 12], "k_proj": [3, 10], "v_proj": [32, 32], "o_proj": [3, 32], "lm_head": [1, 4]}}, {"step": 18615, "ranks": {"input_proj": [4, 4], "q_proj": [1, 11], "k_proj": [3, 10], "v_proj": [32, 32], "o_proj": [3, 32], "lm_head": [1, 4]}}, {"step": 18664, "ranks": {"input_proj": [4, 4], "q_proj": [1, 10], "k_proj": [2, 10], "v_proj": [32, 32], "o_proj": [3, 32], "lm_head": [1, 4]}}, {"step": 18718, "ranks": {"input_proj": [4, 4], "q_proj": [1, 10], "k_proj": [2, 10], "v_proj": [32, 32], "o_proj": [3, 32], "lm_head": [1, 4]}}, {"step": 18749, "ranks": {"input_proj": [4, 4], "q_proj": [1, 10], "k_proj": [2, 10], "v_proj": [32, 32], "o_proj": [3, 32], "lm_head": [1, 4]}}, {"step": 18784, "ranks": {"input_proj": [4, 4], "q_proj": [1, 10], "k_proj": [2, 10], "v_proj": [32, 32], "o_proj": [3, 32], "lm_head": [1, 4]}}, {"step": 18800, "ranks": {"input_proj": [4, 4], "q_proj": [1, 10], "k_proj": [2, 10], "v_proj": [32, 32], "o_proj": [3, 32], "lm_head": [1, 4]}}, {"step": 18834, "ranks": {"input_proj": [4, 4], "q_proj": [1, 10], "k_proj": [2, 10], "v_proj": [32, 32], "o_proj": [3, 32], "lm_head": [1, 4]}}, {"step": 18864, "ranks": {"input_proj": [4, 4], "q_proj": [1, 10], "k_proj": [2, 10], "v_proj": [32, 32], "o_proj": [3, 32], "lm_head": [1, 4]}}, {"step": 18932, "ranks": {"input_proj": [4, 4], "q_proj": [1, 10], "k_proj": [2, 10], "v_proj": [32, 32], "o_proj": [3, 32], "lm_head": [1, 4]}}, {"step": 18963, "ranks": {"input_proj": [4, 4], "q_proj": [1, 10], "k_proj": [2, 10], "v_proj": [32, 32], "o_proj": [3, 32], "lm_head": [1, 4]}}, {"step": 19000, "ranks": {"input_proj": [4, 4], "q_proj": [1, 10], "k_proj": [2, 10], "v_proj": [32, 32], "o_proj": [3, 32], "lm_head": [1, 4]}}, {"step": 19019, "ranks": {"input_proj": [4, 4], "q_proj": [1, 10], "k_proj": [2, 10], "v_proj": [32, 32], "o_proj": [3, 32], "lm_head": [1, 4]}}, {"step": 19052, "ranks": {"input_proj": [4, 4], "q_proj": [1, 10], "k_proj": [2, 10], "v_proj": [32, 32], "o_proj": [3, 32], "lm_head": [1, 4]}}, {"step": 19124, "ranks": {"input_proj": [4, 4], "q_proj": [1, 10], "k_proj": [2, 10], "v_proj": [32, 32], "o_proj": [3, 32], "lm_head": [1, 4]}}, {"step": 19154, "ranks": {"input_proj": [4, 4], "q_proj": [1, 10], "k_proj": [2, 10], "v_proj": [32, 32], "o_proj": [3, 32], "lm_head": [1, 4]}}, {"step": 19193, "ranks": {"input_proj": [4, 4], "q_proj": [1, 10], "k_proj": [2, 10], "v_proj": [32, 32], "o_proj": [3, 32], "lm_head": [1, 4]}}, {"step": 19200, "ranks": {"input_proj": [4, 4], "q_proj": [1, 10], "k_proj": [2, 10], "v_proj": [32, 32], "o_proj": [3, 32], "lm_head": [1, 4]}}, {"step": 19227, "ranks": {"input_proj": [4, 4], "q_proj": [1, 10], "k_proj": [2, 10], "v_proj": [32, 32], "o_proj": [3, 32], "lm_head": [1, 4]}}, {"step": 19281, "ranks": {"input_proj": [4, 4], "q_proj": [1, 10], "k_proj": [2, 10], "v_proj": [32, 32], "o_proj": [3, 32], "lm_head": [1, 4]}}, {"step": 19311, "ranks": {"input_proj": [4, 4], "q_proj": [1, 10], "k_proj": [2, 10], "v_proj": [32, 32], "o_proj": [3, 32], "lm_head": [1, 4]}}, {"step": 19400, "ranks": {"input_proj": [4, 4], "q_proj": [1, 10], "k_proj": [2, 10], "v_proj": [32, 32], "o_proj": [3, 32], "lm_head": [1, 3]}}, {"step": 19431, "ranks": {"input_proj": [4, 4], "q_proj": [1, 10], "k_proj": [2, 10], "v_proj": [32, 32], "o_proj": [3, 32], "lm_head": [1, 3]}}, {"step": 19461, "ranks": {"input_proj": [4, 4], "q_proj": [1, 10], "k_proj": [2, 10], "v_proj": [32, 32], "o_proj": [3, 32], "lm_head": [1, 4]}}, {"step": 19488, "ranks": {"input_proj": [4, 4], "q_proj": [1, 10], "k_proj": [2, 10], "v_proj": [32, 32], "o_proj": [3, 32], "lm_head": [1, 4]}}, {"step": 19590, "ranks": {"input_proj": [4, 4], "q_proj": [1, 10], "k_proj": [2, 10], "v_proj": [32, 32], "o_proj": [3, 32], "lm_head": [1, 4]}}, {"step": 19600, "ranks": {"input_proj": [4, 4], "q_proj": [1, 10], "k_proj": [2, 10], "v_proj": [32, 32], "o_proj": [3, 32], "lm_head": [1, 4]}}, {"step": 19636, "ranks": {"input_proj": [4, 4], "q_proj": [1, 10], "k_proj": [2, 10], "v_proj": [32, 32], "o_proj": [3, 32], "lm_head": [1, 4]}}, {"step": 19787, "ranks": {"input_proj": [4, 4], "q_proj": [1, 10], "k_proj": [2, 10], "v_proj": [32, 32], "o_proj": [3, 32], "lm_head": [1, 4]}}, {"step": 19800, "ranks": {"input_proj": [4, 4], "q_proj": [1, 10], "k_proj": [2, 10], "v_proj": [32, 32], "o_proj": [3, 32], "lm_head": [1, 4]}}, {"step": 19817, "ranks": {"input_proj": [4, 4], "q_proj": [1, 10], "k_proj": [2, 10], "v_proj": [32, 32], "o_proj": [3, 32], "lm_head": [1, 4]}}, {"step": 19894, "ranks": {"input_proj": [4, 4], "q_proj": [1, 10], "k_proj": [2, 10], "v_proj": [32, 32], "o_proj": [3, 32], "lm_head": [1, 4]}}, {"step": 19912, "ranks": {"input_proj": [4, 4], "q_proj": [1, 10], "k_proj": [2, 10], "v_proj": [32, 32], "o_proj": [3, 32], "lm_head": [1, 4]}}, {"step": 20000, "ranks": {"input_proj": [4, 4], "q_proj": [1, 10], "k_proj": [2, 10], "v_proj": [32, 32], "o_proj": [3, 32], "lm_head": [1, 4]}}]
STAGE_HISTORY_JSON [{"step": 1380, "event": "level_up", "from": {"vocab": 8, "k": 1, "phase": "vocab"}, "to": {"vocab": 16, "k": 1, "phase": "vocab"}}, {"step": 1416, "event": "level_down", "from": {"vocab": 16, "k": 1, "phase": "vocab"}, "to": {"vocab": 8, "k": 1, "phase": "vocab"}}, {"step": 1813, "event": "level_up", "from": {"vocab": 8, "k": 1, "phase": "vocab"}, "to": {"vocab": 16, "k": 1, "phase": "vocab"}}, {"step": 1843, "event": "level_down", "from": {"vocab": 16, "k": 1, "phase": "vocab"}, "to": {"vocab": 8, "k": 1, "phase": "vocab"}}, {"step": 1956, "event": "level_up", "from": {"vocab": 8, "k": 1, "phase": "vocab"}, "to": {"vocab": 16, "k": 1, "phase": "vocab"}}, {"step": 1991, "event": "level_down", "from": {"vocab": 16, "k": 1, "phase": "vocab"}, "to": {"vocab": 8, "k": 1, "phase": "vocab"}}, {"step": 2765, "event": "level_up", "from": {"vocab": 8, "k": 1, "phase": "vocab"}, "to": {"vocab": 16, "k": 1, "phase": "vocab"}}, {"step": 2800, "event": "level_down", "from": {"vocab": 16, "k": 1, "phase": "vocab"}, "to": {"vocab": 8, "k": 1, "phase": "vocab"}}, {"step": 3066, "event": "level_up", "from": {"vocab": 8, "k": 1, "phase": "vocab"}, "to": {"vocab": 16, "k": 1, "phase": "vocab"}}, {"step": 3096, "event": "level_down", "from": {"vocab": 16, "k": 1, "phase": "vocab"}, "to": {"vocab": 8, "k": 1, "phase": "vocab"}}, {"step": 3205, "event": "level_up", "from": {"vocab": 8, "k": 1, "phase": "vocab"}, "to": {"vocab": 16, "k": 1, "phase": "vocab"}}, {"step": 3245, "event": "level_down", "from": {"vocab": 16, "k": 1, "phase": "vocab"}, "to": {"vocab": 8, "k": 1, "phase": "vocab"}}, {"step": 3539, "event": "level_up", "from": {"vocab": 8, "k": 1, "phase": "vocab"}, "to": {"vocab": 16, "k": 1, "phase": "vocab"}}, {"step": 3571, "event": "level_down", "from": {"vocab": 16, "k": 1, "phase": "vocab"}, "to": {"vocab": 8, "k": 1, "phase": "vocab"}}, {"step": 3658, "event": "level_up", "from": {"vocab": 8, "k": 1, "phase": "vocab"}, "to": {"vocab": 16, "k": 1, "phase": "vocab"}}, {"step": 3707, "event": "level_down", "from": {"vocab": 16, "k": 1, "phase": "vocab"}, "to": {"vocab": 8, "k": 1, "phase": "vocab"}}, {"step": 3864, "event": "level_up", "from": {"vocab": 8, "k": 1, "phase": "vocab"}, "to": {"vocab": 16, "k": 1, "phase": "vocab"}}, {"step": 3894, "event": "level_down", "from": {"vocab": 16, "k": 1, "phase": "vocab"}, "to": {"vocab": 8, "k": 1, "phase": "vocab"}}, {"step": 3980, "event": "level_up", "from": {"vocab": 8, "k": 1, "phase": "vocab"}, "to": {"vocab": 16, "k": 1, "phase": "vocab"}}, {"step": 4010, "event": "level_down", "from": {"vocab": 16, "k": 1, "phase": "vocab"}, "to": {"vocab": 8, "k": 1, "phase": "vocab"}}, {"step": 4057, "event": "level_up", "from": {"vocab": 8, "k": 1, "phase": "vocab"}, "to": {"vocab": 16, "k": 1, "phase": "vocab"}}, {"step": 4087, "event": "level_down", "from": {"vocab": 16, "k": 1, "phase": "vocab"}, "to": {"vocab": 8, "k": 1, "phase": "vocab"}}, {"step": 4104, "event": "level_up", "from": {"vocab": 8, "k": 1, "phase": "vocab"}, "to": {"vocab": 16, "k": 1, "phase": "vocab"}}, {"step": 4135, "event": "level_down", "from": {"vocab": 16, "k": 1, "phase": "vocab"}, "to": {"vocab": 8, "k": 1, "phase": "vocab"}}, {"step": 4178, "event": "level_up", "from": {"vocab": 8, "k": 1, "phase": "vocab"}, "to": {"vocab": 16, "k": 1, "phase": "vocab"}}, {"step": 4208, "event": "level_down", "from": {"vocab": 16, "k": 1, "phase": "vocab"}, "to": {"vocab": 8, "k": 1, "phase": "vocab"}}, {"step": 4256, "event": "level_up", "from": {"vocab": 8, "k": 1, "phase": "vocab"}, "to": {"vocab": 16, "k": 1, "phase": "vocab"}}, {"step": 4352, "event": "level_down", "from": {"vocab": 16, "k": 1, "phase": "vocab"}, "to": {"vocab": 8, "k": 1, "phase": "vocab"}}, {"step": 4429, "event": "level_up", "from": {"vocab": 8, "k": 1, "phase": "vocab"}, "to": {"vocab": 16, "k": 1, "phase": "vocab"}}, {"step": 4459, "event": "level_down", "from": {"vocab": 16, "k": 1, "phase": "vocab"}, "to": {"vocab": 8, "k": 1, "phase": "vocab"}}, {"step": 4486, "event": "level_up", "from": {"vocab": 8, "k": 1, "phase": "vocab"}, "to": {"vocab": 16, "k": 1, "phase": "vocab"}}, {"step": 4530, "event": "level_down", "from": {"vocab": 16, "k": 1, "phase": "vocab"}, "to": {"vocab": 8, "k": 1, "phase": "vocab"}}, {"step": 4549, "event": "level_up", "from": {"vocab": 8, "k": 1, "phase": "vocab"}, "to": {"vocab": 16, "k": 1, "phase": "vocab"}}, {"step": 4629, "event": "level_up", "from": {"vocab": 16, "k": 1, "phase": "vocab"}, "to": {"vocab": 32, "k": 1, "phase": "vocab"}}, {"step": 4659, "event": "level_down", "from": {"vocab": 32, "k": 1, "phase": "vocab"}, "to": {"vocab": 16, "k": 1, "phase": "vocab"}}, {"step": 4732, "event": "level_up", "from": {"vocab": 16, "k": 1, "phase": "vocab"}, "to": {"vocab": 32, "k": 1, "phase": "vocab"}}, {"step": 4762, "event": "level_down", "from": {"vocab": 32, "k": 1, "phase": "vocab"}, "to": {"vocab": 16, "k": 1, "phase": "vocab"}}, {"step": 4802, "event": "level_up", "from": {"vocab": 16, "k": 1, "phase": "vocab"}, "to": {"vocab": 32, "k": 1, "phase": "vocab"}}, {"step": 4836, "event": "level_down", "from": {"vocab": 32, "k": 1, "phase": "vocab"}, "to": {"vocab": 16, "k": 1, "phase": "vocab"}}, {"step": 4877, "event": "level_up", "from": {"vocab": 16, "k": 1, "phase": "vocab"}, "to": {"vocab": 32, "k": 1, "phase": "vocab"}}, {"step": 4907, "event": "level_down", "from": {"vocab": 32, "k": 1, "phase": "vocab"}, "to": {"vocab": 16, "k": 1, "phase": "vocab"}}, {"step": 4982, "event": "level_up", "from": {"vocab": 16, "k": 1, "phase": "vocab"}, "to": {"vocab": 32, "k": 1, "phase": "vocab"}}, {"step": 5012, "event": "level_down", "from": {"vocab": 32, "k": 1, "phase": "vocab"}, "to": {"vocab": 16, "k": 1, "phase": "vocab"}}, {"step": 5028, "event": "level_up", "from": {"vocab": 16, "k": 1, "phase": "vocab"}, "to": {"vocab": 32, "k": 1, "phase": "vocab"}}, {"step": 5063, "event": "level_down", "from": {"vocab": 32, "k": 1, "phase": "vocab"}, "to": {"vocab": 16, "k": 1, "phase": "vocab"}}, {"step": 5115, "event": "level_up", "from": {"vocab": 16, "k": 1, "phase": "vocab"}, "to": {"vocab": 32, "k": 1, "phase": "vocab"}}, {"step": 5149, "event": "level_down", "from": {"vocab": 32, "k": 1, "phase": "vocab"}, "to": {"vocab": 16, "k": 1, "phase": "vocab"}}, {"step": 5207, "event": "level_up", "from": {"vocab": 16, "k": 1, "phase": "vocab"}, "to": {"vocab": 32, "k": 1, "phase": "vocab"}}, {"step": 5237, "event": "level_down", "from": {"vocab": 32, "k": 1, "phase": "vocab"}, "to": {"vocab": 16, "k": 1, "phase": "vocab"}}, {"step": 5247, "event": "level_up", "from": {"vocab": 16, "k": 1, "phase": "vocab"}, "to": {"vocab": 32, "k": 1, "phase": "vocab"}}, {"step": 5277, "event": "level_down", "from": {"vocab": 32, "k": 1, "phase": "vocab"}, "to": {"vocab": 16, "k": 1, "phase": "vocab"}}, {"step": 5299, "event": "level_up", "from": {"vocab": 16, "k": 1, "phase": "vocab"}, "to": {"vocab": 32, "k": 1, "phase": "vocab"}}, {"step": 5332, "event": "level_down", "from": {"vocab": 32, "k": 1, "phase": "vocab"}, "to": {"vocab": 16, "k": 1, "phase": "vocab"}}, {"step": 5342, "event": "level_up", "from": {"vocab": 16, "k": 1, "phase": "vocab"}, "to": {"vocab": 32, "k": 1, "phase": "vocab"}}, {"step": 5382, "event": "level_down", "from": {"vocab": 32, "k": 1, "phase": "vocab"}, "to": {"vocab": 16, "k": 1, "phase": "vocab"}}, {"step": 5416, "event": "level_up", "from": {"vocab": 16, "k": 1, "phase": "vocab"}, "to": {"vocab": 32, "k": 1, "phase": "vocab"}}, {"step": 5456, "event": "level_down", "from": {"vocab": 32, "k": 1, "phase": "vocab"}, "to": {"vocab": 16, "k": 1, "phase": "vocab"}}, {"step": 5486, "event": "level_up", "from": {"vocab": 16, "k": 1, "phase": "vocab"}, "to": {"vocab": 32, "k": 1, "phase": "vocab"}}, {"step": 5516, "event": "level_down", "from": {"vocab": 32, "k": 1, "phase": "vocab"}, "to": {"vocab": 16, "k": 1, "phase": "vocab"}}, {"step": 5527, "event": "level_up", "from": {"vocab": 16, "k": 1, "phase": "vocab"}, "to": {"vocab": 32, "k": 1, "phase": "vocab"}}, {"step": 5573, "event": "level_down", "from": {"vocab": 32, "k": 1, "phase": "vocab"}, "to": {"vocab": 16, "k": 1, "phase": "vocab"}}, {"step": 5617, "event": "level_up", "from": {"vocab": 16, "k": 1, "phase": "vocab"}, "to": {"vocab": 32, "k": 1, "phase": "vocab"}}, {"step": 5648, "event": "level_down", "from": {"vocab": 32, "k": 1, "phase": "vocab"}, "to": {"vocab": 16, "k": 1, "phase": "vocab"}}, {"step": 5666, "event": "level_up", "from": {"vocab": 16, "k": 1, "phase": "vocab"}, "to": {"vocab": 32, "k": 1, "phase": "vocab"}}, {"step": 5702, "event": "level_down", "from": {"vocab": 32, "k": 1, "phase": "vocab"}, "to": {"vocab": 16, "k": 1, "phase": "vocab"}}, {"step": 5732, "event": "level_up", "from": {"vocab": 16, "k": 1, "phase": "vocab"}, "to": {"vocab": 32, "k": 1, "phase": "vocab"}}, {"step": 5762, "event": "level_down", "from": {"vocab": 32, "k": 1, "phase": "vocab"}, "to": {"vocab": 16, "k": 1, "phase": "vocab"}}, {"step": 5785, "event": "level_up", "from": {"vocab": 16, "k": 1, "phase": "vocab"}, "to": {"vocab": 32, "k": 1, "phase": "vocab"}}, {"step": 5815, "event": "level_down", "from": {"vocab": 32, "k": 1, "phase": "vocab"}, "to": {"vocab": 16, "k": 1, "phase": "vocab"}}, {"step": 5833, "event": "level_up", "from": {"vocab": 16, "k": 1, "phase": "vocab"}, "to": {"vocab": 32, "k": 1, "phase": "vocab"}}, {"step": 5872, "event": "level_down", "from": {"vocab": 32, "k": 1, "phase": "vocab"}, "to": {"vocab": 16, "k": 1, "phase": "vocab"}}, {"step": 5886, "event": "level_up", "from": {"vocab": 16, "k": 1, "phase": "vocab"}, "to": {"vocab": 32, "k": 1, "phase": "vocab"}}, {"step": 5936, "event": "level_down", "from": {"vocab": 32, "k": 1, "phase": "vocab"}, "to": {"vocab": 16, "k": 1, "phase": "vocab"}}, {"step": 5984, "event": "level_up", "from": {"vocab": 16, "k": 1, "phase": "vocab"}, "to": {"vocab": 32, "k": 1, "phase": "vocab"}}, {"step": 6015, "event": "level_down", "from": {"vocab": 32, "k": 1, "phase": "vocab"}, "to": {"vocab": 16, "k": 1, "phase": "vocab"}}, {"step": 6034, "event": "level_up", "from": {"vocab": 16, "k": 1, "phase": "vocab"}, "to": {"vocab": 32, "k": 1, "phase": "vocab"}}, {"step": 6142, "event": "level_down", "from": {"vocab": 32, "k": 1, "phase": "vocab"}, "to": {"vocab": 16, "k": 1, "phase": "vocab"}}, {"step": 6220, "event": "level_up", "from": {"vocab": 16, "k": 1, "phase": "vocab"}, "to": {"vocab": 32, "k": 1, "phase": "vocab"}}, {"step": 6257, "event": "level_down", "from": {"vocab": 32, "k": 1, "phase": "vocab"}, "to": {"vocab": 16, "k": 1, "phase": "vocab"}}, {"step": 6275, "event": "level_up", "from": {"vocab": 16, "k": 1, "phase": "vocab"}, "to": {"vocab": 32, "k": 1, "phase": "vocab"}}, {"step": 6374, "event": "level_up", "from": {"vocab": 32, "k": 1, "phase": "vocab"}, "to": {"vocab": 64, "k": 1, "phase": "vocab"}}, {"step": 6404, "event": "level_down", "from": {"vocab": 64, "k": 1, "phase": "vocab"}, "to": {"vocab": 32, "k": 1, "phase": "vocab"}}, {"step": 6449, "event": "level_down", "from": {"vocab": 32, "k": 1, "phase": "vocab"}, "to": {"vocab": 16, "k": 1, "phase": "vocab"}}, {"step": 6489, "event": "level_down", "from": {"vocab": 16, "k": 1, "phase": "vocab"}, "to": {"vocab": 8, "k": 1, "phase": "vocab"}}, {"step": 6561, "event": "level_up", "from": {"vocab": 8, "k": 1, "phase": "vocab"}, "to": {"vocab": 16, "k": 1, "phase": "vocab"}}, {"step": 6632, "event": "level_up", "from": {"vocab": 16, "k": 1, "phase": "vocab"}, "to": {"vocab": 32, "k": 1, "phase": "vocab"}}, {"step": 6662, "event": "level_down", "from": {"vocab": 32, "k": 1, "phase": "vocab"}, "to": {"vocab": 16, "k": 1, "phase": "vocab"}}, {"step": 6680, "event": "level_up", "from": {"vocab": 16, "k": 1, "phase": "vocab"}, "to": {"vocab": 32, "k": 1, "phase": "vocab"}}, {"step": 6715, "event": "level_down", "from": {"vocab": 32, "k": 1, "phase": "vocab"}, "to": {"vocab": 16, "k": 1, "phase": "vocab"}}, {"step": 6792, "event": "level_up", "from": {"vocab": 16, "k": 1, "phase": "vocab"}, "to": {"vocab": 32, "k": 1, "phase": "vocab"}}, {"step": 6822, "event": "level_down", "from": {"vocab": 32, "k": 1, "phase": "vocab"}, "to": {"vocab": 16, "k": 1, "phase": "vocab"}}, {"step": 6858, "event": "level_down", "from": {"vocab": 16, "k": 1, "phase": "vocab"}, "to": {"vocab": 8, "k": 1, "phase": "vocab"}}, {"step": 6914, "event": "level_up", "from": {"vocab": 8, "k": 1, "phase": "vocab"}, "to": {"vocab": 16, "k": 1, "phase": "vocab"}}, {"step": 6962, "event": "level_down", "from": {"vocab": 16, "k": 1, "phase": "vocab"}, "to": {"vocab": 8, "k": 1, "phase": "vocab"}}, {"step": 6995, "event": "level_up", "from": {"vocab": 8, "k": 1, "phase": "vocab"}, "to": {"vocab": 16, "k": 1, "phase": "vocab"}}, {"step": 7025, "event": "level_down", "from": {"vocab": 16, "k": 1, "phase": "vocab"}, "to": {"vocab": 8, "k": 1, "phase": "vocab"}}, {"step": 7080, "event": "level_up", "from": {"vocab": 8, "k": 1, "phase": "vocab"}, "to": {"vocab": 16, "k": 1, "phase": "vocab"}}, {"step": 7118, "event": "level_down", "from": {"vocab": 16, "k": 1, "phase": "vocab"}, "to": {"vocab": 8, "k": 1, "phase": "vocab"}}, {"step": 7185, "event": "level_up", "from": {"vocab": 8, "k": 1, "phase": "vocab"}, "to": {"vocab": 16, "k": 1, "phase": "vocab"}}, {"step": 7243, "event": "level_down", "from": {"vocab": 16, "k": 1, "phase": "vocab"}, "to": {"vocab": 8, "k": 1, "phase": "vocab"}}, {"step": 7659, "event": "level_up", "from": {"vocab": 8, "k": 1, "phase": "vocab"}, "to": {"vocab": 16, "k": 1, "phase": "vocab"}}, {"step": 7689, "event": "level_down", "from": {"vocab": 16, "k": 1, "phase": "vocab"}, "to": {"vocab": 8, "k": 1, "phase": "vocab"}}, {"step": 8256, "event": "level_up", "from": {"vocab": 8, "k": 1, "phase": "vocab"}, "to": {"vocab": 16, "k": 1, "phase": "vocab"}}, {"step": 8300, "event": "level_down", "from": {"vocab": 16, "k": 1, "phase": "vocab"}, "to": {"vocab": 8, "k": 1, "phase": "vocab"}}, {"step": 8402, "event": "level_up", "from": {"vocab": 8, "k": 1, "phase": "vocab"}, "to": {"vocab": 16, "k": 1, "phase": "vocab"}}, {"step": 8439, "event": "level_down", "from": {"vocab": 16, "k": 1, "phase": "vocab"}, "to": {"vocab": 8, "k": 1, "phase": "vocab"}}, {"step": 8507, "event": "level_up", "from": {"vocab": 8, "k": 1, "phase": "vocab"}, "to": {"vocab": 16, "k": 1, "phase": "vocab"}}, {"step": 8547, "event": "level_down", "from": {"vocab": 16, "k": 1, "phase": "vocab"}, "to": {"vocab": 8, "k": 1, "phase": "vocab"}}, {"step": 8854, "event": "level_up", "from": {"vocab": 8, "k": 1, "phase": "vocab"}, "to": {"vocab": 16, "k": 1, "phase": "vocab"}}, {"step": 8884, "event": "level_down", "from": {"vocab": 16, "k": 1, "phase": "vocab"}, "to": {"vocab": 8, "k": 1, "phase": "vocab"}}, {"step": 8931, "event": "level_up", "from": {"vocab": 8, "k": 1, "phase": "vocab"}, "to": {"vocab": 16, "k": 1, "phase": "vocab"}}, {"step": 8966, "event": "level_down", "from": {"vocab": 16, "k": 1, "phase": "vocab"}, "to": {"vocab": 8, "k": 1, "phase": "vocab"}}, {"step": 9313, "event": "level_up", "from": {"vocab": 8, "k": 1, "phase": "vocab"}, "to": {"vocab": 16, "k": 1, "phase": "vocab"}}, {"step": 9343, "event": "level_down", "from": {"vocab": 16, "k": 1, "phase": "vocab"}, "to": {"vocab": 8, "k": 1, "phase": "vocab"}}, {"step": 9873, "event": "level_up", "from": {"vocab": 8, "k": 1, "phase": "vocab"}, "to": {"vocab": 16, "k": 1, "phase": "vocab"}}, {"step": 9903, "event": "level_down", "from": {"vocab": 16, "k": 1, "phase": "vocab"}, "to": {"vocab": 8, "k": 1, "phase": "vocab"}}, {"step": 9950, "event": "level_up", "from": {"vocab": 8, "k": 1, "phase": "vocab"}, "to": {"vocab": 16, "k": 1, "phase": "vocab"}}, {"step": 9992, "event": "level_down", "from": {"vocab": 16, "k": 1, "phase": "vocab"}, "to": {"vocab": 8, "k": 1, "phase": "vocab"}}, {"step": 10029, "event": "level_up", "from": {"vocab": 8, "k": 1, "phase": "vocab"}, "to": {"vocab": 16, "k": 1, "phase": "vocab"}}, {"step": 10067, "event": "level_down", "from": {"vocab": 16, "k": 1, "phase": "vocab"}, "to": {"vocab": 8, "k": 1, "phase": "vocab"}}, {"step": 10139, "event": "level_up", "from": {"vocab": 8, "k": 1, "phase": "vocab"}, "to": {"vocab": 16, "k": 1, "phase": "vocab"}}, {"step": 10169, "event": "level_down", "from": {"vocab": 16, "k": 1, "phase": "vocab"}, "to": {"vocab": 8, "k": 1, "phase": "vocab"}}, {"step": 10231, "event": "level_up", "from": {"vocab": 8, "k": 1, "phase": "vocab"}, "to": {"vocab": 16, "k": 1, "phase": "vocab"}}, {"step": 10261, "event": "level_down", "from": {"vocab": 16, "k": 1, "phase": "vocab"}, "to": {"vocab": 8, "k": 1, "phase": "vocab"}}, {"step": 10323, "event": "level_up", "from": {"vocab": 8, "k": 1, "phase": "vocab"}, "to": {"vocab": 16, "k": 1, "phase": "vocab"}}, {"step": 10402, "event": "level_down", "from": {"vocab": 16, "k": 1, "phase": "vocab"}, "to": {"vocab": 8, "k": 1, "phase": "vocab"}}, {"step": 10491, "event": "level_up", "from": {"vocab": 8, "k": 1, "phase": "vocab"}, "to": {"vocab": 16, "k": 1, "phase": "vocab"}}, {"step": 10552, "event": "level_down", "from": {"vocab": 16, "k": 1, "phase": "vocab"}, "to": {"vocab": 8, "k": 1, "phase": "vocab"}}, {"step": 10602, "event": "level_up", "from": {"vocab": 8, "k": 1, "phase": "vocab"}, "to": {"vocab": 16, "k": 1, "phase": "vocab"}}, {"step": 10632, "event": "level_down", "from": {"vocab": 16, "k": 1, "phase": "vocab"}, "to": {"vocab": 8, "k": 1, "phase": "vocab"}}, {"step": 10675, "event": "level_up", "from": {"vocab": 8, "k": 1, "phase": "vocab"}, "to": {"vocab": 16, "k": 1, "phase": "vocab"}}, {"step": 10716, "event": "level_down", "from": {"vocab": 16, "k": 1, "phase": "vocab"}, "to": {"vocab": 8, "k": 1, "phase": "vocab"}}, {"step": 10787, "event": "level_up", "from": {"vocab": 8, "k": 1, "phase": "vocab"}, "to": {"vocab": 16, "k": 1, "phase": "vocab"}}, {"step": 10821, "event": "level_down", "from": {"vocab": 16, "k": 1, "phase": "vocab"}, "to": {"vocab": 8, "k": 1, "phase": "vocab"}}, {"step": 10865, "event": "level_up", "from": {"vocab": 8, "k": 1, "phase": "vocab"}, "to": {"vocab": 16, "k": 1, "phase": "vocab"}}, {"step": 10899, "event": "level_down", "from": {"vocab": 16, "k": 1, "phase": "vocab"}, "to": {"vocab": 8, "k": 1, "phase": "vocab"}}, {"step": 10947, "event": "level_up", "from": {"vocab": 8, "k": 1, "phase": "vocab"}, "to": {"vocab": 16, "k": 1, "phase": "vocab"}}, {"step": 10978, "event": "level_down", "from": {"vocab": 16, "k": 1, "phase": "vocab"}, "to": {"vocab": 8, "k": 1, "phase": "vocab"}}, {"step": 11028, "event": "level_up", "from": {"vocab": 8, "k": 1, "phase": "vocab"}, "to": {"vocab": 16, "k": 1, "phase": "vocab"}}, {"step": 11080, "event": "level_down", "from": {"vocab": 16, "k": 1, "phase": "vocab"}, "to": {"vocab": 8, "k": 1, "phase": "vocab"}}, {"step": 11129, "event": "level_up", "from": {"vocab": 8, "k": 1, "phase": "vocab"}, "to": {"vocab": 16, "k": 1, "phase": "vocab"}}, {"step": 11173, "event": "level_down", "from": {"vocab": 16, "k": 1, "phase": "vocab"}, "to": {"vocab": 8, "k": 1, "phase": "vocab"}}, {"step": 11215, "event": "level_up", "from": {"vocab": 8, "k": 1, "phase": "vocab"}, "to": {"vocab": 16, "k": 1, "phase": "vocab"}}, {"step": 11250, "event": "level_down", "from": {"vocab": 16, "k": 1, "phase": "vocab"}, "to": {"vocab": 8, "k": 1, "phase": "vocab"}}, {"step": 11271, "event": "level_up", "from": {"vocab": 8, "k": 1, "phase": "vocab"}, "to": {"vocab": 16, "k": 1, "phase": "vocab"}}, {"step": 11445, "event": "level_down", "from": {"vocab": 16, "k": 1, "phase": "vocab"}, "to": {"vocab": 8, "k": 1, "phase": "vocab"}}, {"step": 11486, "event": "level_up", "from": {"vocab": 8, "k": 1, "phase": "vocab"}, "to": {"vocab": 16, "k": 1, "phase": "vocab"}}, {"step": 11522, "event": "level_down", "from": {"vocab": 16, "k": 1, "phase": "vocab"}, "to": {"vocab": 8, "k": 1, "phase": "vocab"}}, {"step": 11541, "event": "level_up", "from": {"vocab": 8, "k": 1, "phase": "vocab"}, "to": {"vocab": 16, "k": 1, "phase": "vocab"}}, {"step": 11571, "event": "level_down", "from": {"vocab": 16, "k": 1, "phase": "vocab"}, "to": {"vocab": 8, "k": 1, "phase": "vocab"}}, {"step": 11593, "event": "level_up", "from": {"vocab": 8, "k": 1, "phase": "vocab"}, "to": {"vocab": 16, "k": 1, "phase": "vocab"}}, {"step": 11628, "event": "level_down", "from": {"vocab": 16, "k": 1, "phase": "vocab"}, "to": {"vocab": 8, "k": 1, "phase": "vocab"}}, {"step": 11857, "event": "level_up", "from": {"vocab": 8, "k": 1, "phase": "vocab"}, "to": {"vocab": 16, "k": 1, "phase": "vocab"}}, {"step": 11988, "event": "level_up", "from": {"vocab": 16, "k": 1, "phase": "vocab"}, "to": {"vocab": 32, "k": 1, "phase": "vocab"}}, {"step": 12018, "event": "level_down", "from": {"vocab": 32, "k": 1, "phase": "vocab"}, "to": {"vocab": 16, "k": 1, "phase": "vocab"}}, {"step": 12038, "event": "level_up", "from": {"vocab": 16, "k": 1, "phase": "vocab"}, "to": {"vocab": 32, "k": 1, "phase": "vocab"}}, {"step": 12068, "event": "level_down", "from": {"vocab": 32, "k": 1, "phase": "vocab"}, "to": {"vocab": 16, "k": 1, "phase": "vocab"}}, {"step": 12169, "event": "level_up", "from": {"vocab": 16, "k": 1, "phase": "vocab"}, "to": {"vocab": 32, "k": 1, "phase": "vocab"}}, {"step": 12199, "event": "level_down", "from": {"vocab": 32, "k": 1, "phase": "vocab"}, "to": {"vocab": 16, "k": 1, "phase": "vocab"}}, {"step": 12250, "event": "level_up", "from": {"vocab": 16, "k": 1, "phase": "vocab"}, "to": {"vocab": 32, "k": 1, "phase": "vocab"}}, {"step": 12282, "event": "level_down", "from": {"vocab": 32, "k": 1, "phase": "vocab"}, "to": {"vocab": 16, "k": 1, "phase": "vocab"}}, {"step": 12332, "event": "level_up", "from": {"vocab": 16, "k": 1, "phase": "vocab"}, "to": {"vocab": 32, "k": 1, "phase": "vocab"}}, {"step": 12362, "event": "level_down", "from": {"vocab": 32, "k": 1, "phase": "vocab"}, "to": {"vocab": 16, "k": 1, "phase": "vocab"}}, {"step": 12380, "event": "level_up", "from": {"vocab": 16, "k": 1, "phase": "vocab"}, "to": {"vocab": 32, "k": 1, "phase": "vocab"}}, {"step": 12410, "event": "level_down", "from": {"vocab": 32, "k": 1, "phase": "vocab"}, "to": {"vocab": 16, "k": 1, "phase": "vocab"}}, {"step": 12460, "event": "level_up", "from": {"vocab": 16, "k": 1, "phase": "vocab"}, "to": {"vocab": 32, "k": 1, "phase": "vocab"}}, {"step": 12490, "event": "level_down", "from": {"vocab": 32, "k": 1, "phase": "vocab"}, "to": {"vocab": 16, "k": 1, "phase": "vocab"}}, {"step": 12504, "event": "level_up", "from": {"vocab": 16, "k": 1, "phase": "vocab"}, "to": {"vocab": 32, "k": 1, "phase": "vocab"}}, {"step": 12534, "event": "level_down", "from": {"vocab": 32, "k": 1, "phase": "vocab"}, "to": {"vocab": 16, "k": 1, "phase": "vocab"}}, {"step": 12591, "event": "level_up", "from": {"vocab": 16, "k": 1, "phase": "vocab"}, "to": {"vocab": 32, "k": 1, "phase": "vocab"}}, {"step": 12621, "event": "level_down", "from": {"vocab": 32, "k": 1, "phase": "vocab"}, "to": {"vocab": 16, "k": 1, "phase": "vocab"}}, {"step": 12692, "event": "level_up", "from": {"vocab": 16, "k": 1, "phase": "vocab"}, "to": {"vocab": 32, "k": 1, "phase": "vocab"}}, {"step": 12722, "event": "level_down", "from": {"vocab": 32, "k": 1, "phase": "vocab"}, "to": {"vocab": 16, "k": 1, "phase": "vocab"}}, {"step": 12766, "event": "level_up", "from": {"vocab": 16, "k": 1, "phase": "vocab"}, "to": {"vocab": 32, "k": 1, "phase": "vocab"}}, {"step": 12796, "event": "level_down", "from": {"vocab": 32, "k": 1, "phase": "vocab"}, "to": {"vocab": 16, "k": 1, "phase": "vocab"}}, {"step": 12818, "event": "level_up", "from": {"vocab": 16, "k": 1, "phase": "vocab"}, "to": {"vocab": 32, "k": 1, "phase": "vocab"}}, {"step": 12850, "event": "level_down", "from": {"vocab": 32, "k": 1, "phase": "vocab"}, "to": {"vocab": 16, "k": 1, "phase": "vocab"}}, {"step": 12947, "event": "level_down", "from": {"vocab": 16, "k": 1, "phase": "vocab"}, "to": {"vocab": 8, "k": 1, "phase": "vocab"}}, {"step": 13098, "event": "level_up", "from": {"vocab": 8, "k": 1, "phase": "vocab"}, "to": {"vocab": 16, "k": 1, "phase": "vocab"}}, {"step": 13173, "event": "level_up", "from": {"vocab": 16, "k": 1, "phase": "vocab"}, "to": {"vocab": 32, "k": 1, "phase": "vocab"}}, {"step": 13203, "event": "level_down", "from": {"vocab": 32, "k": 1, "phase": "vocab"}, "to": {"vocab": 16, "k": 1, "phase": "vocab"}}, {"step": 13234, "event": "level_up", "from": {"vocab": 16, "k": 1, "phase": "vocab"}, "to": {"vocab": 32, "k": 1, "phase": "vocab"}}, {"step": 13270, "event": "level_down", "from": {"vocab": 32, "k": 1, "phase": "vocab"}, "to": {"vocab": 16, "k": 1, "phase": "vocab"}}, {"step": 13295, "event": "level_up", "from": {"vocab": 16, "k": 1, "phase": "vocab"}, "to": {"vocab": 32, "k": 1, "phase": "vocab"}}, {"step": 13333, "event": "level_down", "from": {"vocab": 32, "k": 1, "phase": "vocab"}, "to": {"vocab": 16, "k": 1, "phase": "vocab"}}, {"step": 13389, "event": "level_up", "from": {"vocab": 16, "k": 1, "phase": "vocab"}, "to": {"vocab": 32, "k": 1, "phase": "vocab"}}, {"step": 13424, "event": "level_down", "from": {"vocab": 32, "k": 1, "phase": "vocab"}, "to": {"vocab": 16, "k": 1, "phase": "vocab"}}, {"step": 13468, "event": "level_up", "from": {"vocab": 16, "k": 1, "phase": "vocab"}, "to": {"vocab": 32, "k": 1, "phase": "vocab"}}, {"step": 13506, "event": "level_down", "from": {"vocab": 32, "k": 1, "phase": "vocab"}, "to": {"vocab": 16, "k": 1, "phase": "vocab"}}, {"step": 13543, "event": "level_up", "from": {"vocab": 16, "k": 1, "phase": "vocab"}, "to": {"vocab": 32, "k": 1, "phase": "vocab"}}, {"step": 13581, "event": "level_down", "from": {"vocab": 32, "k": 1, "phase": "vocab"}, "to": {"vocab": 16, "k": 1, "phase": "vocab"}}, {"step": 13594, "event": "level_up", "from": {"vocab": 16, "k": 1, "phase": "vocab"}, "to": {"vocab": 32, "k": 1, "phase": "vocab"}}, {"step": 13624, "event": "level_down", "from": {"vocab": 32, "k": 1, "phase": "vocab"}, "to": {"vocab": 16, "k": 1, "phase": "vocab"}}, {"step": 13676, "event": "level_up", "from": {"vocab": 16, "k": 1, "phase": "vocab"}, "to": {"vocab": 32, "k": 1, "phase": "vocab"}}, {"step": 13706, "event": "level_down", "from": {"vocab": 32, "k": 1, "phase": "vocab"}, "to": {"vocab": 16, "k": 1, "phase": "vocab"}}, {"step": 13750, "event": "level_up", "from": {"vocab": 16, "k": 1, "phase": "vocab"}, "to": {"vocab": 32, "k": 1, "phase": "vocab"}}, {"step": 13781, "event": "level_down", "from": {"vocab": 32, "k": 1, "phase": "vocab"}, "to": {"vocab": 16, "k": 1, "phase": "vocab"}}, {"step": 13797, "event": "level_up", "from": {"vocab": 16, "k": 1, "phase": "vocab"}, "to": {"vocab": 32, "k": 1, "phase": "vocab"}}, {"step": 13827, "event": "level_down", "from": {"vocab": 32, "k": 1, "phase": "vocab"}, "to": {"vocab": 16, "k": 1, "phase": "vocab"}}, {"step": 13843, "event": "level_up", "from": {"vocab": 16, "k": 1, "phase": "vocab"}, "to": {"vocab": 32, "k": 1, "phase": "vocab"}}, {"step": 13888, "event": "level_down", "from": {"vocab": 32, "k": 1, "phase": "vocab"}, "to": {"vocab": 16, "k": 1, "phase": "vocab"}}, {"step": 13965, "event": "level_up", "from": {"vocab": 16, "k": 1, "phase": "vocab"}, "to": {"vocab": 32, "k": 1, "phase": "vocab"}}, {"step": 14000, "event": "level_down", "from": {"vocab": 32, "k": 1, "phase": "vocab"}, "to": {"vocab": 16, "k": 1, "phase": "vocab"}}, {"step": 14018, "event": "level_up", "from": {"vocab": 16, "k": 1, "phase": "vocab"}, "to": {"vocab": 32, "k": 1, "phase": "vocab"}}, {"step": 14052, "event": "level_down", "from": {"vocab": 32, "k": 1, "phase": "vocab"}, "to": {"vocab": 16, "k": 1, "phase": "vocab"}}, {"step": 14083, "event": "level_up", "from": {"vocab": 16, "k": 1, "phase": "vocab"}, "to": {"vocab": 32, "k": 1, "phase": "vocab"}}, {"step": 14114, "event": "level_down", "from": {"vocab": 32, "k": 1, "phase": "vocab"}, "to": {"vocab": 16, "k": 1, "phase": "vocab"}}, {"step": 14130, "event": "level_up", "from": {"vocab": 16, "k": 1, "phase": "vocab"}, "to": {"vocab": 32, "k": 1, "phase": "vocab"}}, {"step": 14161, "event": "level_down", "from": {"vocab": 32, "k": 1, "phase": "vocab"}, "to": {"vocab": 16, "k": 1, "phase": "vocab"}}, {"step": 14194, "event": "level_up", "from": {"vocab": 16, "k": 1, "phase": "vocab"}, "to": {"vocab": 32, "k": 1, "phase": "vocab"}}, {"step": 14224, "event": "level_down", "from": {"vocab": 32, "k": 1, "phase": "vocab"}, "to": {"vocab": 16, "k": 1, "phase": "vocab"}}, {"step": 14248, "event": "level_up", "from": {"vocab": 16, "k": 1, "phase": "vocab"}, "to": {"vocab": 32, "k": 1, "phase": "vocab"}}, {"step": 14284, "event": "level_down", "from": {"vocab": 32, "k": 1, "phase": "vocab"}, "to": {"vocab": 16, "k": 1, "phase": "vocab"}}, {"step": 14326, "event": "level_up", "from": {"vocab": 16, "k": 1, "phase": "vocab"}, "to": {"vocab": 32, "k": 1, "phase": "vocab"}}, {"step": 14376, "event": "level_down", "from": {"vocab": 32, "k": 1, "phase": "vocab"}, "to": {"vocab": 16, "k": 1, "phase": "vocab"}}, {"step": 14401, "event": "level_up", "from": {"vocab": 16, "k": 1, "phase": "vocab"}, "to": {"vocab": 32, "k": 1, "phase": "vocab"}}, {"step": 14442, "event": "level_down", "from": {"vocab": 32, "k": 1, "phase": "vocab"}, "to": {"vocab": 16, "k": 1, "phase": "vocab"}}, {"step": 14458, "event": "level_up", "from": {"vocab": 16, "k": 1, "phase": "vocab"}, "to": {"vocab": 32, "k": 1, "phase": "vocab"}}, {"step": 14498, "event": "level_down", "from": {"vocab": 32, "k": 1, "phase": "vocab"}, "to": {"vocab": 16, "k": 1, "phase": "vocab"}}, {"step": 14516, "event": "level_up", "from": {"vocab": 16, "k": 1, "phase": "vocab"}, "to": {"vocab": 32, "k": 1, "phase": "vocab"}}, {"step": 14547, "event": "level_down", "from": {"vocab": 32, "k": 1, "phase": "vocab"}, "to": {"vocab": 16, "k": 1, "phase": "vocab"}}, {"step": 14586, "event": "level_up", "from": {"vocab": 16, "k": 1, "phase": "vocab"}, "to": {"vocab": 32, "k": 1, "phase": "vocab"}}, {"step": 14618, "event": "level_down", "from": {"vocab": 32, "k": 1, "phase": "vocab"}, "to": {"vocab": 16, "k": 1, "phase": "vocab"}}, {"step": 14638, "event": "level_up", "from": {"vocab": 16, "k": 1, "phase": "vocab"}, "to": {"vocab": 32, "k": 1, "phase": "vocab"}}, {"step": 14668, "event": "level_down", "from": {"vocab": 32, "k": 1, "phase": "vocab"}, "to": {"vocab": 16, "k": 1, "phase": "vocab"}}, {"step": 14687, "event": "level_up", "from": {"vocab": 16, "k": 1, "phase": "vocab"}, "to": {"vocab": 32, "k": 1, "phase": "vocab"}}, {"step": 14727, "event": "level_down", "from": {"vocab": 32, "k": 1, "phase": "vocab"}, "to": {"vocab": 16, "k": 1, "phase": "vocab"}}, {"step": 14771, "event": "level_up", "from": {"vocab": 16, "k": 1, "phase": "vocab"}, "to": {"vocab": 32, "k": 1, "phase": "vocab"}}, {"step": 14825, "event": "level_down", "from": {"vocab": 32, "k": 1, "phase": "vocab"}, "to": {"vocab": 16, "k": 1, "phase": "vocab"}}, {"step": 14889, "event": "level_up", "from": {"vocab": 16, "k": 1, "phase": "vocab"}, "to": {"vocab": 32, "k": 1, "phase": "vocab"}}, {"step": 14919, "event": "level_down", "from": {"vocab": 32, "k": 1, "phase": "vocab"}, "to": {"vocab": 16, "k": 1, "phase": "vocab"}}, {"step": 15042, "event": "level_up", "from": {"vocab": 16, "k": 1, "phase": "vocab"}, "to": {"vocab": 32, "k": 1, "phase": "vocab"}}, {"step": 15073, "event": "level_down", "from": {"vocab": 32, "k": 1, "phase": "vocab"}, "to": {"vocab": 16, "k": 1, "phase": "vocab"}}, {"step": 15093, "event": "level_up", "from": {"vocab": 16, "k": 1, "phase": "vocab"}, "to": {"vocab": 32, "k": 1, "phase": "vocab"}}, {"step": 15127, "event": "level_down", "from": {"vocab": 32, "k": 1, "phase": "vocab"}, "to": {"vocab": 16, "k": 1, "phase": "vocab"}}, {"step": 15210, "event": "level_up", "from": {"vocab": 16, "k": 1, "phase": "vocab"}, "to": {"vocab": 32, "k": 1, "phase": "vocab"}}, {"step": 15243, "event": "level_down", "from": {"vocab": 32, "k": 1, "phase": "vocab"}, "to": {"vocab": 16, "k": 1, "phase": "vocab"}}, {"step": 15260, "event": "level_up", "from": {"vocab": 16, "k": 1, "phase": "vocab"}, "to": {"vocab": 32, "k": 1, "phase": "vocab"}}, {"step": 15293, "event": "level_down", "from": {"vocab": 32, "k": 1, "phase": "vocab"}, "to": {"vocab": 16, "k": 1, "phase": "vocab"}}, {"step": 15342, "event": "level_up", "from": {"vocab": 16, "k": 1, "phase": "vocab"}, "to": {"vocab": 32, "k": 1, "phase": "vocab"}}, {"step": 15372, "event": "level_down", "from": {"vocab": 32, "k": 1, "phase": "vocab"}, "to": {"vocab": 16, "k": 1, "phase": "vocab"}}, {"step": 15386, "event": "level_up", "from": {"vocab": 16, "k": 1, "phase": "vocab"}, "to": {"vocab": 32, "k": 1, "phase": "vocab"}}, {"step": 15418, "event": "level_down", "from": {"vocab": 32, "k": 1, "phase": "vocab"}, "to": {"vocab": 16, "k": 1, "phase": "vocab"}}, {"step": 15457, "event": "level_up", "from": {"vocab": 16, "k": 1, "phase": "vocab"}, "to": {"vocab": 32, "k": 1, "phase": "vocab"}}, {"step": 15505, "event": "level_down", "from": {"vocab": 32, "k": 1, "phase": "vocab"}, "to": {"vocab": 16, "k": 1, "phase": "vocab"}}, {"step": 15536, "event": "level_up", "from": {"vocab": 16, "k": 1, "phase": "vocab"}, "to": {"vocab": 32, "k": 1, "phase": "vocab"}}, {"step": 15579, "event": "level_down", "from": {"vocab": 32, "k": 1, "phase": "vocab"}, "to": {"vocab": 16, "k": 1, "phase": "vocab"}}, {"step": 15632, "event": "level_up", "from": {"vocab": 16, "k": 1, "phase": "vocab"}, "to": {"vocab": 32, "k": 1, "phase": "vocab"}}, {"step": 15674, "event": "level_down", "from": {"vocab": 32, "k": 1, "phase": "vocab"}, "to": {"vocab": 16, "k": 1, "phase": "vocab"}}, {"step": 15722, "event": "level_up", "from": {"vocab": 16, "k": 1, "phase": "vocab"}, "to": {"vocab": 32, "k": 1, "phase": "vocab"}}, {"step": 15756, "event": "level_down", "from": {"vocab": 32, "k": 1, "phase": "vocab"}, "to": {"vocab": 16, "k": 1, "phase": "vocab"}}, {"step": 15810, "event": "level_up", "from": {"vocab": 16, "k": 1, "phase": "vocab"}, "to": {"vocab": 32, "k": 1, "phase": "vocab"}}, {"step": 15886, "event": "level_down", "from": {"vocab": 32, "k": 1, "phase": "vocab"}, "to": {"vocab": 16, "k": 1, "phase": "vocab"}}, {"step": 15941, "event": "level_up", "from": {"vocab": 16, "k": 1, "phase": "vocab"}, "to": {"vocab": 32, "k": 1, "phase": "vocab"}}, {"step": 15996, "event": "level_down", "from": {"vocab": 32, "k": 1, "phase": "vocab"}, "to": {"vocab": 16, "k": 1, "phase": "vocab"}}, {"step": 16035, "event": "level_up", "from": {"vocab": 16, "k": 1, "phase": "vocab"}, "to": {"vocab": 32, "k": 1, "phase": "vocab"}}, {"step": 16091, "event": "level_down", "from": {"vocab": 32, "k": 1, "phase": "vocab"}, "to": {"vocab": 16, "k": 1, "phase": "vocab"}}, {"step": 16112, "event": "level_up", "from": {"vocab": 16, "k": 1, "phase": "vocab"}, "to": {"vocab": 32, "k": 1, "phase": "vocab"}}, {"step": 16179, "event": "level_down", "from": {"vocab": 32, "k": 1, "phase": "vocab"}, "to": {"vocab": 16, "k": 1, "phase": "vocab"}}, {"step": 16206, "event": "level_up", "from": {"vocab": 16, "k": 1, "phase": "vocab"}, "to": {"vocab": 32, "k": 1, "phase": "vocab"}}, {"step": 16269, "event": "level_down", "from": {"vocab": 32, "k": 1, "phase": "vocab"}, "to": {"vocab": 16, "k": 1, "phase": "vocab"}}, {"step": 16300, "event": "level_up", "from": {"vocab": 16, "k": 1, "phase": "vocab"}, "to": {"vocab": 32, "k": 1, "phase": "vocab"}}, {"step": 16348, "event": "level_down", "from": {"vocab": 32, "k": 1, "phase": "vocab"}, "to": {"vocab": 16, "k": 1, "phase": "vocab"}}, {"step": 16380, "event": "level_up", "from": {"vocab": 16, "k": 1, "phase": "vocab"}, "to": {"vocab": 32, "k": 1, "phase": "vocab"}}, {"step": 16415, "event": "level_down", "from": {"vocab": 32, "k": 1, "phase": "vocab"}, "to": {"vocab": 16, "k": 1, "phase": "vocab"}}, {"step": 16445, "event": "level_up", "from": {"vocab": 16, "k": 1, "phase": "vocab"}, "to": {"vocab": 32, "k": 1, "phase": "vocab"}}, {"step": 16488, "event": "level_down", "from": {"vocab": 32, "k": 1, "phase": "vocab"}, "to": {"vocab": 16, "k": 1, "phase": "vocab"}}, {"step": 16521, "event": "level_up", "from": {"vocab": 16, "k": 1, "phase": "vocab"}, "to": {"vocab": 32, "k": 1, "phase": "vocab"}}, {"step": 16639, "event": "level_down", "from": {"vocab": 32, "k": 1, "phase": "vocab"}, "to": {"vocab": 16, "k": 1, "phase": "vocab"}}, {"step": 16652, "event": "level_up", "from": {"vocab": 16, "k": 1, "phase": "vocab"}, "to": {"vocab": 32, "k": 1, "phase": "vocab"}}, {"step": 16806, "event": "level_up", "from": {"vocab": 32, "k": 1, "phase": "vocab"}, "to": {"vocab": 64, "k": 1, "phase": "vocab"}}, {"step": 16836, "event": "level_down", "from": {"vocab": 64, "k": 1, "phase": "vocab"}, "to": {"vocab": 32, "k": 1, "phase": "vocab"}}, {"step": 17250, "event": "level_up", "from": {"vocab": 32, "k": 1, "phase": "vocab"}, "to": {"vocab": 64, "k": 1, "phase": "vocab"}}, {"step": 17280, "event": "level_down", "from": {"vocab": 64, "k": 1, "phase": "vocab"}, "to": {"vocab": 32, "k": 1, "phase": "vocab"}}, {"step": 17382, "event": "level_up", "from": {"vocab": 32, "k": 1, "phase": "vocab"}, "to": {"vocab": 64, "k": 1, "phase": "vocab"}}, {"step": 17416, "event": "level_down", "from": {"vocab": 64, "k": 1, "phase": "vocab"}, "to": {"vocab": 32, "k": 1, "phase": "vocab"}}, {"step": 17433, "event": "level_up", "from": {"vocab": 32, "k": 1, "phase": "vocab"}, "to": {"vocab": 64, "k": 1, "phase": "vocab"}}, {"step": 17463, "event": "level_down", "from": {"vocab": 64, "k": 1, "phase": "vocab"}, "to": {"vocab": 32, "k": 1, "phase": "vocab"}}, {"step": 17593, "event": "level_up", "from": {"vocab": 32, "k": 1, "phase": "vocab"}, "to": {"vocab": 64, "k": 1, "phase": "vocab"}}, {"step": 17623, "event": "level_down", "from": {"vocab": 64, "k": 1, "phase": "vocab"}, "to": {"vocab": 32, "k": 1, "phase": "vocab"}}, {"step": 17720, "event": "level_up", "from": {"vocab": 32, "k": 1, "phase": "vocab"}, "to": {"vocab": 64, "k": 1, "phase": "vocab"}}, {"step": 17753, "event": "level_down", "from": {"vocab": 64, "k": 1, "phase": "vocab"}, "to": {"vocab": 32, "k": 1, "phase": "vocab"}}, {"step": 17872, "event": "level_up", "from": {"vocab": 32, "k": 1, "phase": "vocab"}, "to": {"vocab": 64, "k": 1, "phase": "vocab"}}, {"step": 17902, "event": "level_down", "from": {"vocab": 64, "k": 1, "phase": "vocab"}, "to": {"vocab": 32, "k": 1, "phase": "vocab"}}, {"step": 17975, "event": "level_up", "from": {"vocab": 32, "k": 1, "phase": "vocab"}, "to": {"vocab": 64, "k": 1, "phase": "vocab"}}, {"step": 18005, "event": "level_down", "from": {"vocab": 64, "k": 1, "phase": "vocab"}, "to": {"vocab": 32, "k": 1, "phase": "vocab"}}, {"step": 18059, "event": "level_up", "from": {"vocab": 32, "k": 1, "phase": "vocab"}, "to": {"vocab": 64, "k": 1, "phase": "vocab"}}, {"step": 18089, "event": "level_down", "from": {"vocab": 64, "k": 1, "phase": "vocab"}, "to": {"vocab": 32, "k": 1, "phase": "vocab"}}, {"step": 18142, "event": "level_up", "from": {"vocab": 32, "k": 1, "phase": "vocab"}, "to": {"vocab": 64, "k": 1, "phase": "vocab"}}, {"step": 18172, "event": "level_down", "from": {"vocab": 64, "k": 1, "phase": "vocab"}, "to": {"vocab": 32, "k": 1, "phase": "vocab"}}, {"step": 18300, "event": "level_up", "from": {"vocab": 32, "k": 1, "phase": "vocab"}, "to": {"vocab": 64, "k": 1, "phase": "vocab"}}, {"step": 18330, "event": "level_down", "from": {"vocab": 64, "k": 1, "phase": "vocab"}, "to": {"vocab": 32, "k": 1, "phase": "vocab"}}, {"step": 18372, "event": "level_up", "from": {"vocab": 32, "k": 1, "phase": "vocab"}, "to": {"vocab": 64, "k": 1, "phase": "vocab"}}, {"step": 18402, "event": "level_down", "from": {"vocab": 64, "k": 1, "phase": "vocab"}, "to": {"vocab": 32, "k": 1, "phase": "vocab"}}, {"step": 18428, "event": "level_up", "from": {"vocab": 32, "k": 1, "phase": "vocab"}, "to": {"vocab": 64, "k": 1, "phase": "vocab"}}, {"step": 18461, "event": "level_down", "from": {"vocab": 64, "k": 1, "phase": "vocab"}, "to": {"vocab": 32, "k": 1, "phase": "vocab"}}, {"step": 18496, "event": "level_up", "from": {"vocab": 32, "k": 1, "phase": "vocab"}, "to": {"vocab": 64, "k": 1, "phase": "vocab"}}, {"step": 18535, "event": "level_down", "from": {"vocab": 64, "k": 1, "phase": "vocab"}, "to": {"vocab": 32, "k": 1, "phase": "vocab"}}, {"step": 18583, "event": "level_up", "from": {"vocab": 32, "k": 1, "phase": "vocab"}, "to": {"vocab": 64, "k": 1, "phase": "vocab"}}, {"step": 18615, "event": "level_down", "from": {"vocab": 64, "k": 1, "phase": "vocab"}, "to": {"vocab": 32, "k": 1, "phase": "vocab"}}, {"step": 18664, "event": "level_up", "from": {"vocab": 32, "k": 1, "phase": "vocab"}, "to": {"vocab": 64, "k": 1, "phase": "vocab"}}, {"step": 18718, "event": "level_down", "from": {"vocab": 64, "k": 1, "phase": "vocab"}, "to": {"vocab": 32, "k": 1, "phase": "vocab"}}, {"step": 18749, "event": "level_up", "from": {"vocab": 32, "k": 1, "phase": "vocab"}, "to": {"vocab": 64, "k": 1, "phase": "vocab"}}, {"step": 18784, "event": "level_down", "from": {"vocab": 64, "k": 1, "phase": "vocab"}, "to": {"vocab": 32, "k": 1, "phase": "vocab"}}, {"step": 18834, "event": "level_up", "from": {"vocab": 32, "k": 1, "phase": "vocab"}, "to": {"vocab": 64, "k": 1, "phase": "vocab"}}, {"step": 18864, "event": "level_down", "from": {"vocab": 64, "k": 1, "phase": "vocab"}, "to": {"vocab": 32, "k": 1, "phase": "vocab"}}, {"step": 18932, "event": "level_up", "from": {"vocab": 32, "k": 1, "phase": "vocab"}, "to": {"vocab": 64, "k": 1, "phase": "vocab"}}, {"step": 18963, "event": "level_down", "from": {"vocab": 64, "k": 1, "phase": "vocab"}, "to": {"vocab": 32, "k": 1, "phase": "vocab"}}, {"step": 19019, "event": "level_up", "from": {"vocab": 32, "k": 1, "phase": "vocab"}, "to": {"vocab": 64, "k": 1, "phase": "vocab"}}, {"step": 19052, "event": "level_down", "from": {"vocab": 64, "k": 1, "phase": "vocab"}, "to": {"vocab": 32, "k": 1, "phase": "vocab"}}, {"step": 19124, "event": "level_up", "from": {"vocab": 32, "k": 1, "phase": "vocab"}, "to": {"vocab": 64, "k": 1, "phase": "vocab"}}, {"step": 19154, "event": "level_down", "from": {"vocab": 64, "k": 1, "phase": "vocab"}, "to": {"vocab": 32, "k": 1, "phase": "vocab"}}, {"step": 19193, "event": "level_up", "from": {"vocab": 32, "k": 1, "phase": "vocab"}, "to": {"vocab": 64, "k": 1, "phase": "vocab"}}, {"step": 19227, "event": "level_down", "from": {"vocab": 64, "k": 1, "phase": "vocab"}, "to": {"vocab": 32, "k": 1, "phase": "vocab"}}, {"step": 19281, "event": "level_down", "from": {"vocab": 32, "k": 1, "phase": "vocab"}, "to": {"vocab": 16, "k": 1, "phase": "vocab"}}, {"step": 19311, "event": "level_down", "from": {"vocab": 16, "k": 1, "phase": "vocab"}, "to": {"vocab": 8, "k": 1, "phase": "vocab"}}, {"step": 19431, "event": "level_up", "from": {"vocab": 8, "k": 1, "phase": "vocab"}, "to": {"vocab": 16, "k": 1, "phase": "vocab"}}, {"step": 19461, "event": "level_down", "from": {"vocab": 16, "k": 1, "phase": "vocab"}, "to": {"vocab": 8, "k": 1, "phase": "vocab"}}, {"step": 19488, "event": "level_up", "from": {"vocab": 8, "k": 1, "phase": "vocab"}, "to": {"vocab": 16, "k": 1, "phase": "vocab"}}, {"step": 19590, "event": "level_down", "from": {"vocab": 16, "k": 1, "phase": "vocab"}, "to": {"vocab": 8, "k": 1, "phase": "vocab"}}, {"step": 19636, "event": "level_up", "from": {"vocab": 8, "k": 1, "phase": "vocab"}, "to": {"vocab": 16, "k": 1, "phase": "vocab"}}, {"step": 19787, "event": "level_up", "from": {"vocab": 16, "k": 1, "phase": "vocab"}, "to": {"vocab": 32, "k": 1, "phase": "vocab"}}, {"step": 19817, "event": "level_down", "from": {"vocab": 32, "k": 1, "phase": "vocab"}, "to": {"vocab": 16, "k": 1, "phase": "vocab"}}, {"step": 19894, "event": "level_down", "from": {"vocab": 16, "k": 1, "phase": "vocab"}, "to": {"vocab": 8, "k": 1, "phase": "vocab"}}, {"step": 19912, "event": "level_up", "from": {"vocab": 8, "k": 1, "phase": "vocab"}, "to": {"vocab": 16, "k": 1, "phase": "vocab"}}]
